video,set,frame,closed,lid_rel,open_rel,min_conf,centre_off,aspect,untrusted,opening
0 (mouse A),test50,14414,False,0.9967746842968104,0.9920011421719728,0.8596851229667664,0.030767726752844057,0.8526545623087003,0.0,285.83184814453125
0 (mouse A),test50,14487,False,0.9767715593651203,0.9795549204506983,0.7654915452003479,0.040645583597571235,0.8887173457968865,0.0,282.2456359863281
0 (mouse A),test50,14560,False,1.0501435244703472,1.066352152780753,0.7836514711380005,0.035391684623995834,0.9342213954530694,0.0,307.2550964355469
0 (mouse A),test50,14634,False,1.0271599606280173,1.049384162881095,0.7138687372207642,0.0347772376039476,0.932510162196463,0.0,302.3659973144531
0 (mouse A),test50,14707,False,0.9733763826509554,1.00071592279769,0.8385534286499023,0.036352660927821225,0.9118395935115301,0.0,288.3428955078125
0 (mouse A),test50,14781,False,1.0348639213456652,1.0596190151086242,0.7234944105148315,0.03447802683950506,0.8848157570018813,0.0,305.3150329589844
0 (mouse A),test50,14854,False,0.9789343059343788,1.0154883243260018,0.8813229203224182,0.033180250811344715,0.8665075572416742,0.0,292.599365234375
0 (mouse A),test50,14928,False,1.0092740611136926,1.0593958552100025,0.7578131556510925,0.04091172120356469,0.877933760300209,0.0,305.250732421875
0 (mouse A),test50,15001,False,0.9993852788015204,1.0571567363600927,0.7282074093818665,0.03295922681483172,0.8892721752623268,0.0,304.6055603027344
0 (mouse A),test50,15075,False,1.0123583824217885,1.1155982573192502,0.7596523761749268,0.020300921551513692,0.9080812560550141,0.0,321.4447021484375
0 (mouse A),test50,15148,False,1.0163139680148552,1.147432064518736,0.6011734008789062,0.01586381084398286,0.9396464473485427,0.0,330.6171875
0 (mouse A),test50,15221,False,1.0171855110735055,1.1580265992406737,0.5963066816329956,0.016772136372092433,0.9774299456029464,0.0,333.66986083984375
0 (mouse A),test50,15295,False,0.9912737067819476,1.1332837057634089,0.6307352185249329,0.03912056337042958,0.9796310004865828,0.0,326.54052734375
0 (mouse A),test50,15368,False,1.000541958599967,1.1421102252087967,0.6176924705505371,0.03844697393662586,1.0151293799258607,1.0,329.0837707519531
0 (mouse A),test50,15442,False,1.0034454701825462,1.1408341784795164,0.6723008155822754,0.02806686225477332,0.9726761120959435,0.0,328.7160949707031
0 (mouse A),test50,15515,False,1.0042877490599844,1.1342541918341589,0.6641018986701965,0.010906591618082167,0.9578525635129328,0.0,326.8201599121094
0 (mouse A),test50,15589,False,0.9519237328833,1.049303880392649,0.8405436277389526,0.02166181531682699,0.9021053163023174,1.0,302.3428649902344
0 (mouse A),test50,15662,False,1.0049729801138592,1.0957742020060983,0.7318453788757324,0.012882499390989755,0.9353080735337792,0.0,315.732666015625
0 (mouse A),test50,15809,False,0.9822903099832841,1.0573805317401532,0.676334798336029,0.04012057760706143,0.8720135280706887,0.0,304.6700439453125
0 (mouse A),test50,15882,False,0.9573001876404514,1.0294433908103346,0.6887816190719604,0.03410013209522711,0.8864432130670847,1.0,296.6203308105469
0 (mouse A),test50,15956,False,1.0429945826499354,1.116489625950859,0.7619367837905884,0.016132579916292026,0.9344237763326673,0.0,321.7015380859375
0 (mouse A),test50,16029,False,0.9728040201005025,1.0405575375221339,0.6215965151786804,0.03928718092209339,0.8693456638768995,0.0,299.8227233886719
0 (mouse A),test50,16103,False,1.010023860148276,1.0623928915893555,0.6584749221801758,0.03645020934062739,0.8875295561857018,0.0,306.1142883300781
0 (mouse A),test50,16176,False,1.0233156034980455,1.0608755737404454,0.8018264770507812,0.03615791085857625,0.8906632766739416,0.0,305.6770935058594
0 (mouse A),test50,16250,False,0.8680597717509925,0.8890580210970306,0.585144579410553,0.02926077657510114,0.900937763769051,1.0,256.170166015625
0 (mouse A),test50,16323,False,0.8064071809886028,0.8106645012283591,0.3664702773094177,0.21607790534876212,0.8780381962051974,1.0,233.58212280273438
0 (mouse A),test50,16397,False,1.0814835468981259,1.0434311845887703,0.748322606086731,0.03614300839101268,0.8859420228474646,0.0,300.6507263183594
0 (mouse A),test50,16470,False,0.924115789684069,0.8667888450341971,0.7247958779335022,0.043167147580996094,0.8454150743881117,1.0,249.75360107421875
0 (mouse A),test50,16544,False,1.0055289119018471,0.9428764145883025,0.9005263447761536,0.046264750217454874,0.830693726338112,0.0,271.6772155761719
0 (mouse A),test50,16617,False,0.9851013737616693,0.9250834638673991,0.7655521035194397,0.03769926567126018,0.87860512394606,1.0,266.5504150390625
0 (mouse A),test50,16690,False,1.0107828799130194,0.9650452904973654,0.8750925660133362,0.045810368350168953,0.8529420485042007,0.0,278.06488037109375
0 (mouse A),test50,16764,False,0.9942149061785136,0.9598786145720872,0.8828115463256836,0.040056028197703174,0.8495988809412863,0.0,276.576171875
0 (mouse A),test50,16837,False,1.0430727364919246,1.0061537374702256,0.826396644115448,0.03523849588021362,0.856468512554199,0.0,289.90972900390625
0 (mouse A),test50,16911,False,0.9523714651048535,0.9072671062468302,0.8437146544456482,0.032917389739531976,0.8077672119563098,1.0,261.4168701171875
0 (mouse A),test50,16984,False,0.9798449119423275,0.933439409307293,0.8998642563819885,0.03455096875315586,0.8229274926585363,0.0,268.95806884765625
0 (mouse A),test50,17058,False,1.0220080185928042,0.9647737280958153,0.8873734474182129,0.02749409597883368,0.8609044244818351,0.0,277.98663330078125
0 (mouse A),test50,17131,False,1.0199327144595471,0.9628146447333072,0.889702320098877,0.028704509848923303,0.8702925738918714,0.0,277.4221496582031
0 (mouse A),test50,17205,False,0.7661600050240277,0.7119683026094827,0.28683409094810486,0.06649688310531236,0.792478175339425,1.0,205.14413452148438
0 (mouse A),test50,17278,False,0.9867392041158629,0.9019159288771292,0.8010724782943726,0.039335462052763295,0.8318150032771305,0.0,259.875
0 (mouse A),test50,17351,False,1.0267021107184817,0.9365319797296249,0.847641110420227,0.03389602257416713,0.8548188715674339,0.0,269.8491516113281
0 (mouse A),test50,17425,False,1.0598624136202206,0.9684726537244164,0.8922939896583557,0.025578889958073857,0.8513136247294016,0.0,279.05242919921875
0 (mouse A),test50,17498,False,0.9173660451292548,0.8334778612300241,0.7513301372528076,0.0326015359144423,0.8062515253967004,1.0,240.15548706054688
0 (mouse A),test50,17572,False,1.0233121630041184,0.9133540652091865,0.8159940838813782,0.025647272309704268,0.8457958810982368,0.0,263.1707458496094
0 (mouse A),test50,17645,False,1.0022851946163105,0.8936751114912467,0.8431715369224548,0.02881677356142539,0.8445132253464462,0.0,257.5005187988281
0 (mouse A),test50,17719,False,0.9917982653285605,0.8875825391095137,0.834102213382721,0.03429593644106485,0.841511336061188,0.0,255.74502563476562
0 (mouse A),test50,17792,False,1.018701372599146,0.9439106606300872,0.9335830807685852,0.030057569188426142,0.8744730264109951,0.0,271.9752197265625
0 (mouse A),test50,17866,False,1.0152068462532895,0.9430681181556995,0.9683196544647217,0.02913798899479249,0.8700139200083371,0.0,271.7324523925781
0 (mouse A),test50,17939,False,0.9971651849597282,0.9299422490355378,0.8803990483283997,0.02726711893698324,0.869663706795104,0.0,267.9504089355469
0 (mouse A),test50,18013,False,0.9938319252660602,0.9230642215953433,0.8456233143806458,0.03167387505523792,0.8607536286407974,0.0,265.9685974121094
0 (mouse A),val20,10694,False,1.019012662664911,1.0234568379153222,0.7453880310058594,0.026019511516697666,0.9092558356658514,0.0,294.8953857421875
0 (mouse A),val20,10883,False,1.0012002760238725,1.0038419619091365,0.850191056728363,0.03210404234126575,0.8923985759118643,0.0,289.2436218261719
0 (mouse A),val20,11072,False,1.0387045645084254,1.0984616530111415,0.8226901292800903,0.010148932519719272,0.9193811067635551,0.0,316.50701904296875
0 (mouse A),val20,11262,False,1.0152876917133609,1.0627583993302874,0.82350093126297,0.03447875515121084,0.8597627764707139,0.0,306.2196044921875
0 (mouse A),val20,11451,False,0.987657256098065,1.0124300699013695,0.8618799448013306,0.04373108820652942,0.8427248475475071,0.0,291.7181701660156
0 (mouse A),val20,11641,False,0.9959423080376849,0.8927550402813149,0.9289231300354004,0.03665298313131266,0.8243663543373624,0.0,257.23541259765625
0 (mouse A),val20,11830,False,0.9402519708144113,0.8640709968336607,0.7468246817588806,0.03748124870073167,0.8136776623611637,1.0,248.97048950195312
0 (mouse A),val20,12019,False,1.0073018877901396,0.9543382755607448,0.8840842247009277,0.02253439712962459,0.8682291337599195,0.0,274.97979736328125
0 (mouse A),val20,12209,False,1.0022333896944218,0.9571092923750012,0.8731056451797485,0.01794513951975351,0.8637114048646587,0.0,275.7782287597656
0 (mouse A),val20,12398,False,1.010589970994366,0.9832963174221314,0.7770686149597168,0.032600260964678385,0.8949005392155923,0.0,283.32366943359375
0 (mouse A),val20,12588,False,1.0026160884420336,0.9627058714936848,0.7231127023696899,0.027769877311528524,0.8682687680743622,0.0,277.39080810546875
0 (mouse A),val20,12777,False,1.01260842572696,0.9603256757643425,0.8411668539047241,0.03443175861412645,0.867608138762087,0.0,276.7049865722656
0 (mouse A),val20,12967,False,0.9948285571197061,0.9569622843354726,0.8884838223457336,0.040726225297012475,0.8481111683675064,0.0,275.7358703613281
0 (mouse A),val20,13156,False,1.0239730632468964,0.9956621507413871,0.9360260963439941,0.015006422957312766,0.8691914293140335,0.0,286.88671875
0 (mouse A),val20,13345,False,1.0111548006658653,0.9893337088322547,0.9459791779518127,0.026543661800708558,0.8788424067083531,0.0,285.0632629394531
0 (mouse A),val20,13535,False,1.025105476052164,1.025523317641002,0.8110963106155396,0.024572124689607167,0.8648183265381242,0.0,295.4908142089844
0 (mouse A),val20,13724,False,0.994611031509736,1.010253016405324,0.8875853419303894,0.029473361140851397,0.8564841149326489,0.0,291.09088134765625
0 (mouse A),val20,13914,False,0.9755916642817495,0.9668870216208261,0.8934252262115479,0.04343696548100665,0.8361440686794621,0.0,278.5955505371094
0 (mouse A),val20,14103,False,1.0079272232835101,0.9829714804932882,0.7767437100410461,0.032459088029901044,0.8469743422413696,0.0,283.2300720214844
0 (mouse A),val20,14293,False,1.0108691559777134,0.9967104832884004,0.8694806694984436,0.03487226512327018,0.8461541239833561,0.0,287.18878173828125
0 (mouse A),batch02,140,False,1.0374605388443718,1.0481778088037543,0.613433837890625,0.025206263152736632,0.9682885331692083,1.0,306.09307861328125
0 (mouse A),batch02,502,False,1.0072632977944544,0.9758828012311577,0.7670772075653076,0.020106326896495615,0.9226376495945334,0.0,284.981201171875
0 (mouse A),batch02,611,False,1.0500717898886713,1.0965626916172648,0.7456997036933899,0.006560845915126818,0.9654090747787379,0.0,320.2226257324219
0 (mouse A),batch02,1104,False,0.9678820640151874,0.9707513578291663,0.8016353845596313,0.030917528850001125,0.8959617552786233,1.0,283.4826965332031
0 (mouse A),batch02,1950,False,0.9860089670056148,0.9504936361187653,0.6907608509063721,0.017830526511510247,0.8712610944260806,0.0,277.56695556640625
0 (mouse A),batch02,2109,False,0.9039324138561164,0.8725925295033438,0.6987642049789429,0.0455724062745453,0.8144844576818638,1.0,254.81796264648438
0 (mouse A),batch02,3161,False,0.8357618102722334,0.8508509602711034,0.5672904849052429,0.03340087156258124,0.7925806920754229,1.0,248.46890258789062
0 (mouse A),batch02,4742,False,1.0003401628681636,0.9892664809462389,0.7603206634521484,0.04334210379299008,0.8619758554670958,0.0,288.8895568847656
0 (mouse A),batch02,4855,False,0.9896618955276683,0.9837318624094312,0.6638529300689697,0.03403047428190118,0.8695496641682631,0.0,287.2733154296875
0 (mouse A),batch02,5073,False,0.8887042685812055,0.9053184788342198,0.7909367084503174,0.04300209040784358,0.8247266936920717,1.0,264.3747253417969
0 (mouse A),batch02,5180,False,1.003914108234583,1.01785826533846,0.6314184665679932,0.05710581222746374,0.9133349433764119,0.0,297.2390441894531
0 (mouse A),batch02,5532,False,0.9538019976798577,0.936938047876786,0.5206079483032227,0.08548842804334883,0.690069012952409,1.0,273.6083984375
0 (mouse A),batch02,5824,False,0.7102816989928288,0.6318543365232205,0.326227068901062,0.12286815694938985,0.8501738659183987,1.0,184.51663208007812
0 (mouse A),batch02,6764,False,0.9889629459997965,1.0824567870818842,0.7909916043281555,0.0031617842947626543,0.9020614928469869,0.0,316.1033630371094
0 (mouse A),batch02,8197,False,0.9734241924347768,1.039307851334133,0.7280817627906799,0.024597577057460483,0.8715116432185988,1.0,303.5028381347656
0 (mouse A),batch02,9139,False,1.8923122487899517,2.1022529683612547,0.3210153877735138,0.007831102447113254,0.9791636736181629,1.0,613.9083251953125
0 (mouse A),batch02,9210,False,1.0081652201228861,1.1207084721381475,0.25602254271507263,0.025921638028962173,0.9927632304646604,1.0,327.2737731933594
0 (mouse A),batch02,9324,False,0.9972795397780301,1.103504033972051,0.45917943120002747,0.006462831029109567,0.9623853146538774,1.0,322.2496643066406
0 (mouse A),batch02,9796,False,0.9988288441351352,0.9722387584755737,0.7624459862709045,0.032791052842334086,0.8543483300666287,0.0,283.91705322265625
0 (mouse A),batch03,775,False,1.0438757867100652,1.0756496597560692,0.7136587500572205,0.022767729091988872,0.9662883718942947,0.0,312.0572814941406
0 (mouse A),batch03,837,False,0.789729761603926,0.8044336509476332,0.5471270680427551,0.04659252875968267,0.8528255026902755,1.0,233.37466430664062
0 (mouse A),batch03,904,False,1.0044777521236095,1.0136326366983555,0.5561816096305847,0.021201852257808008,0.9104133865177103,0.0,294.06549072265625
0 (mouse A),batch03,1236,False,1.0229691895850774,1.0415732487624183,0.8668773770332336,0.023599273030022263,0.9169179969773275,1.0,302.1713562011719
0 (mouse A),batch03,1637,False,0.9802571730494452,0.9208169094283011,0.7940868139266968,0.05045004310883385,0.8782269017513437,0.0,267.138671875
0 (mouse A),batch03,2517,False,1.0597473653886909,1.0804377267532415,0.41730713844299316,0.010300307460764624,0.8801690949176885,1.0,313.44635009765625
0 (mouse A),batch03,2633,False,0.9230985980945141,0.9549230900236437,0.6304881572723389,0.06197354946817734,0.9109156114350717,1.0,277.0332336425781
0 (mouse A),batch03,2737,False,0.944898073851897,0.9473094354962948,0.6432831883430481,0.06133712794644893,0.904448335783539,1.0,274.8244323730469
0 (mouse A),batch03,2985,False,0.9306614893622573,0.9378995063453169,0.8511737585067749,0.027128385621549143,0.8629286165251302,1.0,272.0945129394531
0 (mouse A),batch03,3917,False,1.0104353219260578,1.0493421680674948,0.8219267725944519,0.023995079027169734,0.8833018881117366,0.0,304.4252014160156
0 (mouse A),batch03,4060,False,1.034105010560226,1.072176188915578,0.7968173027038574,0.03619983265082362,0.9349827539404902,0.0,311.0495910644531
0 (mouse A),batch03,4915,False,0.9299675713007715,0.9189921275182467,0.729981005191803,0.045821953217724525,0.8323427189539306,1.0,266.6092834472656
0 (mouse A),batch03,5345,False,1.0108304431245463,1.0163835372419558,0.868419349193573,0.03728933131984038,0.8904159697992243,0.0,294.8635559082031
0 (mouse A),batch03,5466,False,1.0145871064419323,1.0041352922152018,0.8305690884590149,0.034547311767762455,0.8690680152770976,0.0,291.3102111816406
0 (mouse A),batch03,6131,False,0.9880872256350764,0.8924613112205153,0.7966570854187012,0.02961343517020992,0.8286880972994346,0.0,258.91241455078125
0 (mouse A),batch03,6556,False,1.0330260055420402,1.0084471507782462,0.7802177667617798,0.022632243709055474,0.8720225260197682,0.0,292.5611267089844
0 (mouse A),batch03,6872,False,0.8910222216351397,0.9650111980513219,0.88176029920578,0.0545293075652719,0.8521958128438316,1.0,279.95989990234375
0 (mouse A),batch03,7306,False,0.834982605861617,0.8500072293847217,0.7466780543327332,0.043214426361280485,0.8483963758177702,1.0,246.59603881835938
0 (mouse A),batch03,8579,False,0.9855167191080457,0.9884477640530798,0.8213565349578857,0.028051745814782227,0.8459268980981499,0.0,286.75909423828125
0 (mouse A),batch03,8847,False,0.9734959296489982,1.0128027696038482,0.7888469099998474,0.03669235746934497,0.8678559340796878,0.0,293.8247375488281
0 (mouse A),batch04,697,False,0.8992002898452663,0.9659911768795195,0.8294021487236023,0.01949635694703633,0.8781179748110495,1.0,279.02935791015625
0 (mouse A),batch04,1721,False,0.9932558031520382,0.9285937058247048,0.8530116677284241,0.038446480865769496,0.8737515884235184,0.0,268.22698974609375
0 (mouse A),batch04,2230,False,0.9987019922444171,0.9750619431403598,0.82303386926651,0.02075685235430185,0.8969641746403854,0.0,281.64947509765625
0 (mouse A),batch04,2811,False,0.9840730462317056,0.994679313505612,0.6986384391784668,0.03262199823714528,0.9007388823637419,0.0,287.3160095214844
0 (mouse A),batch04,2874,False,1.0052804288316253,1.0054221113873532,0.8171737790107727,0.030306506405056628,0.8934270708988711,0.0,290.4190979003906
0 (mouse A),batch04,3052,False,0.9656414544556399,0.9777037446493086,0.850045382976532,0.022388211321068285,0.8479174894842042,1.0,282.4125671386719
0 (mouse A),batch04,3406,False,1.0063167590560675,1.0127385439526886,0.8990623354911804,0.02917155787625544,0.8597651454072719,0.0,292.532470703125
0 (mouse A),batch04,3602,False,1.00005234346577,1.060733542860258,0.8718493580818176,0.012357209455847345,0.8794877849462408,0.0,306.3959655761719
0 (mouse A),batch04,3671,False,1.023505361456063,1.0911941851418447,0.8569586277008057,0.014525781278063761,0.905671594482557,0.0,315.1946105957031
0 (mouse A),batch04,3749,False,0.9641683710628448,1.0210059405405016,0.8512270450592041,0.032867864582200014,0.8820921490662527,0.0,294.9205322265625
0 (mouse A),batch04,4302,False,1.0308996024834605,1.071314060913255,0.7823217511177063,0.021606877258919365,0.8805112305213524,0.0,309.4521789550781
0 (mouse A),batch04,4566,False,1.009798562501791,1.0108962030323507,0.8349449634552002,0.02342905327641166,0.8979348452542053,0.0,292.00030517578125
0 (mouse A),batch04,6062,False,1.0911007915943418,0.9768369844181782,0.8458297252655029,0.03445409868587917,0.8536718791199684,0.0,282.1622009277344
0 (mouse A),batch04,6623,False,1.0044225632379393,1.082569899711911,0.8012707233428955,0.02684461524687433,0.9055959212941117,0.0,312.7034606933594
0 (mouse A),batch04,7052,False,1.0065447552026592,1.021956904562979,0.8814387321472168,0.04286756368399445,0.8504333686805597,0.0,295.1952209472656
0 (mouse A),batch04,7959,False,0.9569016011585991,0.9803659367877806,0.8698214888572693,0.019911816233487346,0.8696909045738962,1.0,283.1815490722656
0 (mouse A),batch04,8750,False,0.9967818095256801,1.0160855654205352,0.8856673240661621,0.03355003063707929,0.8469506172251793,0.0,293.499267578125
0 (mouse A),batch04,9989,False,1.000075808660199,1.0083840352147229,0.9317559003829956,0.029765780025582063,0.883885119160682,0.0,291.274658203125
0 (mouse A),batch04,10074,False,1.0065652932608777,1.01444776470101,0.8105382919311523,0.017764335321601973,0.88233023430854,0.0,293.02618408203125
0 (mouse A),batch04,10524,False,1.0011849222232136,0.9957890708761378,0.8581014275550842,0.026309891014686865,0.8919834128309472,0.0,287.6365661621094
0 (mouse A),batch05,33,False,1.008893128766365,1.079742004150115,0.87105792760849,0.02618503689702994,0.9676523409983696,0.0,312.32025146484375
0 (mouse A),batch05,1507,False,1.0016834802672603,1.001054620389412,0.812210202217102,0.04424061363367004,0.882170696394932,0.0,289.5595703125
0 (mouse A),batch05,1574,False,1.010049464719755,0.9998032345912111,0.8879439830780029,0.04663641736424838,0.9095633042350459,0.0,289.1976013183594
0 (mouse A),batch05,2024,False,1.006490177180347,0.9726988786587288,0.9242550730705261,0.030464333598933902,0.8585309225684357,0.0,281.3575439453125
0 (mouse A),batch05,2317,False,1.0514168233039352,1.0219770608459837,0.8867430686950684,0.013243197089801598,0.9127839049139767,0.0,295.6114807128906
0 (mouse A),batch05,2452,False,0.95571119846551,0.9420734241992123,0.7070968151092529,0.031391564937278474,0.9208859777498194,0.0,272.4989929199219
0 (mouse A),batch05,3267,False,0.9726122639383892,0.9760144549250013,0.914357602596283,0.018966757289640982,0.8595140061584616,1.0,282.31658935546875
0 (mouse A),batch05,3839,False,0.9952603380306104,1.0504158344140484,0.9076747298240662,0.02775461001187776,0.8734146640923672,0.0,303.8375244140625
0 (mouse A),batch05,4374,False,1.0396480567866324,1.0838727061795521,0.8012269139289856,0.014341609332012643,0.9394461033115442,0.0,313.51507568359375
0 (mouse A),batch05,4497,False,0.866064657384084,0.8762360349311881,0.7447023987770081,0.03813380766024282,0.8190388263794716,1.0,253.45523071289062
0 (mouse A),batch05,5710,False,0.9276937046594179,0.9047820008077405,0.722444474697113,0.029976216947170127,0.8173691095184134,1.0,261.7122802734375
0 (mouse A),batch05,6986,False,0.8880277608729388,0.9170869603932861,0.6036360859870911,0.040964175147971245,0.8372531028696604,1.0,265.27154541015625
0 (mouse A),batch05,7121,False,0.9720063557159739,0.9897335933520512,0.8012157082557678,0.04935008886069137,0.8367270961086622,0.0,286.284912109375
0 (mouse A),batch05,7574,False,0.9909729199317073,0.9813621483701916,0.8267416954040527,0.030348344270594886,0.8559631998360252,0.0,283.8634338378906
0 (mouse A),batch05,8349,False,0.9825603363630986,1.034710156640036,0.7936320900917053,0.03249394416858764,0.9000594206002459,0.0,299.2945861816406
0 (mouse A),batch05,8419,False,0.9250702832881355,0.9508602393764615,0.8753944039344788,0.01679261994532447,0.845003503812027,1.0,275.0406188964844
0 (mouse A),batch05,8642,False,0.9842737601903994,0.9837825211546553,0.8264650702476501,0.03186817011193427,0.8414433875508648,0.0,284.56353759765625
0 (mouse A),batch05,9423,False,0.9956109549728862,1.1070015568205749,0.7337018847465515,0.012476564573660543,0.9688853619019278,0.0,320.2052001953125
0 (mouse A),batch05,9527,False,0.9972788711815511,1.098908432025517,0.8608714938163757,0.03253728109233949,0.9018618922708792,0.0,317.8642272949219
0 (mouse A),batch05,10227,False,0.9744637135587246,0.9764973478343989,0.7812513709068298,0.03510108753957757,0.8722387263079837,0.0,282.4562683105469
1 (10-31),test50,64573,False,0.9338778416690906,0.6500269323859995,0.5774902701377869,0.10250608367886983,0.5427309540348065,1.0,117.186279296875
1 (10-31),test50,64719,False,1.0118956808976087,0.706906235685293,0.5464516878128052,0.03977338181789511,0.7557395077521244,1.0,127.4404296875
1 (10-31),test50,64865,False,1.0051879988859325,0.7178576107943514,0.483201801776886,0.08511694369898933,0.7810364937894698,1.0,129.41473388671875
1 (10-31),test50,65012,False,0.9395466652739333,0.6943182653038078,0.4409186542034149,0.06619007576530582,0.7423930356510403,1.0,125.17108154296875
1 (10-31),test50,65158,False,1.1311284015673455,0.8766906377880166,0.7927790880203247,0.014014463157322611,0.7613518593176657,0.0,158.04901123046875
1 (10-31),test50,65305,False,1.0101367772831207,0.7727020038981709,0.4970288872718811,0.1632273281975841,0.866888774382353,1.0,139.30203247070312
1 (10-31),test50,65451,False,0.9682347833152268,0.7453677481038145,0.5475430488586426,0.08449687025541999,0.7967614681221763,1.0,134.37423706054688
1 (10-31),test50,65597,False,1.0072903702118206,0.7846858153504782,0.5647887587547302,0.12785448238055364,0.8384789680305563,1.0,141.46246337890625
1 (10-31),test50,65744,False,1.0197117944700007,0.8094368642915835,0.4712033271789551,0.1420149435596542,0.9112786669712666,1.0,145.924560546875
1 (10-31),test50,65890,False,1.0195113366355555,0.8217759936459206,0.7167267799377441,0.05387166087736967,0.6654082310785906,0.0,148.1490478515625
1 (10-31),test50,66037,False,0.9938929637310404,0.7912905979057404,0.4554518461227417,0.05782119474301871,0.6433991419561594,0.0,142.65316772460938
1 (10-31),test50,66183,False,1.0634862805886933,0.8514033110414657,0.6881420612335205,0.045605960375141995,0.7076301645067337,0.0,153.490234375
1 (10-31),test50,66329,False,0.9305329756503661,0.7905307017350821,0.6581677794456482,0.07954288930551297,0.6347796329889042,1.0,142.51617431640625
1 (10-31),test50,66476,False,1.0129608570827817,0.8628151266905532,0.7365936040878296,0.022898450972251155,0.7499900081852361,0.0,155.54754638671875
1 (10-31),test50,66622,False,1.0958981088344981,0.9071890680581902,0.6462421417236328,0.07548598132505305,0.6940152243909986,1.0,163.5472412109375
1 (10-31),test50,66769,False,1.0466683861261588,0.8064893677169563,0.41263604164123535,0.02805086202949801,0.708805328033263,1.0,145.3931884765625
1 (10-31),test50,66915,False,0.8452156928762228,0.7054292710853837,0.6078907251358032,0.09123101845969542,0.6011769190278257,1.0,127.17416381835938
1 (10-31),test50,67061,False,1.101324055998202,0.9505925294199499,0.7032313942909241,0.08061539569454218,0.7249155092753444,1.0,171.37197875976562
1 (10-31),test50,67208,False,1.0004015274528206,0.8629177101343979,0.7038322687149048,0.07256008221291181,0.6713572770809608,0.0,155.5660400390625
1 (10-31),test50,67354,False,0.9933860139102838,0.8680191204705432,0.5820626020431519,0.08053815372653954,0.6989549372497589,0.0,156.4857177734375
1 (10-31),test50,67501,False,1.0096907722018789,0.882558038360791,0.6118611097335815,0.021601965346803958,0.7501883341350885,0.0,159.10678100585938
1 (10-31),test50,67647,False,0.9894329659796703,0.8611318102456823,0.6409552097320557,0.01158554683271999,0.7702172854205,0.0,155.24407958984375
1 (10-31),test50,67793,False,1.0006632462896532,0.8541791580912438,0.5679634213447571,0.015114057233433531,0.7488946139309872,0.0,153.99066162109375
1 (10-31),test50,67940,False,0.9906888124378016,0.8422464690812485,0.5561298727989197,0.01926486789836227,0.7325417111373156,1.0,151.83944702148438
1 (10-31),test50,68086,False,1.0120081110385009,0.8606339589117759,0.5957779288291931,0.01849893468929337,0.7335123669972552,1.0,155.15432739257812
1 (10-31),test50,68233,False,0.948720281156927,0.730917363449756,0.41830143332481384,0.09359872169481122,0.5858018255606002,1.0,131.76913452148438
1 (10-31),test50,68379,False,1.03963169619517,0.7952512329480417,0.7278383374214172,0.06361017682458149,0.6437923587851765,0.0,143.3671875
1 (10-31),test50,68526,False,0.987757912057797,0.7648086649492686,0.5291562080383301,0.09848758190946524,0.8224968117818909,1.0,137.8790283203125
1 (10-31),test50,68672,False,1.0086633686761473,0.7677730894849262,0.7016324996948242,0.06983617449052046,0.6290811613430541,0.0,138.4134521484375
1 (10-31),test50,68818,False,0.9850491092169636,0.7411455760635922,0.4714268743991852,0.07276097407002656,0.8201313010371714,1.0,133.61306762695312
1 (10-31),test50,68965,False,0.9938718222082521,0.7589761359762169,0.45362886786460876,0.0778927524985779,0.802906520731908,1.0,136.82754516601562
1 (10-31),test50,69111,False,1.0169519783966274,0.8446107973983755,0.6451295018196106,0.02019555365179259,0.7158641774929551,1.0,152.26568603515625
1 (10-31),test50,69258,False,1.0055553961524881,0.8542873277622285,0.7340086102485657,0.025655375013855165,0.7126046209284577,0.0,154.01016235351562
1 (10-31),test50,69404,False,1.004583509660802,0.8605528739784398,0.6407208442687988,0.030753470831044592,0.7217513967041844,0.0,155.13970947265625
1 (10-31),test50,69550,False,0.9979821130758857,0.8626954460060676,0.6413488984107971,0.03553698937782231,0.7257141953468579,0.0,155.52597045898438
1 (10-31),test50,69697,False,0.9696885190509816,0.8246529006230505,0.7108891606330872,0.04452321819363836,0.6861990347234732,0.0,148.66769409179688
1 (10-31),test50,69843,False,1.004703505032082,0.8320634541233636,0.7879016995429993,0.03672552932305983,0.7109711795765592,0.0,150.003662109375
1 (10-31),test50,69990,False,0.9969265481974523,0.8219836997277645,0.809545636177063,0.03721508572204693,0.7081753413201688,0.0,148.18649291992188
1 (10-31),test50,70136,False,0.9776844914902919,0.8192146238623987,0.5539900660514832,0.04444251487261689,0.7103313857419187,0.0,147.68728637695312
1 (10-31),test50,70282,False,1.0283109242120336,0.8718445011042109,0.7747828960418701,0.03609057130401641,0.7334300892343969,0.0,157.17535400390625
1 (10-31),test50,70429,False,0.9903861200052407,0.8362223155893317,0.5659167766571045,0.0235108681650981,0.724535494057923,0.0,150.75341796875
1 (10-31),test50,70575,False,0.8850228164297651,0.7430266110932991,0.5764369368553162,0.11034744510817039,0.6019737752678624,1.0,133.95217895507812
1 (10-31),test50,70722,False,0.9770674009213981,0.8209043729324612,0.6195125579833984,0.017986860429151215,0.7401556782179434,0.0,147.99191284179688
1 (10-31),test50,70868,False,1.048230924367378,0.8934340840432639,0.7574396133422852,0.031371710866949676,0.7430927749299614,0.0,161.0675048828125
1 (10-31),test50,71014,False,0.9950197030761784,0.83596027075258,0.2501954138278961,0.04947908496947139,0.6881331415923503,0.0,150.7061767578125
1 (10-31),test50,71161,False,1.0097703882361715,0.8389756484509392,0.12495852261781693,0.09469708841564031,0.6696948450258738,0.0,151.24978637695312
1 (10-31),test50,71307,False,1.0019817081741755,0.8295843542304498,0.2169431746006012,0.03269655542710363,0.7375542704459574,0.0,149.55673217773438
1 (10-31),test50,71454,False,1.0068361492300437,0.8670747095246527,0.5811762809753418,0.02889588184982905,0.7224074220463592,0.0,156.31546020507812
1 (10-31),test50,71600,False,1.0064716433019987,0.88592314773404,0.5053793787956238,0.06729850974780935,0.6953804886956627,1.0,159.71343994140625
1 (10-31),test50,71747,False,0.9688679726432942,0.8328805668023048,0.20739948749542236,0.06281149462743464,0.6805765557936524,1.0,150.15097045898438
1 (10-31),val20,57278,False,1.0141032104971002,1.1060567228889393,0.8555583953857422,0.00578117744448283,0.8876849627665544,0.0,199.39892578125
1 (10-31),val20,57655,False,0.9735748476723655,0.9267459414367032,0.8381872773170471,0.013016932379482007,0.8240738062270425,0.0,167.07293701171875
1 (10-31),val20,58033,False,0.9975682160102954,1.1155511083921044,0.646228015422821,0.020210110036540958,0.9694286301164998,0.0,201.11056518554688
1 (10-31),val20,58410,False,1.0197144541418726,0.9686512782472654,0.602737307548523,0.0208760601132815,0.871449916851475,1.0,174.62759399414062
1 (10-31),val20,58788,False,0.9884294313752859,0.8744729056134134,0.7311895489692688,0.039038570595229756,0.7442723385330897,1.0,157.64920043945312
1 (10-31),val20,59165,False,0.9807147191564056,0.815549212460469,0.37851062417030334,0.04628373523415065,0.68603415520895,1.0,147.0264892578125
1 (10-31),val20,59543,False,1.0316741294387766,0.8735066575977937,0.5288084745407104,0.04195099769443409,0.738746803414564,1.0,157.47500610351562
1 (10-31),val20,59921,False,0.9963393613770919,0.8338226078336509,0.6527023315429688,0.053492551688159806,0.6897841895715036,1.0,150.32080078125
1 (10-31),val20,60298,False,0.9860373443276009,0.8322217305589985,0.5262848138809204,0.02342236999374827,0.7320090830084417,1.0,150.03219604492188
1 (10-31),val20,60676,False,0.9896025732635175,0.8493731406750803,0.6963959336280823,0.03663910138368211,0.723332125062733,1.0,153.12423706054688
1 (10-31),val20,61053,False,1.0124114145989036,1.1075435057062464,0.6157896518707275,0.013862351594173592,0.9779111776223733,1.0,199.66696166992188
1 (10-31),val20,61431,False,0.7224748451933233,0.7474569970541962,0.28055986762046814,0.13749863074080365,0.9237998784775631,1.0,134.75088500976562
1 (10-31),val20,61808,False,1.0118152878489968,1.0644161393888938,0.822279155254364,0.08392062587134193,0.7775863179693613,0.0,191.89199829101562
1 (10-31),val20,62186,False,0.606804034762508,0.45787866240668884,0.08806508034467697,0.2352313603369268,0.6434383557413647,1.0,82.54595947265625
1 (10-31),val20,62564,False,1.122085630658226,0.8720312165143771,0.7785142660140991,0.048089171645837175,0.6792131213413073,0.0,157.20901489257812
1 (10-31),val20,62941,False,1.0027087211502494,0.7759630063110824,0.8362340331077576,0.026052566935613267,0.6878475384879966,0.0,139.88992309570312
1 (10-31),val20,63319,False,0.941230541725644,0.7522738483654191,0.5322637557983398,0.03607995164691562,0.6675592242315297,1.0,135.6192626953125
1 (10-31),val20,63696,False,1.0019019396830298,0.8036712007646022,0.5616317391395569,0.020887626448602255,0.6867269298756443,0.0,144.8851318359375
1 (10-31),val20,64074,False,1.088295699851321,0.8535443595526008,0.6851300597190857,0.020540959722480497,0.7432594602211597,0.0,153.876220703125
1 (10-31),val20,64452,False,1.0048927052033472,0.7732672285169786,0.46847522258758545,0.0645247516498515,0.6426564532860722,0.0,139.4039306640625
1 (10-31),batch02,2095,False,0.9782625829723086,1.2656210102224834,0.5723437070846558,0.06356013380141787,1.01850757179805,1.0,227.64682006835938
1 (10-31),batch02,2622,False,0.9990761144217056,1.0404762902553442,0.5685625672340393,0.06599463054425841,1.0633959232485362,1.0,187.15011596679688
1 (10-31),batch02,6517,False,0.9658304681209718,1.1719858044723344,0.4484714865684509,0.03804840860193789,0.8340074560638735,1.0,210.8046875
1 (10-31),batch02,10755,False,1.0165134472979167,1.1664138376024713,0.6634213924407959,0.07748796238950227,0.9053463899879728,1.0,209.80245971679688
1 (10-31),batch02,15379,False,0.9691807758779061,0.9555002749420637,0.5004928112030029,0.015963369014685355,0.7675722920172273,1.0,171.86550903320312
1 (10-31),batch02,15499,False,0.9747734036905077,0.9533597818380111,0.691735029220581,0.009324493503752708,0.7865772748110704,0.0,171.48049926757812
1 (10-31),batch02,20518,False,0.989471065978622,1.472713548374618,0.3787800967693329,0.023433572801804393,0.8997859550299582,1.0,264.896484375
1 (10-31),batch02,22433,False,1.0165120463573787,1.3574280760553712,0.4560941457748413,0.07505636360923865,0.9965083425332237,1.0,244.16012573242188
1 (10-31),batch02,23938,False,0.6454561099578521,0.6026146387943336,0.42330971360206604,0.3577537370308077,0.22306048924559363,1.0,108.39208984375
1 (10-31),batch02,24026,False,0.991951664749928,0.8556607610253804,0.34095245599746704,0.30738724120614025,0.29925836222811275,1.0,153.90740966796875
1 (10-31),batch02,25990,False,0.9981512186738282,0.998182379310105,0.3818068504333496,0.15562686947213453,1.0219722698572324,1.0,179.542724609375
1 (10-31),batch02,26193,False,0.9793480272415642,0.9903458942522433,0.506776750087738,0.09714014300525858,0.89833614030965,1.0,178.1331787109375
1 (10-31),batch02,32527,False,0.9818987836175779,1.010664121239864,0.44062915444374084,0.11181353526209713,0.9357497757772668,1.0,181.78781127929688
1 (10-31),batch02,33961,False,0.9763266434732297,1.0495701623133749,0.5368967056274414,0.007760521192596301,0.8195309710490836,0.0,188.78582763671875
1 (10-31),batch02,43007,False,1.00173831755663,0.9908767759043184,0.30511903762817383,0.09983199371781434,0.9069597271662345,1.0,178.22866821289062
1 (10-31),batch02,45093,False,1.0186142584482492,0.8368956470588834,0.39883553981781006,0.06995823285273953,0.646998552409686,1.0,150.53213500976562
1 (10-31),batch02,46063,False,1.001193151721804,1.3994837774002544,0.6382516026496887,0.04544843149326362,0.8485000626759976,1.0,251.72467041015625
1 (10-31),batch02,52505,False,0.9951955703103841,0.9308050313803822,0.6042911410331726,0.041002467651090155,0.7577529100413327,1.0,167.423583984375
1 (10-31),batch02,52956,False,1.0040059048784877,0.8219982154639768,0.5040143132209778,0.05143471158807491,0.6747469462761394,1.0,147.8525390625
1 (10-31),batch02,54124,False,0.9586465836997788,0.9123073093869344,0.6978630423545837,0.03541998769196143,0.727549551883289,1.0,164.09640502929688
1 (10-31),batch03,945,False,1.0019442404476309,1.0631303022368157,0.5579149127006531,0.11300459352062882,0.9161702346218765,1.0,192.60757446289062
1 (10-31),batch03,1207,False,1.008704366370611,1.0934382915165137,0.483234703540802,0.10133963156525647,0.9126483316385651,1.0,198.09848022460938
1 (10-31),batch03,5355,False,0.996858490339802,1.1658531379943677,0.754656970500946,0.07098320205031539,0.8912668790365,0.0,211.2178955078125
1 (10-31),batch03,6196,False,1.0051259816389735,1.3272881646717352,0.2923525869846344,0.09118547713344508,0.8468726280566974,0.0,240.46511840820312
1 (10-31),batch03,6345,False,0.9688752019796677,1.11577789694465,0.5365341901779175,0.31607709860451505,0.4652795028492278,1.0,202.145751953125
1 (10-31),batch03,6774,False,0.997734288918273,1.4958682064179474,0.1916874647140503,0.47410168316522083,0.5352446330077977,0.0,271.0068054199219
1 (10-31),batch03,7308,False,0.9976955930843864,1.4678846168585264,0.45787519216537476,0.037237415897336944,0.8501988376463109,0.0,265.93701171875
1 (10-31),batch03,8116,False,0.9869715163756725,1.365010347276166,0.33213871717453003,0.46507867161895794,0.7017579256462615,1.0,247.29925537109375
1 (10-31),batch03,15287,False,1.0112154520933447,0.9730489061348638,0.4291537404060364,0.2952926809280336,0.34680155283333575,1.0,176.28750610351562
1 (10-31),batch03,17758,False,0.9926052377210882,1.035279785782621,0.4900251030921936,0.3888528143873104,0.3336123610046749,1.0,187.5618896484375
1 (10-31),batch03,18770,False,1.0018615602801377,0.9169796481530254,0.6202948093414307,0.03897318566818217,0.774399780084514,0.0,166.12942504882812
1 (10-31),batch03,19938,False,1.0553725221166281,0.9857548609794534,0.48170140385627747,0.1714897781205937,1.0764109484912212,1.0,178.58944702148438
1 (10-31),batch03,23057,False,1.145479539891509,1.2828235552535114,0.7438366413116455,0.016356968478891273,0.9515897687007117,0.0,232.40945434570312
1 (10-31),batch03,25902,False,0.9862819304019117,0.9551995915497904,0.5937654972076416,0.03914916258244995,0.7009193802904109,1.0,173.05374145507812
1 (10-31),batch03,29840,False,0.988532084538131,1.0163050770000572,0.34357932209968567,0.03870683227599348,0.8544796200896176,1.0,184.12423706054688
1 (10-31),batch03,30669,False,0.9642892618584152,0.9320861407477176,0.6790924072265625,0.038159025244682,0.7870052367366102,1.0,168.86627197265625
1 (10-31),batch03,39305,False,0.9960375497082922,1.0624122128094993,0.5649299025535583,0.06772892774882462,0.9565097135964289,1.0,192.47747802734375
1 (10-31),batch03,45216,False,0.9431877009462248,0.7736954561345986,0.330086886882782,0.08670106023232076,0.5951247808112942,1.0,140.17059326171875
1 (10-31),batch04,1956,False,1.024549112037129,1.3192229272637295,0.39628365635871887,0.052133285397898514,1.0002053350128683,0.0,238.24029541015625
1 (10-31),batch04,2402,False,1.0081289298589344,1.064548010318678,0.5835062265396118,0.03679579425511419,1.0699904083083893,1.0,192.24819946289062
1 (10-31),batch04,5094,False,1.009958667352739,1.1356886220360438,0.5705773234367371,0.039716614769521534,0.921076385842602,1.0,205.0955810546875
1 (10-31),batch04,5977,False,0.9845577376804239,1.2531637516004115,0.702021598815918,0.0247406564321574,0.8954812239791228,0.0,226.31057739257812
1 (10-31),batch04,6878,False,1.0055236543633956,1.4927099474222612,0.25272831320762634,0.03478741720434953,0.9243589158818722,0.0,269.570556640625
1 (10-31),batch04,12399,False,0.9846197745755457,0.9621252197991472,0.40808284282684326,0.016024687021861234,0.811599387982381,1.0,173.75152587890625
1 (10-31),batch04,17669,False,1.0000745150863861,1.0421415304146424,0.6638016104698181,0.07818936229694637,0.8868288021672341,0.0,188.2017822265625
1 (10-31),batch04,18318,False,0.9627155036129061,0.842552793830829,0.6744668483734131,0.051674347860395674,0.687322272888462,0.0,152.15777587890625
1 (10-31),batch04,18910,False,1.0219900538884206,0.9594924039121481,0.40135735273361206,0.12227874381623094,0.9730127833447922,1.0,173.27606201171875
1 (10-31),batch04,21610,False,1.0256877966918125,1.4648669899893005,0.7846810221672058,0.05475764068925681,0.860612332876396,0.0,264.5423583984375
1 (10-31),batch04,34501,False,1.0028201455638786,1.3360783565212933,0.6041575074195862,0.03264740420155197,0.9512318717899528,1.0,241.28424072265625
1 (10-31),batch04,35164,False,0.6384835946590159,0.5966726310592682,0.17048600316047668,0.8263425225671074,1.7315004183422156,1.0,107.75393676757812
1 (10-31),batch04,38829,False,1.0359085188491493,1.320703083512396,0.673693060874939,0.036360581328661275,0.9589296290618327,1.0,238.50759887695312
1 (10-31),batch04,39838,False,1.043281577916172,0.9814874007170283,0.47839561104774475,0.04502328267610065,0.8293630659897686,1.0,177.2481689453125
1 (10-31),batch04,47624,False,0.9690197200443584,1.0911506039127057,0.5492871403694153,0.057139977364106684,0.9102763870146914,1.0,197.05239868164062
1 (10-31),batch04,47710,False,1.0010734924294715,1.1017685577399083,0.5143126249313354,0.04140950994715551,0.8877910049373932,1.0,198.96990966796875
1 (10-31),batch04,50649,False,0.9186995881940645,0.951663747840453,0.38338950276374817,0.008219096389890703,0.8666957040656743,1.0,171.86227416992188
1 (10-31),batch04,51591,True,1.0705260355438626,0.8976161609606973,0.06190027296543121,0.12533956758261477,0.6438871169099056,1.0,162.10174560546875
1 (10-31),batch04,51918,False,0.9754448211342094,0.7566253214870138,0.3545013964176178,0.08458732525043869,0.8270092196622338,1.0,136.6400146484375
1 (10-31),batch04,53490,False,1.0097132340956048,0.9295707386341313,0.35441842675209045,0.01793422745663482,0.7953157829775485,1.0,167.87246704101562
1 (10-31),batch05,34,False,1.046815491402416,1.4359289073461443,0.23334947228431702,0.1376274159349707,0.9899621778558862,1.0,259.916015625
1 (10-31),batch05,2476,False,0.9956931801774584,1.0504747524236668,0.6354040503501892,0.068135670719461,1.1160547158476726,1.0,190.14535522460938
1 (10-31),batch05,15562,False,0.9986236139236622,0.9697231737652205,0.619613766670227,0.15754103592518476,1.069347504639941,1.0,175.52859497070312
1 (10-31),batch05,16013,False,1.0093003614796943,0.9546254768345972,0.41803669929504395,0.3049699413651594,0.3382800434527853,1.0,172.7957763671875
1 (10-31),batch05,17476,False,0.9996225670159805,1.0325899777148424,0.6280601620674133,0.10053339301593543,1.0895620786690228,1.0,186.90805053710938
1 (10-31),batch05,18208,False,0.6725650504188001,0.6516343291911287,0.45274674892425537,0.05518660470196593,0.8671088151813645,1.0,117.95166015625
1 (10-31),batch05,20449,False,1.0019218047992977,1.4869551407094093,0.8092976212501526,0.01727711765343287,0.916532582461786,0.0,269.1522216796875
1 (10-31),batch05,20580,False,0.9907795949265125,1.451204136966892,0.8585551977157593,0.027587534775360755,0.8616077331787367,0.0,262.68096923828125
1 (10-31),batch05,21999,False,1.0265656073745126,1.3760997163860482,0.5185761451721191,0.045947875292472795,0.9540648859601487,0.0,249.08639526367188
1 (10-31),batch05,24107,False,0.987733416077033,0.8511903457284759,0.48397234082221985,0.1876559419764725,0.9374456898776018,1.0,154.07308959960938
1 (10-31),batch05,32325,False,1.0166342540038125,1.0225871149369903,0.3639445900917053,0.09908700347224043,0.8818451791255423,0.0,185.09744262695312
1 (10-31),batch05,34372,False,0.9870640067697372,1.3128943695667494,0.6382012963294983,0.07222024708517269,0.8927780531694899,0.0,237.64566040039062
1 (10-31),batch05,34754,False,0.9897429011752117,1.1470764766319435,0.46570539474487305,0.07974267810877292,0.8005983711960956,1.0,207.63113403320312
1 (10-31),batch05,36686,False,1.0273391963101806,0.9599012156184258,0.5039148926734924,0.023567401947453697,0.7486425145910318,1.0,173.750732421875
1 (10-31),batch05,37174,False,1.0267600753828618,0.9885055591504193,0.41263940930366516,0.15292871353882478,1.0221043451651857,1.0,178.92837524414062
1 (10-31),batch05,37328,False,0.9718278833203606,0.9621046104211183,0.518852949142456,0.10945877865305771,0.9316173597614414,1.0,174.14956665039062
1 (10-31),batch05,40546,False,1.0033612031331662,1.020381696969738,0.422973096370697,0.1702768126964043,1.0637146859768265,1.0,184.6982421875
1 (10-31),batch05,47132,True,-1.3024681135063012,-1.5082617610770788,0.1152794137597084,0.5541831533353532,1.1885879255241394,1.0,-273.0089111328125
1 (10-31),batch05,50895,False,1.0434077933090802,1.2978042595032255,0.5133980512619019,0.03551648102575502,0.8505683864806941,0.0,234.91421508789062
1 (10-31),batch05,56474,False,0.9574334471765485,0.7954288957129481,0.5442054867744446,0.05771832518763003,0.6613234475226684,1.0,143.97976684570312
1 (10-31),batch06,138,False,1.0261919330256948,1.392710969586392,0.2723643481731415,0.1677076062335333,0.8318192656304114,0.0,251.30459594726562
1 (10-31),batch06,2820,False,1.0624155044467427,1.1108452448844428,0.6425758004188538,0.06599965990694892,1.0052277486372436,1.0,200.4439697265625
1 (10-31),batch06,7221,False,1.0323535674768498,1.5172829959944174,0.6221645474433899,0.006842132731266297,0.9131872933751528,0.0,273.78271484375
1 (10-31),batch06,12867,False,0.9782125562637253,0.9789896339231775,0.528379499912262,0.020780550074818098,0.7881592346877151,1.0,176.65158081054688
1 (10-31),batch06,16313,False,1.0368793193309733,0.9715370923976466,0.5652570128440857,0.021791574493347322,0.8267301755164254,1.0,175.30682373046875
1 (10-31),batch06,24920,False,0.875662483976809,0.7870727790191634,0.6554571986198425,0.055742121060054384,0.6137885920206088,1.0,142.02157592773438
1 (10-31),batch06,26069,False,0.971768036232186,0.9762506367597604,0.5722455978393555,0.019957034117592042,0.7539700331826553,1.0,176.1573486328125
1 (10-31),batch06,30467,False,1.0121930996977733,0.9972445976050391,0.7353554964065552,0.015755736167384883,0.8221866203448763,0.0,179.945556640625
1 (10-31),batch06,35077,False,1.0142754662537263,1.2164374331529095,0.5513193607330322,0.025844927634245892,0.885635576874696,1.0,219.497314453125
1 (10-31),batch06,37847,False,1.0226720848230235,0.9711218878261005,0.5826312303543091,0.09298007844410462,0.9231594405625859,1.0,175.23190307617188
1 (10-31),batch06,38396,False,0.8967515655644327,0.8269373225444413,0.6404111981391907,0.08181316481717005,0.6442913779684046,1.0,149.21484375
1 (10-31),batch06,40162,False,0.9479250772173878,0.9747247811000909,0.46059510111808777,0.02073999485832409,0.8282388436560497,1.0,175.88201904296875
1 (10-31),batch06,43336,False,1.0061256374087595,0.9823095792345623,0.5071055293083191,0.01062978475686461,0.765708465516847,1.0,177.25064086914062
1 (10-31),batch06,43579,False,1.0216092347513808,0.9851931792121024,0.5916319489479065,0.01358027437271375,0.7718218641205667,1.0,177.77096557617188
1 (10-31),batch06,43688,False,1.0143128589653185,0.9560833642834093,0.534809947013855,0.030644037098867292,0.8073124357193122,1.0,172.518310546875
1 (10-31),batch06,44994,False,0.7632695659740033,0.7002603527158607,0.35439321398735046,0.1944550442207065,0.4177381253728666,1.0,126.35690307617188
1 (10-31),batch06,51521,False,1.0141196967179187,1.0827121331739489,0.8405871391296387,0.05345511907204453,0.8650252613523804,0.0,195.3675537109375
1 (10-31),batch06,52816,False,0.9916023558399567,0.8065518774011677,0.5973396301269531,0.019578870358572684,0.7375095440279542,1.0,145.53643798828125
1 (10-31),batch07,309,False,0.8839857629883467,0.9896891125331564,0.5586215257644653,0.08261864654736475,0.8975415755497038,1.0,179.76510620117188
1 (10-31),batch07,4724,False,1.0004860474896125,1.2033518637916805,0.8674551248550415,0.048137380274035566,1.0181964981697742,0.0,218.57437133789062
1 (10-31),batch07,5656,False,1.0085045325170132,1.202567074028726,0.7009038329124451,0.07426563102457297,0.9401467886675516,0.0,218.43182373046875
1 (10-31),batch07,6439,False,0.8157720327100952,0.934338332426762,0.3088352382183075,0.04247236603484287,0.6536616545915646,1.0,169.7113037109375
1 (10-31),batch07,6595,False,1.0085386765565783,1.366925673050469,0.3375565707683563,0.013877362180669832,0.8882148892403877,0.0,248.28558349609375
1 (10-31),batch07,7074,False,1.0056906089534787,1.4631058504304288,0.4355320632457733,0.04708247171686978,0.9200176206937841,0.0,265.75555419921875
1 (10-31),batch07,7135,False,0.9520642486393345,1.3879241336293167,0.5079396963119507,0.013399663893561094,0.8925845234335275,0.0,252.09970092773438
1 (10-31),batch07,8941,False,0.9747052584862977,1.2558956469874178,0.6736147403717041,0.06017185020660238,0.9194570587497823,0.0,228.11831665039062
1 (10-31),batch07,9691,False,1.0911920027782864,1.2997076149892997,0.7584812045097351,0.08576689812414226,0.974385053090385,0.0,236.07623291015625
1 (10-31),batch07,13570,False,0.998582115172504,1.1369513580718802,0.7956735491752625,0.0807533569367752,0.9232841599191997,0.0,206.51351928710938
1 (10-31),batch07,19422,False,0.9993709944571548,0.9659270024550932,0.6090205907821655,0.14789658859070573,1.0481975223606637,1.0,175.44900512695312
1 (10-31),batch07,29497,False,0.9981221167746933,1.172170961854698,0.800588071346283,0.023832860036445826,0.8967338474017301,0.0,212.91073608398438
1 (10-31),batch07,37545,False,1.0178670361692965,0.9731053673924138,0.46764448285102844,0.053412307849186824,0.8428248731744086,1.0,176.75286865234375
1 (10-31),batch07,40044,False,1.0118420812041609,0.9948299811195142,0.5140811204910278,0.03016117627657904,0.8238193308893956,1.0,180.69888305664062
1 (10-31),batch07,44890,False,1.1218107814541505,1.1871511887985584,0.8867484331130981,0.02172924298419383,0.8853057789657288,0.0,215.6317138671875
1 (10-31),batch07,46130,False,1.0090235902456823,1.3910995835372244,0.7918215394020081,0.044804183225314084,0.843937306602948,0.0,252.67648315429688
1 (10-31),batch07,50072,False,0.9726044006889271,1.0438024752548025,0.7088152766227722,0.14948029442126032,0.9612878432543415,1.0,189.59414672851562
1 (10-31),batch07,51754,False,1.011401413497844,0.6945873280227154,0.4143485426902771,0.08969096808496346,0.8020544342400195,1.0,126.16342163085938
1 (10-31),batch07,52886,False,0.9564115197109456,0.7674301327514476,0.6566264033317566,0.0431643236769963,0.6528771242163216,0.0,139.39443969726562
1 (10-31),batch07,53950,False,0.9975723830402462,0.9542515956005737,0.6761994361877441,0.03180514220943135,0.8116318146833805,1.0,173.32830810546875
2 (10-31),test50,64573,False,1.2169985199320594,1.416617342177936,0.5979950428009033,0.03773786148227314,0.8730488138703935,0.0,263.0158386230469
2 (10-31),test50,64719,False,0.8502739817276532,0.8644208011984494,0.26192864775657654,0.8836378638646474,0.06742003637100688,1.0,160.492431640625
2 (10-31),test50,64865,False,0.9540823662773371,0.9924718858632701,0.8423745036125183,0.021809483132971125,0.8991949200589636,0.0,184.26699829101562
2 (10-31),test50,65012,False,1.0288889021379588,1.1629877802928108,0.546244204044342,0.059466408008841905,0.796829771095907,0.0,215.92578125
2 (10-31),test50,65158,False,0.9816839917326317,1.1379898390183472,0.7969655990600586,0.05260531812954317,0.8353619997909454,1.0,211.2845458984375
2 (10-31),test50,65305,False,0.922963518299909,0.9953864823670363,0.45278269052505493,0.0995927624308865,0.7055497928652883,1.0,184.80813598632812
2 (10-31),test50,65451,False,1.0815687179990228,1.0756029764651098,0.8739376068115234,0.02032968021634839,0.9168099741733711,0.0,199.70150756835938
2 (10-31),test50,65597,False,0.9996631465745345,0.9943611466468415,0.8182008862495422,0.014244272117051036,0.8822149384554555,0.0,184.61776733398438
2 (10-31),test50,65744,False,0.9978745042554631,1.0729032106420577,0.9167245030403137,0.0030748839496546275,0.9068894619171775,0.0,199.20025634765625
2 (10-31),test50,65890,False,1.0222306637230216,1.1084561267918513,0.8198109269142151,0.04837579261867794,0.8583297837918371,0.0,205.80117797851562
2 (10-31),test50,66037,False,0.997747965892184,1.1116016621681528,0.7915940284729004,0.04303826417047802,0.8608023363775837,0.0,206.38519287109375
2 (10-31),test50,66183,False,1.010707392706533,1.1757477693852638,0.7966355085372925,0.07688644506818028,0.7689201550730117,0.0,218.29486083984375
2 (10-31),test50,66329,False,1.0706498895211354,1.3793334528846073,0.5670751333236694,0.021615509720204373,0.8302230100259428,0.0,256.0935363769531
2 (10-31),test50,66476,False,0.8859001907675568,1.1377518322657274,0.6548429727554321,0.08927869224040681,0.7532774134983167,1.0,211.2403564453125
2 (10-31),test50,66622,False,1.032959611110273,1.294413366774816,0.7874155640602112,0.08883590699749148,0.7838892642692072,0.0,240.32687377929688
2 (10-31),test50,66769,False,0.9373458720926903,1.0894405707165236,0.8078901767730713,0.12001379611818673,0.7225233836234327,1.0,202.27066040039062
2 (10-31),test50,66915,False,1.0163732775569394,1.1754699852610044,0.7067994475364685,0.07913135458012978,0.772804978562277,0.0,218.2432861328125
2 (10-31),test50,67061,False,0.9849670953181804,1.1532140527207968,0.7983052134513855,0.08848112886858138,0.7604920293480035,0.0,214.11114501953125
2 (10-31),test50,67208,False,0.9976354848531239,1.1959171979767453,0.8697881102561951,0.08444854675695165,0.7628313090332534,0.0,222.03961181640625
2 (10-31),test50,67354,False,1.0044818456533138,1.24758405887314,0.7420408129692078,0.05311838199315408,0.8210384673291178,0.0,231.63232421875
2 (10-31),test50,67501,False,1.09149105272031,1.3408531194253124,0.6731171607971191,0.06373678388436778,0.8226436639260128,0.0,248.9490966796875
2 (10-31),test50,67647,False,0.9797315504867987,1.2567629339329087,0.7644385099411011,0.0024617575298676833,0.8466638768014156,1.0,233.33651733398438
2 (10-31),test50,67793,False,0.9895798457281472,1.280128688015719,0.5816998481750488,0.009334022208886517,0.769741247365578,1.0,237.67471313476562
2 (10-31),test50,67940,False,0.997867722811337,1.2905188004788406,0.6790831685066223,0.023721114658475696,0.7970674331823617,0.0,239.60379028320312
2 (10-31),test50,68086,False,1.0140868849572124,1.3071613569080556,0.6508075594902039,0.03355225839267236,0.7894955754728424,0.0,242.6937255859375
2 (10-31),test50,68233,False,1.0148988090136368,1.2660890838893262,0.26170024275779724,0.03036138914214888,0.7606246097677233,0.0,235.06805419921875
2 (10-31),test50,68379,False,1.0025683086177954,1.247015998557495,0.4409382939338684,0.015940267303965618,0.7797169827406875,1.0,231.52685546875
2 (10-31),test50,68526,False,0.9577225309739122,1.1998850729824366,0.5265660881996155,0.05437951054240451,0.7218886039998748,1.0,222.77630615234375
2 (10-31),test50,68672,False,0.8177653675339898,1.0499825686352795,0.490688681602478,0.0319108162356601,0.7686104867174942,1.0,194.9447021484375
2 (10-31),test50,68818,False,0.9587252320219274,1.241051365243223,0.8348867297172546,0.054636697917691844,0.7454256890069624,1.0,230.41943359375
2 (10-31),test50,68965,False,1.0240184262844099,1.4412245776160895,0.6785109043121338,0.10895830745738865,0.8004841567914105,1.0,267.58453369140625
2 (10-31),test50,69111,False,0.9749857242707791,1.3830292966916897,0.5374782085418701,0.060299159316576,0.8196686941189545,0.0,256.77972412109375
2 (10-31),test50,69258,False,0.9903307104300834,1.3508194878219604,0.19121529161930084,0.0845299091963376,0.7760688997286567,1.0,250.79949951171875
2 (10-31),test50,69550,False,1.0044373934028514,1.0849894499562038,0.48316988348960876,0.18866988964897582,0.6785403533866327,1.0,201.44424438476562
2 (10-31),test50,69697,False,1.0207201817554081,1.2347877441644377,0.8155238628387451,0.059452292426094136,0.7435979477016705,0.0,229.25650024414062
2 (10-31),test50,69843,False,1.0570661805661046,1.2850494118784108,0.7332623600959778,0.053161093987725484,0.7644352640755784,0.0,238.58831787109375
2 (10-31),test50,69990,False,1.002596099001855,1.1692707969495029,0.6225271224975586,0.08637402734657165,0.7414557178527522,0.0,217.09231567382812
2 (10-31),test50,70136,False,1.0592479555755783,1.187609315860438,0.6604945659637451,0.0530435278299741,0.7822735900100114,0.0,220.49713134765625
2 (10-31),test50,70282,False,1.005801502736208,1.1072197408849414,0.5903806090354919,0.06356186995984879,0.7748707903446694,0.0,205.57162475585938
2 (10-31),test50,70429,False,1.0072434619833988,1.14792004616805,0.6999728679656982,0.05273478511496754,0.8075875262679325,0.0,213.12823486328125
2 (10-31),test50,70575,False,0.9786113032102046,1.1132067284245974,0.5461264848709106,0.021403555510487355,0.8587237318802703,1.0,206.68319702148438
2 (10-31),test50,70722,False,0.9743306852567721,1.0598042920441477,0.6814866662025452,0.030289486291885492,0.932167205135139,0.0,196.76824951171875
2 (10-31),test50,70868,False,1.0130410305215607,0.9937886483599806,0.6250492334365845,0.033340606045721435,0.8178104354026852,1.0,184.511474609375
2 (10-31),test50,71014,False,0.9144196519515713,0.888319769304394,0.7611476182937622,0.01122748116176982,0.7524277822822005,1.0,164.92962646484375
2 (10-31),test50,71161,False,0.969871523031164,0.9281476023203028,0.4072071313858032,0.013362874548098138,0.7824282328501362,1.0,172.32424926757812
2 (10-31),test50,71307,False,1.0552449253278078,1.0326317448738556,0.7116714119911194,0.02232505003529221,0.8807435329197814,0.0,191.7232666015625
2 (10-31),test50,71454,False,0.9575525766585357,0.980602120922881,0.6023301482200623,0.01067585860943157,0.8511846862211566,0.0,182.06320190429688
2 (10-31),test50,71600,False,1.0779593381974184,1.1005409229435057,0.7423497438430786,0.005389129020848131,0.9011741233028453,0.0,204.33160400390625
2 (10-31),test50,71747,False,0.9587350211157165,0.9900789975313374,0.5510604381561279,0.015974288953280413,0.8346325047434412,0.0,183.82272338867188
2 (10-31),val20,57278,False,1.005392899986244,1.1701107240944526,0.6078521609306335,0.10665131284969186,0.7134819319331304,0.0,217.24826049804688
2 (10-31),val20,57655,False,1.0092386712747685,1.2367156317345185,0.9630547761917114,0.08465075165844055,0.7476030551535516,0.0,229.61444091796875
2 (10-31),val20,58033,False,1.0110398772295828,1.2595120105472495,0.8842485547065735,0.05161504644231991,0.8160528597635867,0.0,233.846923828125
2 (10-31),val20,58410,False,1.048166178271789,1.4415845463924966,0.7323337197303772,0.02680215728835147,0.8307759415374011,0.0,267.6513671875
2 (10-31),val20,58788,False,1.0037835681145637,1.3127324901078443,0.41102278232574463,0.08101495752192582,0.7551428594714109,1.0,243.72808837890625
2 (10-31),val20,59165,False,1.0248406692886918,1.3642882373545353,0.8216147422790527,0.03666845146226983,0.7923133680788992,0.0,253.3001708984375
2 (10-31),val20,59543,False,1.0273371843544756,1.3444776269543304,0.7414432764053345,0.038748793800753384,0.8117421438297917,0.0,249.62203979492188
2 (10-31),val20,59921,False,0.9864791087386718,1.2166510707591773,0.6470027565956116,0.05334221553803642,0.954097816022153,0.0,225.88916015625
2 (10-31),val20,60298,False,0.9505838278115899,1.0925381102559706,0.5808553099632263,0.056757815664259095,0.8015021455270779,1.0,202.84576416015625
2 (10-31),val20,60676,False,1.0178796032945392,1.1567258029070684,0.8122528195381165,0.06631608939785101,0.7730752513763858,0.0,214.76315307617188
2 (10-31),val20,61053,False,0.9549819599370699,1.0064212512416046,0.8359938859939575,0.019998011787064063,0.8378350753028839,1.0,186.85690307617188
2 (10-31),val20,61431,False,1.0273347751436153,1.0819384269298724,0.7448082566261292,0.10153461761089241,0.723941932492635,1.0,200.87777709960938
2 (10-31),val20,61808,False,1.004774776398178,1.0677411926406604,0.6800926327705383,0.03676963633715972,0.8482523340554122,0.0,198.24185180664062
2 (10-31),val20,62186,False,0.9654842492293424,0.9903857106531526,0.6723576784133911,0.022162717033099733,0.8148891138671496,0.0,183.87966918945312
2 (10-31),val20,62564,False,1.0000236200540498,1.1064892836966524,0.771596372127533,0.03207855258519271,0.9106030674874737,0.0,205.43600463867188
2 (10-31),val20,62941,False,0.9937324621825594,1.0754515923358539,0.7641251683235168,0.020472272463692077,0.9078705063122723,0.0,199.67340087890625
2 (10-31),val20,63319,False,1.1373533092564176,1.3058130355049202,0.7027463912963867,0.05796150383386494,0.9656626546134912,0.0,242.44338989257812
2 (10-31),val20,63696,False,1.0603066143091495,1.1698564447807076,0.7393484711647034,0.04700103215465152,0.9491311403260303,0.0,217.2010498046875
2 (10-31),val20,64074,False,0.9651609856216713,1.0453328897553709,0.8398011922836304,0.01300097356018267,0.8622848918929513,0.0,194.0814208984375
2 (10-31),val20,64452,False,0.9920203132372439,1.1112163805188844,0.8490185737609863,0.03668858629734384,0.8962237246646736,0.0,206.31365966796875
2 (10-31),batch02,4743,False,0.8583036575515064,0.7746143934544389,0.5655270218849182,0.07870619547261389,0.6233351916295169,1.0,143.65139770507812
2 (10-31),batch02,6064,False,0.9688005318918582,1.0859981997074113,0.586182713508606,0.0955802687702743,0.7613425000424471,1.0,201.39718627929688
2 (10-31),batch02,6427,False,0.6258579943677208,0.6097082505730822,0.2699055075645447,0.12615542145904207,0.7816584048814731,1.0,113.06973266601562
2 (10-31),batch02,13231,False,1.022621140552454,1.0023871155659485,0.5715752243995667,0.10316775765455391,0.7343868990757162,1.0,185.8916015625
2 (10-31),batch02,15165,False,0.9397908647747416,0.7400181674864525,0.36276695132255554,0.09587199338261713,0.5850597909943509,1.0,137.23556518554688
2 (10-31),batch02,16666,False,1.0578591908434367,0.9982515439895077,0.43080389499664307,0.1313632991597941,0.6841165132356758,1.0,185.12466430664062
2 (10-31),batch02,20908,True,-0.6934658155359958,-0.8342723707747017,0.011854627169668674,0.011063218476397676,0.7956399688645144,1.0,-154.71490478515625
2 (10-31),batch02,26425,False,1.0245155064390874,0.924195669095032,0.5146582722663879,0.038017743362386947,0.8565549109554197,1.0,171.39108276367188
2 (10-31),batch02,27143,False,0.9036417057680584,0.8028673032966418,0.5513020753860474,0.03900820185983879,0.6497555481679108,1.0,148.890869140625
2 (10-31),batch02,27893,False,1.043560102587887,1.0930341512541983,0.5676282048225403,0.10013285903129503,0.7732945178011793,1.0,202.70199584960938
2 (10-31),batch02,28146,True,-0.39995440788354214,-0.32452100533340794,0.01849067024886608,7.549676821680876,10.419838809826018,1.0,-60.18206787109375
2 (10-31),batch02,30883,False,1.001140012285309,0.8291512459703232,0.46053919196128845,0.042114032851560804,0.6690892279581888,1.0,153.76519775390625
2 (10-31),batch02,32680,False,1.0519437824511841,1.198195593397172,0.3297727108001709,0.0920737928982843,0.8013564955608607,0.0,222.20407104492188
2 (10-31),batch02,32803,False,0.9414447494131558,1.0878295942430132,0.43196097016334534,1.2669849535536273,1.1781739095642407,1.0,201.73681640625
2 (10-31),batch02,40046,False,1.0009533907130617,0.9094620679668048,0.6274434328079224,0.0289735831923649,0.789799665824825,1.0,168.65875244140625
2 (10-31),batch02,49183,False,0.9611214214718417,1.1872439231897103,0.2988055348396301,0.07783175019527094,0.750770225241473,1.0,220.173095703125
2 (10-31),batch02,49815,False,1.0419553905799113,1.1665482927664113,0.624727189540863,0.053504126181870774,0.7731848570167454,1.0,216.33511352539062
2 (10-31),batch02,51846,False,0.9979197488742595,1.1594934167545694,0.24610203504562378,0.03301007914983089,0.7371517018551121,0.0,215.02679443359375
2 (10-31),batch02,54637,False,1.0084068530889616,0.9896313678767902,0.6064264178276062,0.032670225368617085,0.811246351259064,1.0,183.52606201171875
2 (10-31),batch03,937,False,1.018302553559105,1.1636766704137018,0.8292062282562256,0.08077942066754604,1.0505282284939355,0.0,216.37173461914062
2 (10-31),batch03,1712,False,0.9889133575138064,0.8912225658509028,0.46261468529701233,0.08714767416466981,0.6481772091821861,1.0,165.712158203125
2 (10-31),batch03,2261,False,0.8442199075401013,0.8218290488619632,0.42702776193618774,0.029496299743299145,0.74995941893779,1.0,152.80926513671875
2 (10-31),batch03,2543,False,1.060398887615074,1.00749160856136,0.5682374238967896,0.11738323830406029,0.6938591480704374,1.0,187.33099365234375
2 (10-31),batch03,11003,False,0.9882008354781405,0.9052073942151881,0.4231308698654175,0.17780715515353196,1.0122270297687894,1.0,168.31246948242188
2 (10-31),batch03,21076,False,0.6511339964055224,0.5023430048859173,0.046110495924949646,9.17285841648715,2.243692310421863,1.0,93.4046630859375
2 (10-31),batch03,26625,False,1.0076722018882547,0.9254374454377999,0.36274150013923645,0.11585774023377136,0.9688378646201857,1.0,172.07400512695312
2 (10-31),batch03,28990,False,1.0020441620070852,0.8113893786732803,0.7583770155906677,0.01964008809938297,0.6939730233953749,0.0,150.86813354492188
2 (10-31),batch03,35972,False,0.9935720394991926,0.9221350321206102,0.589287519454956,0.001122683104049461,0.7408283238246989,1.0,171.4599609375
2 (10-31),batch03,37820,False,0.7690547263050996,0.6970916736872288,0.35984838008880615,0.16153172821957637,0.8578291719272968,1.0,129.6158447265625
2 (10-31),batch03,46762,False,0.7859298513907018,0.8653394644874448,0.4662318825721741,0.09937321758248212,0.6155259806278514,1.0,160.89950561523438
2 (10-31),batch03,47713,False,0.9489993882600588,1.111386736217418,0.7079356908798218,0.039747217039907815,0.8271734884273323,1.0,206.6490478515625
2 (10-31),batch03,47980,True,-0.059742794565983505,-0.06760468925950017,0.0523819774389267,4.291091271025806,2.467319051208191,1.0,-12.570281982421875
2 (10-31),batch03,49905,False,1.005124120418494,1.1152993762983527,0.6782264113426208,0.05198353805205736,0.7721796436537965,0.0,207.37655639648438
2 (10-31),batch03,51414,False,1.0390481569084749,1.3278962752368897,0.4399084746837616,0.042206504032716835,0.8044607444722351,0.0,246.90640258789062
2 (10-31),batch03,54235,False,1.115562535180135,1.0685471104745146,0.6308338642120361,0.08818476731832268,0.7421707643109282,0.0,198.68353271484375
2 (10-31),batch03,54918,False,1.0039366473221494,1.0138661640420186,0.5079131722450256,0.05182971168421775,0.7887946618175705,1.0,188.51626586914062
2 (10-31),batch04,2018,False,1.0753007663711664,1.2111760936024014,0.5145720839500427,0.10216642340672842,0.7483770213338025,1.0,224.87265014648438
2 (10-31),batch04,12703,False,0.9982252699445109,0.9170327855945427,0.24387919902801514,0.10957910168072947,0.6535819771088857,1.0,170.2606201171875
2 (10-31),batch04,15242,False,0.9698816338495719,0.7466676178170408,0.31624189019203186,0.1241290962175141,0.7965777740159495,1.0,138.62982177734375
2 (10-31),batch04,16219,False,0.9543937234558718,1.0013210360986222,0.711573600769043,0.08597641114264395,0.7690938241271947,1.0,185.90997314453125
2 (10-31),batch04,16857,False,1.0177761879412506,0.8794504016446135,0.7946204543113708,0.03553658082489332,0.7713225891633728,0.0,163.28289794921875
2 (10-31),batch04,18533,False,1.03071670902823,0.8361948111569282,0.8006079792976379,0.009855189445645092,0.7212329865743677,1.0,155.25186157226562
2 (10-31),batch04,20421,False,1.016198509607594,1.1838542991038092,0.6988311409950256,0.04743425406421008,0.8550839086685463,0.0,219.79995727539062
2 (10-31),batch04,20804,False,1.002453263084495,1.1789074405217346,0.6938406229019165,0.036039266756558004,0.8391535500431683,0.0,218.88150024414062
2 (10-31),batch04,24683,False,1.000242815782613,1.0755645140479049,0.55512535572052,0.10295491421286618,0.7680947227257025,1.0,199.69436645507812
2 (10-31),batch04,31388,False,1.0090325717135256,1.0139092592680865,0.8021958470344543,0.08235447390847561,0.798463765255436,1.0,188.24716186523438
2 (10-31),batch04,32864,False,0.9795178205788806,1.1278380620464536,0.5518802404403687,0.012507662834339375,0.8933540754988802,1.0,209.39971923828125
2 (10-31),batch04,33176,False,1.0222959339133133,1.1942128526605063,0.7513625025749207,0.04885542526848877,0.8411321762163019,0.0,221.72317504882812
2 (10-31),batch04,33511,True,0.7663811418769367,0.820061799571029,0.08705223351716995,0.4213757743508265,1.051000386041434,1.0,152.25653076171875
2 (10-31),batch04,36887,False,0.8818487304027276,0.9564350664816307,0.6304470300674438,0.03243147653626222,0.8471470223780434,1.0,177.57623291015625
2 (10-31),batch04,47541,False,0.9974576637791414,1.2336325566938495,0.6705323457717896,0.04316107531969542,0.8753044297125951,0.0,229.04202270507812
2 (10-31),batch04,52154,False,1.0228706169766997,1.2651863676701358,0.6406470537185669,0.06477873494876817,0.7951072721570126,0.0,234.90045166015625
2 (10-31),batch04,52919,False,1.0110913957299865,1.084699666872731,0.664126992225647,0.035645565092601326,0.9376399930277876,1.0,201.39044189453125
2 (10-31),batch04,56845,False,0.7809609215777268,0.9945597047664304,0.6665912866592407,0.13481964399448934,0.6504113955749408,1.0,184.65463256835938
3 (10-31),test50,64573,False,1.0038625026688146,0.9546245703235794,0.6007397174835205,0.0703922531155185,0.6161240342992053,1.0,142.05322265625
3 (10-31),test50,64719,False,1.0086374530631286,0.996802536805896,0.5315560698509216,0.0627483633884263,0.6418425354027744,1.0,148.32952880859375
3 (10-31),test50,64865,False,0.9870190100880245,0.9781150861157579,0.5320705771446228,0.1413582911394128,0.9119804158501095,1.0,145.54873657226562
3 (10-31),test50,65158,False,1.0710643999453489,0.9565878385653315,0.5002421140670776,0.1398829897732155,0.8880257876494438,1.0,142.34536743164062
3 (10-31),test50,65305,False,0.996758635942836,0.8932952533534808,0.6352112889289856,0.10893947424034488,0.8238987905736594,1.0,132.92709350585938
3 (10-31),test50,65451,False,1.0173048788501688,0.9048375807235893,0.4728049337863922,0.13893796390800847,0.8341601200043111,1.0,134.6446533203125
3 (10-31),test50,65597,False,0.983593650193477,0.8621266011669685,0.6093369722366333,0.11810605043469807,0.7923963095085373,0.0,128.28903198242188
3 (10-31),test50,65744,False,1.2028357450301015,1.0579757849227645,0.7065888047218323,0.004889516813554942,0.7584577132587078,0.0,157.43243408203125
3 (10-31),test50,65890,False,0.9234755579401595,0.7705697620596003,0.500873863697052,0.07259053693185766,0.5696922035659167,1.0,114.66488647460938
3 (10-31),test50,66037,False,1.002500716103352,0.8649034372678066,0.6867184042930603,0.13265352120247867,0.7606744233911135,0.0,128.70223999023438
3 (10-31),test50,66183,False,1.0210611467791255,0.9590761216090145,0.7372668385505676,0.14383768818532475,0.8644207562968299,1.0,142.71563720703125
3 (10-31),test50,66329,False,0.9911931874428492,0.8316400580551524,0.8266411423683167,0.13493318098010212,0.7580774163682223,0.0,123.75247192382812
3 (10-31),test50,66476,False,0.9856342019834591,0.8110949573353694,0.9251314401626587,0.12012055788023024,0.7661037212660693,0.0,120.69525146484375
3 (10-31),test50,66622,False,1.1230772820833268,0.9327332988382202,0.5510828495025635,0.16543181512607372,0.8513415870296456,1.0,138.79568481445312
3 (10-31),test50,66769,False,0.994884705025939,0.8470248375068934,0.8517916202545166,0.13253844268928766,0.7616882347852493,0.0,126.04180908203125
3 (10-31),test50,66915,False,0.9889357820725072,0.8511675324283801,0.7560211420059204,0.12847208858204784,0.7583114088232752,0.0,126.65826416015625
3 (10-31),test50,67061,False,0.9930541423752935,0.9227315617775278,0.3366243243217468,0.045552415438799926,0.6082302101472035,1.0,137.307373046875
3 (10-31),test50,67354,False,1.0067934651235075,0.9502677678031801,0.4251314401626587,0.14078783782794133,0.9017263314470125,1.0,141.4049072265625
3 (10-31),test50,67501,False,1.0246300930361045,0.9755634321448106,0.5840559005737305,0.07231606965390462,0.6173788266875821,1.0,145.16903686523438
3 (10-31),test50,67647,False,1.0015076125849545,0.9329531487865288,0.4259282946586609,0.1290331316705611,0.8509889753855763,1.0,138.82839965820312
3 (10-31),test50,67793,False,0.9347895351927573,0.8125844817519415,0.66985684633255,0.11520556417151466,0.7620398560472063,1.0,120.91690063476562
3 (10-31),test50,67940,False,1.0245864922461216,0.8856386507693825,0.6850000619888306,0.12196707388693688,0.8215285695480918,0.0,131.78775024414062
3 (10-31),test50,68086,False,0.9352601626159995,0.8136833213256706,0.8533857464790344,0.11574612276595678,0.7605653193570133,1.0,121.08041381835938
3 (10-31),test50,68233,False,1.0234568907247246,0.8950915832949313,0.877182126045227,0.15517848760561692,0.8241827297605018,0.0,133.19439697265625
3 (10-31),test50,68379,False,1.001850246629674,0.7840991474046735,0.8442345261573792,0.12159094333866592,0.7798532011606626,1.0,116.67813110351562
3 (10-31),test50,68526,False,1.0092588371936133,0.7946363585465539,0.799872636795044,0.12430023819267061,0.7318738738093846,0.0,118.24612426757812
3 (10-31),test50,68672,False,1.0007931345007803,0.8275752950183273,0.8308387994766235,0.12667423739834013,0.7609467154748811,0.0,123.14761352539062
3 (10-31),test50,68818,False,1.0003751056011752,0.842563442193922,0.844580888748169,0.14708513871685083,0.7822898480755038,0.0,125.3779296875
3 (10-31),test50,68965,False,0.9955869910468448,0.8656185648515305,0.8785935640335083,0.13314340143460737,0.8161000008109708,0.0,128.80865478515625
3 (10-31),test50,69111,False,0.8480193863893115,0.6897615756022341,0.4129147529602051,0.13210182207424537,0.730498858543488,1.0,102.64019775390625
3 (10-31),test50,69258,False,1.0163060217161464,0.8100381599625763,0.8999418616294861,0.1306548227431066,0.7466149687317948,0.0,120.53799438476562
3 (10-31),test50,69404,False,1.1282993598729651,0.8877337879633383,0.693573534488678,0.08676788969233835,0.5789047354608836,1.0,132.09951782226562
3 (10-31),test50,69550,False,1.0023935312038756,0.879833135529905,0.7116580605506897,0.11952507584480286,0.7996622670929244,0.0,130.92385864257812
3 (10-31),test50,69697,False,1.0043804257007378,0.9132638632106747,0.7428131699562073,0.13990514974739013,0.8214367117496514,0.0,135.89852905273438
3 (10-31),test50,69843,False,0.9863377611649159,0.9063443321883499,0.6048116087913513,0.17607951294609414,0.842698418628062,1.0,134.86886596679688
3 (10-31),test50,69990,False,1.01377559523248,0.9256722599200624,0.6365878582000732,0.17650165467981874,0.8173749627684913,1.0,137.74496459960938
3 (10-31),test50,70136,False,0.9898954751780579,0.8261485262772985,0.6365001201629639,0.14198606106835843,0.7546669898281856,0.0,122.935302734375
3 (10-31),test50,70282,False,1.0286113779699817,0.8931539505415548,0.7552241086959839,0.16875539140751294,0.8020905363308596,0.0,132.90606689453125
3 (10-31),test50,70429,False,0.9837551110125738,0.9022533184114283,0.6630496382713318,0.1814221335724621,0.8296981458536677,0.0,134.26010131835938
3 (10-31),test50,70575,False,1.0116284051498206,0.9806158792777683,0.41501253843307495,0.16879554073658057,0.9099680224959943,1.0,145.92086791992188
3 (10-31),test50,70722,False,0.9337670724890577,0.8511743001973112,0.41784384846687317,0.12523257823060693,0.786618883842618,1.0,126.65927124023438
3 (10-31),test50,70868,False,0.9878348677170183,0.9087930340379812,0.4631975591182709,0.15470772533568333,0.846959796483018,1.0,135.23324584960938
3 (10-31),test50,71014,False,1.0053706811663272,0.97386226113621,0.4283871054649353,0.009981103288622867,0.6874969035167342,1.0,144.9158935546875
3 (10-31),test50,71161,False,0.9925724208354627,0.9581567304539143,0.584975004196167,0.17159255247581096,0.8883202112953192,1.0,142.57882690429688
3 (10-31),test50,71307,False,0.9930394993936547,0.941038581820173,0.3872219920158386,0.04529279210252489,0.7262209510000466,1.0,140.03155517578125
3 (10-31),test50,71454,False,1.0122006859522552,0.939316697336965,0.6171187162399292,0.16289892286874372,0.8737600647215007,1.0,139.77532958984375
3 (10-31),test50,71600,False,0.9770880209768695,0.8372720723093042,0.7618662714958191,0.1599509322415473,0.7712541541190635,0.0,124.59054565429688
3 (10-31),test50,71747,False,0.9856701932655241,0.8453954458657443,0.8197520971298218,0.14729791179161963,0.7853557833218532,0.0,125.79934692382812
3 (10-31),val20,57278,False,0.9366167530113518,0.7859990447191612,0.680312991142273,0.08833707346741888,0.5600621576939911,1.0,116.96084594726562
3 (10-31),val20,57655,False,0.8408547919797391,0.8077510642316644,0.8197351098060608,0.0824632664610582,0.5893579727958891,1.0,120.19766235351562
3 (10-31),val20,58033,False,1.1996777582981129,1.1698492612775129,0.5181255340576172,0.10445843034105248,0.8980666113119873,1.0,174.07980346679688
3 (10-31),val20,58410,False,0.9833103509950418,0.9809286322359498,0.6604813933372498,0.006509251502757487,0.7229022340732177,1.0,145.9674072265625
3 (10-31),val20,58788,False,0.9965274267746302,0.8450718234604915,0.9100382328033447,0.15299378010234954,0.7990877882163983,0.0,125.75119018554688
3 (10-31),val20,59165,False,0.9893402915412677,0.9200790065243344,0.6908875703811646,0.1374898470996606,0.8527229585875168,0.0,136.91265869140625
3 (10-31),val20,59543,False,0.99712159268548,0.9229682286062107,0.7062201499938965,0.1678587803342163,0.9007291140821542,1.0,137.34259033203125
3 (10-31),val20,59921,False,1.169441858912654,1.296963958349099,0.6514689326286316,0.12930673042705115,1.0527049358468548,0.0,192.99514770507812
3 (10-31),val20,60298,False,0.9812849978372944,1.0328858197398592,0.7366845607757568,0.021641176252439866,0.7412176516577473,0.0,153.69891357421875
3 (10-31),val20,60676,False,1.0095763884884406,0.9658598870849024,0.5803143978118896,0.03380686337479397,0.6474469670196031,1.0,143.72509765625
3 (10-31),val20,61053,False,0.9910020727163522,0.9308776996476453,0.5467568039894104,0.1254549381676893,0.8333021801428403,1.0,138.51956176757812
3 (10-31),val20,61431,False,1.0058212399123885,0.8893744592193727,0.6614348888397217,0.15080747752660115,0.8406349686147448,0.0,132.34365844726562
3 (10-31),val20,61808,False,1.0385519648754438,0.9053338837785397,0.6490770578384399,0.15571923477210406,0.8595013856954873,0.0,134.718505859375
3 (10-31),val20,62186,False,1.0033816454357036,0.9010552182267092,0.6670122146606445,0.14317435465600192,0.8276486657554749,0.0,134.08181762695312
3 (10-31),val20,62564,False,0.9911817494959291,0.8371330254203554,0.6205723285675049,0.13924060389376364,0.8103237122290847,1.0,124.56985473632812
3 (10-31),val20,62941,False,1.1251906020011155,1.1798099815568042,0.36854782700538635,0.19136872164875351,0.9483092850082021,1.0,175.56201171875
3 (10-31),val20,63319,False,0.9810506181986676,0.8484608350237375,0.7107488512992859,0.10397009012661222,0.840305719318012,0.0,126.2554931640625
3 (10-31),val20,63696,False,0.9729787434000108,0.8514195805500884,0.518262505531311,0.1200144127056858,0.8216496224869634,1.0,126.69577026367188
3 (10-31),val20,64074,False,1.0088739003025808,1.0410124746388114,0.21322380006313324,0.1421838232886884,1.005078710619265,1.0,154.908203125
3 (10-31),val20,64452,False,1.007263005595499,0.939889906857042,0.485496461391449,0.11583152889425077,0.834187802641465,1.0,139.86062622070312
3 (10-31),batch02,1274,False,-1.888383924748832,-2.17988942925161,0.30128034949302673,0.10929600971490305,0.82650363980514,1.0,-323.1885986328125
3 (10-31),batch02,2006,False,0.9308400857713898,1.3129445294732682,0.7949424386024475,0.025251564162876897,0.885888500266766,1.0,194.65606689453125
3 (10-31),batch02,3068,False,1.010463108216236,1.5224906813932404,0.8351065516471863,0.08299252891801082,0.8126623864514937,0.0,225.72320556640625
3 (10-31),batch02,9219,False,1.0109418170037823,1.2859602196841537,0.6855557560920715,0.10653733347714806,0.7339091274762808,0.0,190.6553955078125
3 (10-31),batch02,11066,False,0.9666300570274984,0.8907837777560275,0.5344807505607605,0.0732197699404276,0.5865071314485866,1.0,132.06686401367188
3 (10-31),batch02,24332,False,0.9867463276117018,1.1999553740189308,0.7092666029930115,0.0017768932703332448,0.8771218945857835,1.0,177.90438842773438
3 (10-31),batch02,27154,False,0.9892522734696768,0.9805534259754703,0.5842476487159729,0.1700826639021415,0.8783260573048112,1.0,145.37603759765625
3 (10-31),batch02,32474,True,1.0067951543541902,0.9781446933625955,0.19856207072734833,2.7743706302643667,1.6099306761663503,1.0,145.0189208984375
3 (10-31),batch02,34007,False,1.0385186241704936,1.1975073260814055,0.7660196423530579,0.0751743022644786,0.7349097200830392,0.0,177.54144287109375
3 (10-31),batch02,35726,False,0.7262050986218174,0.6046641354596132,0.33308231830596924,0.16479727429866128,0.7067785366215104,1.0,89.64700317382812
3 (10-31),batch02,37340,True,-2.3200951202400946,-2.3151296175823073,0.10551834851503372,3.0114910378181636,7.047656370752624,1.0,-343.23919677734375
3 (10-31),batch02,38417,False,0.9830522345162593,0.8233841375838757,0.6692689061164856,0.1619347871085009,0.8174828191371304,1.0,122.07424926757812
3 (10-31),batch02,41298,False,0.9957712673970955,0.9790079837897359,0.8821266889572144,0.030830065638233158,0.6752768167768564,0.0,145.14691162109375
3 (10-31),batch02,50095,False,1.0148310393298978,0.9224768695697637,0.4411233365535736,0.050143876014099115,0.6993443241913563,1.0,136.76565551757812
3 (10-31),batch02,51816,False,1.0867140322947464,0.9220861863960126,0.6129156947135925,0.15926725711136655,0.8653248234642007,1.0,136.70773315429688
3 (10-31),batch02,52953,False,0.7875069287254576,0.6733473901056913,0.6052217483520508,0.09982217704207504,0.5431557188131603,1.0,99.82992553710938
3 (10-31),batch02,53127,False,1.0010386993023987,0.8105650775144851,0.6681029200553894,0.0635018406222598,0.5406362754630025,0.0,120.1737060546875
3 (10-31),batch02,55853,False,1.03880298532043,1.197099764077176,0.5132260918617249,0.12708691815623807,0.6597839551678688,1.0,177.48101806640625
3 (10-31),batch03,4310,False,1.0226150986785112,1.3377460710483808,0.7245433330535889,0.04511181774290013,0.8399030164748161,1.0,198.13479614257812
3 (10-31),batch03,9767,False,0.9715843558635296,1.3913401370222747,0.8404973745346069,0.02628953291345272,0.9003992683254534,1.0,206.07266235351562
3 (10-31),batch03,11817,False,0.97169323420166,0.8932986503920993,0.5312507152557373,0.0721273223166284,0.5664730307857186,1.0,132.30728149414062
3 (10-31),batch03,11930,False,1.020311417606757,0.9612742756292447,0.6518532633781433,0.15513809176665258,0.8531844464427245,1.0,142.37521362304688
3 (10-31),batch03,17154,False,1.0026959820177193,0.9721650131348814,0.6831746697425842,0.1511083504133261,0.8816349689251186,1.0,143.98825073242188
3 (10-31),batch03,19913,False,1.1132758438103179,1.1339290175537318,0.8793039321899414,0.025666557596824065,0.7289699147234472,0.0,167.947265625
3 (10-31),batch03,22496,False,1.0189975036551342,1.2332171614830614,0.5260651707649231,0.12708834806342964,0.6819194730567575,1.0,182.65292358398438
3 (10-31),batch03,22617,False,1.0370173692266675,1.2630500679074241,0.41374465823173523,0.12488274270131391,0.693428912043641,1.0,187.07150268554688
3 (10-31),batch03,26043,True,0.42816865225101813,0.42170536182763124,0.09977130591869354,2.3096095217092656,0.8578074683463911,1.0,62.45916748046875
3 (10-31),batch03,27322,False,0.9839710379797659,1.0018264897574298,0.6822637319564819,0.038744443236053625,0.6534872537546594,0.0,148.38143920898438
3 (10-31),batch03,33644,False,1.0282658888896163,1.1650169467219047,0.389542818069458,0.09568938469910271,0.6900897847320598,1.0,172.55172729492188
3 (10-31),batch03,33899,False,0.9944957006435722,1.1640108268634208,0.17637288570404053,0.09285358544698037,0.6918484980486884,1.0,172.4027099609375
3 (10-31),batch03,34676,False,0.7596100282772326,0.9812705729927801,0.3131316900253296,0.14125007051448454,0.5846777189086689,1.0,145.33688354492188
3 (10-31),batch03,38499,False,1.0238923709905277,0.8557674744300191,0.7561625838279724,0.14856478144642699,0.7851228396966757,1.0,126.74850463867188
3 (10-31),batch03,45454,True,-1.1622628744071788,-1.0491475024666215,0.029954291880130768,0.719504206470108,0.5655846130023179,1.0,-155.39019775390625
3 (10-31),batch03,45756,False,1.0436397180189516,0.9438784776992389,0.48786666989326477,0.13729391756073075,0.8488474812109228,1.0,139.7987060546875
3 (10-31),batch03,52120,False,1.0072495043220173,0.7886168551141044,0.610772430896759,0.13946590211175375,0.7241358973733233,1.0,116.80276489257812
3 (10-31),batch03,52444,False,1.0038512982554062,0.9012454107242734,0.5439771413803101,0.03142279048866764,0.638737463114229,1.0,133.48428344726562
3 (10-31),batch03,55757,False,0.9980983067382656,1.1621518849499985,0.5212348699569702,0.062358148354310305,0.9487505372460956,1.0,172.12738037109375
"4 (10-30, poor)",test50,65012,False,0.9678229041953532,0.8875029336800497,0.5056914687156677,0.08441831140030448,0.5763754508305344,1.0,146.73492431640625
"4 (10-30, poor)",test50,65158,False,0.9916702161663663,0.8730157455672706,0.4631936848163605,0.08031923016403415,0.5738830015366203,1.0,144.33969116210938
"4 (10-30, poor)",test50,65597,False,1.02133181877637,0.9267268935145436,0.4628060758113861,0.01598963170959927,0.5882624359948796,0.0,153.22000122070312
"4 (10-30, poor)",test50,65744,False,1.0045730650801052,0.9069590351669676,0.44040194153785706,0.014765557787261333,0.5950404726387839,1.0,149.95169067382812
"4 (10-30, poor)",test50,65890,False,0.8901603874804641,0.7532102973531031,0.3950461149215698,0.08542221087723413,0.8330416350905421,1.0,124.53170776367188
"4 (10-30, poor)",test50,66037,False,1.0082199286523428,0.8633821078695351,0.4963744282722473,0.03105607901784581,0.5635851442219556,1.0,142.74691772460938
"4 (10-30, poor)",test50,66183,False,0.9928859072654641,0.8633610656657961,0.525404155254364,0.1305991391226137,0.6895162967087306,1.0,142.74343872070312
"4 (10-30, poor)",test50,66329,False,0.9916154794358923,0.8508961440807681,0.43551886081695557,0.08866545489060303,0.5556351995618312,1.0,140.68255615234375
"4 (10-30, poor)",test50,66476,False,0.991723212740833,0.8447702786624579,0.5417136549949646,0.031167430195506416,0.5538555410494077,1.0,139.66973876953125
"4 (10-30, poor)",test50,66622,False,0.9984258698286308,0.8517154979614442,0.42266714572906494,0.1762458501532664,0.7168105427582648,1.0,140.81802368164062
"4 (10-30, poor)",test50,66915,False,1.0198858984967896,1.020998181233732,0.4756946265697479,0.04610966021657309,1.1143977397464637,1.0,168.80630493164062
"4 (10-30, poor)",test50,67061,False,1.0002695100715582,1.0029273581596267,0.41560330986976624,0.05484473458255825,1.0370489521136297,1.0,165.81857299804688
"4 (10-30, poor)",test50,67208,False,1.0049892818180406,0.9963319193526163,0.3496599793434143,0.06927181674070845,1.0038986809612844,1.0,164.72811889648438
"4 (10-30, poor)",test50,67647,False,1.0090999298372996,0.9830326928474135,0.3524559736251831,0.08215520792114964,0.6845412864458592,1.0,162.529296875
"4 (10-30, poor)",test50,67793,False,0.9976961289183008,0.9649120329749791,0.5667188763618469,0.09571611470405454,0.6866637894490158,0.0,159.5333251953125
"4 (10-30, poor)",test50,67940,False,0.9475433813964498,0.8408593820587711,0.3720686435699463,0.03587577698978741,0.5378230991277766,1.0,139.02313232421875
"4 (10-30, poor)",test50,68086,False,1.0012148505298282,0.8782738969524521,0.47403720021247864,0.028184663102911355,0.6864565623634671,1.0,145.20904541015625
"4 (10-30, poor)",test50,68233,False,0.9983575226400454,0.8846566987532587,0.48075854778289795,0.13871388548999208,0.6900119723013782,1.0,146.26434326171875
"4 (10-30, poor)",test50,68379,False,1.0035311327735001,0.9172625163503922,0.4565720856189728,0.13858014786109335,0.7238213627299748,1.0,151.65521240234375
"4 (10-30, poor)",test50,68526,False,1.0161626679805837,0.9334065011365097,0.43498945236206055,0.1396613997742281,0.7204091802237343,0.0,154.32437133789062
"4 (10-30, poor)",test50,68672,False,0.6248639551214145,0.5882621234702987,0.501211941242218,0.09647500234774851,0.9317541635466324,1.0,97.26007080078125
"4 (10-30, poor)",test50,68818,False,1.0408566606129022,0.9375863318704387,0.5006991028785706,0.09952589574395655,0.7034732277698599,1.0,155.01544189453125
"4 (10-30, poor)",test50,68965,False,0.9952493937882069,0.8982359342327768,0.5742244720458984,0.029134167465701397,0.5842760051919921,1.0,148.50946044921875
"4 (10-30, poor)",test50,69111,False,1.0209584377318548,0.9215010437579088,0.5436214208602905,0.11035207604386903,0.7023871669650829,1.0,152.35598754882812
"4 (10-30, poor)",test50,69258,False,0.9490721191095699,0.7245386335322098,0.3533153831958771,0.1128223348094433,0.8900387691840637,1.0,119.79129028320312
"4 (10-30, poor)",test50,69404,False,1.0268217142036542,0.8235613985202347,0.49968472123146057,0.06995832659951033,0.5519781173490216,1.0,136.16317749023438
"4 (10-30, poor)",test50,69550,False,1.0041121810875877,0.819006130572227,0.4843299090862274,0.02237623301635326,0.5253769200861531,1.0,135.4100341796875
"4 (10-30, poor)",test50,70136,False,1.008934969830225,0.8844754404719286,0.5499306917190552,0.026469491092977596,0.613027062865874,1.0,146.234375
"4 (10-30, poor)",test50,70282,False,0.9974234252662245,0.8883449909910758,0.505267858505249,0.03735703402507206,0.5781007413713074,1.0,146.8741455078125
"4 (10-30, poor)",test50,70575,False,0.9950846642079557,0.792451054034441,0.5180319547653198,0.017632139121521475,0.6359930740465238,1.0,131.01956176757812
"4 (10-30, poor)",test50,70722,False,1.0018205989393256,0.8602403591867263,0.5146992802619934,0.024299317584706905,0.5803326341429705,1.0,142.22747802734375
"4 (10-30, poor)",test50,70868,False,0.9936567361103319,0.8827191547826668,0.5609872937202454,0.02716950602130502,0.5879419011585989,1.0,145.94400024414062
"4 (10-30, poor)",test50,71014,False,1.007142777994605,0.9059449486113391,0.5227153301239014,0.09461091733904686,0.7056406287543764,1.0,149.78402709960938
"4 (10-30, poor)",test50,71161,False,0.9999252818587689,0.9127299518327344,0.5572395920753479,0.11714803208191987,0.6902876675847837,1.0,150.90582275390625
"4 (10-30, poor)",test50,71307,False,0.9934369540098354,0.9198017935156234,0.5255329012870789,0.0021867822838645646,0.6076814634917624,1.0,152.07504272460938
"4 (10-30, poor)",test50,71454,False,0.988904492915487,0.9002753667688413,0.47703105211257935,0.03228997849339957,0.6633527700295412,1.0,148.84664916992188
"4 (10-30, poor)",test50,71600,False,1.0005977052080395,0.8860582202707117,0.4381081759929657,0.05217357428649495,0.6045904413978399,1.0,146.49606323242188
"4 (10-30, poor)",test50,71747,False,1.0495155392385063,0.9013424279952862,0.3228503465652466,0.03440982286033559,0.5883411926723527,1.0,149.0230712890625
"4 (10-30, poor)",val20,57655,False,0.9331751807786964,0.797304050707281,0.35467901825904846,0.15659556959251075,0.5068292049877021,1.0,131.82192993164062
"4 (10-30, poor)",val20,58410,False,1.0154899006546547,0.8905084617807593,0.5959184765815735,0.01980741900480456,0.6788411873055767,1.0,147.23184204101562
"4 (10-30, poor)",val20,59543,False,1.015725803707024,0.9365107799302045,0.5698748230934143,0.020672765062829373,0.6105320675109736,1.0,154.83761596679688
"4 (10-30, poor)",val20,59921,False,0.9889224319379768,0.8804600711724855,0.49578428268432617,0.08614976052884622,0.5777106990474149,1.0,145.57049560546875
"4 (10-30, poor)",val20,60676,False,1.0158917161352035,0.8750850801823326,0.43525010347366333,0.10903209304498448,0.608080738181972,1.0,144.68182373046875
"4 (10-30, poor)",val20,61053,False,0.9997091069201782,0.8725437726290213,0.493460088968277,0.11657138886949164,0.5585713375840168,1.0,144.26165771484375
"4 (10-30, poor)",val20,61808,False,0.897364290381989,0.8366993014634391,0.7303785085678101,0.11204907600868393,0.5770797896262357,1.0,138.3353271484375
"4 (10-30, poor)",val20,62186,False,1.0997388115637865,1.056188498276062,0.6082944273948669,0.05176794008938255,0.7007261390957307,0.0,174.62448120117188
"4 (10-30, poor)",val20,62564,False,1.069131944682123,1.0378574163662384,0.709796667098999,0.06002555377401419,0.7501175225994144,0.0,171.59371948242188
"4 (10-30, poor)",val20,62941,False,0.9090940599185745,0.7891607178603179,0.47559064626693726,0.03894156425932925,0.6150888983628344,1.0,130.47555541992188
"4 (10-30, poor)",val20,63696,False,0.9937769699778775,0.8959919862428287,0.4512523412704468,0.10721424359712058,0.7162084404725514,1.0,148.13845825195312
"4 (10-30, poor)",val20,64074,False,0.960659338995115,0.8430138083924614,0.5425961017608643,0.08655652196740468,0.5489534668081131,1.0,139.37933349609375
"4 (10-30, poor)",val20,64452,False,1.0032688080550238,0.8618449195121863,0.5255728960037231,0.14021093154614966,0.717851684237706,1.0,142.49276733398438
"4 (10-30, poor)",batch02,2088,False,1.0054330480498348,1.357648925414531,0.5836377143859863,0.04303317156603721,0.9122793532192258,1.0,225.49234008789062
"4 (10-30, poor)",batch02,2346,False,0.9914003306390756,1.5033923616167175,0.5011218190193176,0.01704899550290345,0.9266186383891345,0.0,249.69891357421875
"4 (10-30, poor)",batch02,2855,False,0.23876025922743466,0.27932359476136426,0.06474388390779495,0.6441957732197794,0.8424729467378628,1.0,46.3929443359375
"4 (10-30, poor)",batch02,2921,False,0.7401265227114181,0.8266475698663147,0.19878041744232178,0.09407602050925708,0.5730457646277676,1.0,137.29815673828125
"4 (10-30, poor)",batch02,3032,True,0.394687817075,0.4264133002661027,0.06780870258808136,0.623301660852434,10.448490505799308,1.0,70.8231201171875
"4 (10-30, poor)",batch02,3884,False,0.9759318526210551,1.029883338332616,0.5593637228012085,0.06656931029908898,0.7040918565417585,1.0,171.05364990234375
"4 (10-30, poor)",batch02,5584,False,1.016328822985961,1.1697264879449916,0.5410664677619934,0.07685156326515782,0.7898288787305441,1.0,194.28024291992188
"4 (10-30, poor)",batch02,6214,False,0.9995764236838169,1.2574423547494027,0.31571540236473083,0.1291918149836777,0.8567020222517157,0.0,208.8489990234375
"4 (10-30, poor)",batch02,22447,False,1.0010868951245144,1.2781464589231224,0.4262869656085968,0.07544068600039405,0.8155833020936479,0.0,212.28775024414062
"4 (10-30, poor)",batch02,23932,False,0.9817165973605436,1.1981640612977893,0.6775076389312744,0.08568604031670458,0.7798629440021501,0.0,199.00344848632812
"4 (10-30, poor)",batch02,37006,True,0.4533615321017797,0.4257400737443953,0.16227491199970245,0.3820546331905631,0.19873404158275454,1.0,70.7113037109375
"4 (10-30, poor)",batch02,39296,False,1.010465397396374,0.9645634615676127,0.4899541437625885,0.14267010629315802,1.0339223514755886,1.0,160.20465087890625
"4 (10-30, poor)",batch02,40252,False,0.9861059780566772,1.0042849287935254,0.34082427620887756,0.3423046825680168,0.3147598974942024,1.0,166.802001953125
"4 (10-30, poor)",batch02,41995,False,0.9801485305173185,0.9188208062640935,0.5158054232597351,0.33526516739062495,0.3007332651770811,1.0,152.60723876953125
"4 (10-30, poor)",batch02,43455,False,1.0001854882319352,0.9595543181629221,0.4207633137702942,0.3239927236989104,0.32160967100726134,1.0,159.3726806640625
"4 (10-30, poor)",batch02,47574,False,0.9932332729715726,0.9335744625924274,0.1729944497346878,0.3188170080448494,0.3165159849854004,1.0,155.05767822265625
"4 (10-30, poor)",batch02,51066,False,0.9990122608252223,0.9934894181340288,0.5354843735694885,0.11838246601219564,0.9322341949855323,1.0,165.00897216796875
"4 (10-30, poor)",batch02,55251,False,1.011699391237246,0.823855627454376,0.5006886720657349,0.33275290634904187,0.2942762887565281,1.0,136.83444213867188
"4 (10-30, poor)",batch03,562,False,1.0123730588692168,1.375134561788899,0.5292615294456482,0.03987563829868875,0.8978568613185428,0.0,228.36676025390625
"4 (10-30, poor)",batch03,4061,False,0.9612159126398045,1.0274077877325223,0.7245948910713196,0.05795455011605827,0.7203115619980097,0.0,170.6202392578125
"4 (10-30, poor)",batch03,6066,False,1.0295320201374087,1.3184059945554158,0.508486270904541,0.027746894730430557,0.926877795758911,0.0,218.9459228515625
"4 (10-30, poor)",batch03,12270,False,0.983450374507686,1.0510706322134582,0.7731763124465942,0.013794218517529265,0.796701563801057,0.0,174.54989624023438
"4 (10-30, poor)",batch03,18844,False,0.9979714001777686,1.1237577038806352,0.6297483444213867,0.021010948874020097,0.8777381917199515,1.0,186.62094116210938
"4 (10-30, poor)",batch03,20344,False,1.0524475925037928,1.2408348215220946,0.40262317657470703,0.10274238702447275,0.8465650685717945,0.0,206.06378173828125
"4 (10-30, poor)",batch03,23814,False,0.9994019461323643,1.2275826215815608,0.7857512831687927,0.06126002336240017,0.787009172241935,0.0,203.86300659179688
"4 (10-30, poor)",batch03,25624,False,0.957970706450525,0.9669680899741957,0.42714396119117737,0.10402837565513808,0.6193135324614764,1.0,160.58309936523438
"4 (10-30, poor)",batch03,34302,False,0.9986502807112224,1.0507501463686786,0.42048758268356323,0.04897477268504306,0.7099247374105593,1.0,174.49667358398438
"4 (10-30, poor)",batch03,39977,False,0.9941722988765959,1.006341356382832,0.4685184955596924,0.042140538092664104,0.5893002273187148,1.0,167.12176513671875
"4 (10-30, poor)",batch03,41265,False,0.9089396436847932,0.8887008158055386,0.3486189842224121,0.14594521333666316,0.5790554905315406,1.0,147.58535766601562
"4 (10-30, poor)",batch03,42370,False,0.9782989001073445,0.9244704541085954,0.41347888112068176,0.13452637225911815,0.7242794301393031,1.0,153.52557373046875
"4 (10-30, poor)",batch03,45879,False,1.0023298833982563,0.9074922386928588,0.5495189428329468,0.25148331729140977,0.7516717875952481,1.0,150.70602416992188
"4 (10-30, poor)",batch03,46010,False,1.0058735538743826,0.9148656183006239,0.4956241548061371,0.2392792385838827,0.7385961482516906,1.0,151.93051147460938
"4 (10-30, poor)",batch03,50920,False,1.003132451097474,1.0075768072626796,0.38692858815193176,0.22986141033572174,0.6762304520894349,1.0,167.32693481445312
"4 (10-30, poor)",batch03,51782,False,0.9838787642739428,0.9001122435516006,0.5533263087272644,0.10900764534465765,0.6074769329312313,1.0,149.48043823242188
"4 (10-30, poor)",batch03,54969,False,0.9983094641514693,0.7951681981014154,0.5107024312019348,0.15513717455158782,0.5233949731971617,1.0,132.05252075195312
"4 (10-30, poor)",batch04,175,False,1.0084162741183256,1.4433159783753011,0.5975143313407898,0.0260706079369922,0.8837487108415905,0.0,239.54708862304688
"4 (10-30, poor)",batch04,263,False,1.04138875156037,1.4121697264697908,0.5317397117614746,0.050258205568123764,0.8552774942536808,0.0,234.37774658203125
"4 (10-30, poor)",batch04,3291,False,0.5771747665625009,0.6210973294399829,0.28413522243499756,0.07897882912115638,0.41788521303759907,1.0,103.08349609375
"4 (10-30, poor)",batch04,6143,False,1.050773091989757,1.3435742019840569,0.6697195768356323,0.014387067694557493,0.962101009851612,0.0,222.99295043945312
"4 (10-30, poor)",batch04,11318,False,0.9461820770248826,1.0673559371617578,0.7507831454277039,0.03595773726924871,0.8137956879817596,1.0,177.14901733398438
"4 (10-30, poor)",batch04,14990,False,1.0853786885794514,1.3537304885434016,0.5842616558074951,0.02632637163210537,0.885387146882192,0.0,224.6785888671875
"4 (10-30, poor)",batch04,23109,False,1.0171818840121338,1.2876840108680632,0.7775840163230896,0.05923374102749482,0.7821375367393233,0.0,213.71685791015625
"4 (10-30, poor)",batch04,24902,False,1.0217285397877718,1.1247027789905808,0.6974720358848572,0.007172952726971352,0.8749508401630196,0.0,186.6668701171875
"4 (10-30, poor)",batch04,28916,False,0.9962675823371588,1.1620474272012513,0.5093792080879211,0.034730112868020094,0.852526314791296,1.0,192.86495971679688
"4 (10-30, poor)",batch04,33334,False,0.9749494991369628,0.9513464503608392,0.35235780477523804,0.10389597051373038,0.6072241384433607,1.0,157.89492797851562
"4 (10-30, poor)",batch04,33729,False,1.0104353617308572,1.0453092472956944,0.3907730281352997,0.061225670358045325,0.8085978370547547,1.0,173.48992919921875
"4 (10-30, poor)",batch04,36460,False,0.9912993302918723,1.0272774486584406,0.34130245447158813,0.19334849448315788,0.6972006457497915,1.0,170.4971923828125
"4 (10-30, poor)",batch04,47456,False,0.993407677704466,0.9230184369652423,0.445541650056839,0.031753831701646314,0.6278020824253654,0.0,153.19332885742188
"4 (10-30, poor)",batch04,48407,False,1.0103367399122574,0.9526655632381223,0.38351067900657654,0.08387707270213098,0.7393404469493943,1.0,158.11386108398438
"4 (10-30, poor)",batch04,50999,False,0.9968570710595404,1.0018533591088064,0.4854592978954315,0.08341553628329251,0.6899661247181769,1.0,166.27755737304688
"4 (10-30, poor)",batch04,51926,False,1.0073802269402492,0.9105161006148107,0.47073236107826233,0.05245563419854263,0.6028896824921612,1.0,151.11831665039062
"4 (10-30, poor)",batch04,52522,False,0.9276997131843763,0.8023006696603211,0.39064714312553406,0.0659721474334668,0.6496634431217305,1.0,133.15780639648438
"4 (10-30, poor)",batch04,52988,False,0.7085108172738018,0.5521208177948217,0.2199559062719345,1.2335050452353273,1.4169094733336152,1.0,91.63546752929688
"4 (10-30, poor)",batch04,53857,False,1.036421701528814,0.8525199992976009,0.46509745717048645,0.11277312826214465,0.6985003811494692,1.0,141.49270629882812
"4 (10-30, poor)",batch05,987,False,1.0166079513447115,1.3776317248759293,0.8615260720252991,0.03713357143938133,0.9117044004217302,0.0,228.77395629882812
"4 (10-30, poor)",batch05,8243,False,0.7749169201235057,0.8391371995472989,0.3816569149494171,0.037241004752123656,0.6518203421698007,1.0,139.34982299804688
"4 (10-30, poor)",batch05,19800,True,0.45168521612305024,0.460707449766928,0.09797042608261108,2.1755339493085764,1.9521647347611026,1.0,76.50656127929688
"4 (10-30, poor)",batch05,20120,False,0.9867019396754962,1.01332972652417,0.6313349604606628,0.044135526901689724,0.8461620471234439,0.0,168.27679443359375
"4 (10-30, poor)",batch05,22169,False,1.0088905403560984,1.3067836527377859,0.4730442464351654,0.18658140278431987,0.7534144667344405,0.0,217.00869750976562
"4 (10-30, poor)",batch05,22515,False,1.0131756903965654,1.328911316691474,0.6477660536766052,0.0050898602339555215,0.8693143419421987,0.0,220.68328857421875
"4 (10-30, poor)",batch05,22867,False,0.18414197051181547,0.23724522354299352,0.5944684147834778,0.0738081308191657,0.7726371128524908,1.0,39.397705078125
"4 (10-30, poor)",batch05,24576,False,1.0019007767796282,1.0816513170535027,0.622033953666687,0.028707135219940918,0.904226569274408,1.0,179.62249755859375
"4 (10-30, poor)",batch05,33869,False,1.0132002685148613,1.0512422036366598,0.5513739585876465,0.10388607527904378,0.7804407603466288,1.0,174.57266235351562
"4 (10-30, poor)",batch05,34748,True,0.35825603838024545,0.35187412726076045,0.014246288686990738,0.42806984716726104,0.16210500921601884,1.0,58.433349609375
"4 (10-30, poor)",batch05,35337,False,0.9961666391728065,1.0131935523263138,0.403571754693985,0.06358241660730071,0.5591173268888308,0.0,168.25418090820312
"4 (10-30, poor)",batch05,38340,False,0.9134498825891816,0.8546910127510321,0.2978925108909607,0.31352693760643086,0.2710616395903528,1.0,141.9327392578125
"4 (10-30, poor)",batch05,40565,False,0.9385271259180126,0.9095855700925443,0.44066208600997925,0.05435077331490681,0.672738208137522,1.0,151.0487060546875
"4 (10-30, poor)",batch05,46267,False,1.1117197505641276,1.0719790898179098,0.510329008102417,0.14163725867963653,0.8041946823973959,1.0,178.01629638671875
"4 (10-30, poor)",batch05,51215,False,0.9618512432829841,0.8376321163078342,0.4497413635253906,0.058947956212713724,0.6014798903890617,1.0,139.09988403320312
"4 (10-30, poor)",batch05,53312,False,0.9682940871233973,0.7672932731875853,0.44889605045318604,0.3253474909492153,0.26598404103956225,1.0,127.419189453125
"4 (10-30, poor)",batch05,56112,True,-1.7396646012423107,-1.2971617787143557,0.04163661599159241,0.8436963156712322,0.5240191515174872,1.0,-215.41085815429688
"4 (10-30, poor)",batch05,56606,False,0.984203419678423,0.8156904284516231,0.3859274387359619,0.07766196848344004,0.5747778593983516,1.0,135.4561767578125
"4 (10-30, poor)",batch06,19429,False,0.9999217146038056,1.129294282325647,0.6155350804328918,0.11743019409997224,1.0230846429533926,0.0,186.71139526367188
"4 (10-30, poor)",batch06,19614,False,0.976948198305431,1.0036752792960313,0.6182777881622314,0.08910928150450353,0.5792192189308774,0.0,165.94223022460938
"4 (10-30, poor)",batch06,19675,False,1.0188300265661006,1.0329754405180738,0.5723530054092407,0.1026793529182103,0.8321920959128757,1.0,170.78656005859375
"4 (10-30, poor)",batch06,22008,True,-2.100621845183403,-2.653461391755351,0.039995718747377396,3.744094789926271,3.7507762367462854,1.0,-438.70892333984375
"4 (10-30, poor)",batch06,22238,False,1.0035418503994697,1.293192191828851,0.5403516888618469,0.1456928249053708,0.7412301617512406,0.0,213.80938720703125
"4 (10-30, poor)",batch06,26645,False,0.9989094571634137,1.0419861182366965,0.511743426322937,0.10930596286100532,0.6484581149355821,1.0,172.27633666992188
"4 (10-30, poor)",batch06,32131,False,1.0554884312535961,0.9968195816533025,0.4990963637828827,0.009317888513214773,0.7536091243455654,0.0,164.80874633789062
"4 (10-30, poor)",batch06,35710,False,1.0207938593017614,1.0348972951262287,0.5681639909744263,0.01714487048922589,0.5837243868864983,1.0,171.10430908203125
"4 (10-30, poor)",batch06,36598,False,1.1034955426356252,1.1746402313830255,0.4432685077190399,0.14491963983910588,0.916742076729703,0.0,194.20864868164062
"4 (10-30, poor)",batch06,36736,False,0.8631613867831445,1.0440812941545958,0.23137061297893524,0.024624409905394315,0.8720585508315971,1.0,172.62274169921875
"4 (10-30, poor)",batch06,37573,False,0.9588840788465774,0.9080497227274351,0.44532522559165955,0.03044408911310263,0.690409217295125,0.0,150.13201904296875
"4 (10-30, poor)",batch06,43575,False,0.9702196836267591,0.9296506523498466,0.5276698470115662,0.12742435019083198,0.7085917355833172,1.0,153.70339965820312
"4 (10-30, poor)",batch06,44163,False,1.0233689208338044,0.9699885569173614,0.5400542616844177,0.20187728607657718,0.7095753898855394,0.0,160.37265014648438
"4 (10-30, poor)",batch06,45526,False,0.9932365886140203,0.8705113541608697,0.4982578158378601,0.049533422078262355,0.5711158030035542,1.0,143.92562866210938
"4 (10-30, poor)",batch06,45600,False,0.999893866724492,0.8868677913724565,0.3618811368942261,0.1097628883266726,0.5673716331844764,1.0,146.62991333007812
"4 (10-30, poor)",batch06,46706,False,0.8322511875855481,0.7852201037583683,0.44620761275291443,0.10918934362733913,0.6329813193821107,1.0,129.82403564453125
"4 (10-30, poor)",batch06,52917,False,1.0602290867976305,0.8571992070042482,0.47774896025657654,0.08875982657032824,0.5677688493233576,1.0,141.72467041015625
"4 (10-30, poor)",batch06,54646,False,0.6371270382466799,0.5441434517169561,0.2401251643896103,0.35729013468446985,0.2394749665743451,1.0,89.96572875976562
