shuffle,test_unit,model_idx,model_unit,mouse,date,step,labels_this_video,total_labels,median_frame_rmse_px,p90_frame_rmse_px,frac_frames_rmse_gt_50px,frac_points_conf_ge_0.6,median_pupil_top_px,median_pupil_bottom_px,median_pupil_left_px,median_pupil_right_px,median_eyelid_top_px,median_eyelid_bottom_px,median_eye_nasal_corner_px,median_eye_temporal_corner_px,subset
111,0_first5minvedio,4.0,0_first5minvedio,mouse A,5-min recording,1.0,20.0,20.0,12.93,23.94,0.04,0.689,12.51,4.85,4.56,5.1,13.04,5.04,18.7,12.57,
111,1_20251031_Pluto_spont_1,4.0,0_first5minvedio,mouse A,5-min recording,1.0,20.0,20.0,301.52,364.2,1.0,0.02,330.37,13.95,324.75,19.94,333.97,6.96,24.29,458.05,
111,2_20251031_Pluto_spont_3,4.0,0_first5minvedio,mouse A,5-min recording,1.0,20.0,20.0,195.75,267.63,0.9,0.33,140.31,26.66,235.89,14.65,132.49,2.2,21.93,33.65,
111,3_20251031_Pluto_spont_2,4.0,0_first5minvedio,mouse A,5-min recording,1.0,20.0,20.0,290.93,352.81,1.0,0.02,43.95,23.45,325.92,70.23,38.98,438.8,33.06,466.58,
112,0_first5minvedio,5.0,0_first5minvedio,mouse A,5-min recording,2.0,40.0,40.0,13.0,18.64,0.02,0.81,12.28,4.65,7.91,4.57,12.48,5.13,16.44,11.67,
112,1_20251031_Pluto_spont_1,5.0,0_first5minvedio,mouse A,5-min recording,2.0,40.0,40.0,222.84,262.95,1.0,0.147,317.27,3.98,445.1,8.71,231.39,8.41,23.73,61.93,
112,2_20251031_Pluto_spont_3,5.0,0_first5minvedio,mouse A,5-min recording,2.0,40.0,40.0,197.2,247.94,1.0,0.34,313.38,27.15,324.92,13.0,277.61,2.17,22.19,29.08,
112,3_20251031_Pluto_spont_2,5.0,0_first5minvedio,mouse A,5-min recording,2.0,40.0,40.0,178.11,260.71,0.92,0.058,45.36,12.58,327.24,9.02,108.04,7.12,50.42,28.0,
113,0_first5minvedio,6.0,0_first5minvedio,mouse A,5-min recording,3.0,60.0,60.0,12.04,17.01,0.0,0.892,11.77,4.49,8.06,4.44,11.69,5.23,18.02,10.4,
113,1_20251031_Pluto_spont_1,6.0,0_first5minvedio,mouse A,5-min recording,3.0,60.0,60.0,242.4,318.22,1.0,0.297,344.72,3.31,444.86,6.28,347.2,4.65,14.43,138.62,
113,2_20251031_Pluto_spont_3,6.0,0_first5minvedio,mouse A,5-min recording,3.0,60.0,60.0,215.75,311.67,0.98,0.38,318.96,26.3,241.79,12.75,256.52,1.92,36.4,25.19,
113,3_20251031_Pluto_spont_2,6.0,0_first5minvedio,mouse A,5-min recording,3.0,60.0,60.0,230.01,283.71,1.0,0.296,196.07,10.72,312.56,4.64,297.68,5.94,29.35,434.25,
114,0_first5minvedio,7.0,0_first5minvedio,mouse A,5-min recording,4.0,80.0,80.0,13.07,19.25,0.02,0.895,12.6,4.53,8.82,5.32,11.45,5.18,16.48,12.08,
114,1_20251031_Pluto_spont_1,7.0,0_first5minvedio,mouse A,5-min recording,4.0,80.0,80.0,186.65,290.79,0.94,0.152,235.38,4.13,75.54,4.14,196.62,7.75,48.81,21.22,
114,2_20251031_Pluto_spont_3,7.0,0_first5minvedio,mouse A,5-min recording,4.0,80.0,80.0,198.17,303.46,0.92,0.353,257.93,26.64,246.47,11.77,250.51,1.86,49.8,124.86,
114,3_20251031_Pluto_spont_2,7.0,0_first5minvedio,mouse A,5-min recording,4.0,80.0,80.0,263.08,353.85,0.98,0.121,243.03,19.98,379.17,4.58,240.27,7.94,65.6,475.4,
115,0_first5minvedio,8.0,0_first5minvedio,mouse A,5-min recording,5.0,100.0,100.0,12.29,17.8,0.0,0.932,12.05,4.16,8.97,4.58,11.13,5.3,17.46,10.74,
115,1_20251031_Pluto_spont_1,8.0,0_first5minvedio,mouse A,5-min recording,5.0,100.0,100.0,208.23,257.91,0.98,0.193,334.26,0.0,69.87,0.0,333.4,0.0,33.51,56.4,
115,2_20251031_Pluto_spont_3,8.0,0_first5minvedio,mouse A,5-min recording,5.0,100.0,100.0,171.93,284.57,0.82,0.471,251.8,27.76,23.19,12.34,255.81,1.42,24.51,31.52,
115,3_20251031_Pluto_spont_2,8.0,0_first5minvedio,mouse A,5-min recording,5.0,100.0,100.0,190.89,297.4,0.98,0.143,335.84,9.93,223.81,3.84,337.18,7.95,38.38,22.92,
211,0_first5minvedio,13.0,1_20251031_Pluto_spont_1,mouse B (Pluto),2025-10-31,1.0,20.0,120.0,12.51,19.25,0.0,0.93,11.91,4.48,7.77,5.0,10.79,5.17,16.74,11.46,
211,1_20251031_Pluto_spont_1,13.0,1_20251031_Pluto_spont_1,mouse B (Pluto),2025-10-31,1.0,20.0,120.0,10.37,21.58,0.04,0.593,9.64,5.44,13.04,4.15,7.78,5.56,6.71,9.48,
211,2_20251031_Pluto_spont_3,13.0,1_20251031_Pluto_spont_1,mouse B (Pluto),2025-10-31,1.0,20.0,120.0,20.32,138.74,0.28,0.448,26.69,3.56,6.29,4.19,10.88,2.05,6.14,9.33,
211,3_20251031_Pluto_spont_2,13.0,1_20251031_Pluto_spont_1,mouse B (Pluto),2025-10-31,1.0,20.0,120.0,8.7,139.43,0.22,0.437,12.34,5.63,4.55,2.25,3.55,3.63,6.49,9.14,
212,0_first5minvedio,14.0,1_20251031_Pluto_spont_1,mouse B (Pluto),2025-10-31,2.0,40.0,140.0,12.46,18.14,0.0,0.912,11.43,3.82,8.39,5.19,12.21,5.36,16.23,11.11,
212,1_20251031_Pluto_spont_1,14.0,1_20251031_Pluto_spont_1,mouse B (Pluto),2025-10-31,2.0,40.0,140.0,12.17,20.31,0.0,0.748,9.74,5.31,12.32,4.12,7.54,5.07,14.26,11.5,
212,2_20251031_Pluto_spont_3,14.0,1_20251031_Pluto_spont_1,mouse B (Pluto),2025-10-31,2.0,40.0,140.0,14.96,121.54,0.38,0.584,24.69,2.17,6.68,2.72,10.48,1.71,6.76,6.8,
212,3_20251031_Pluto_spont_2,14.0,1_20251031_Pluto_spont_1,mouse B (Pluto),2025-10-31,2.0,40.0,140.0,107.15,181.72,0.62,0.445,288.41,5.09,12.36,2.88,3.32,4.3,3.13,4.13,
213,0_first5minvedio,15.0,1_20251031_Pluto_spont_1,mouse B (Pluto),2025-10-31,3.0,60.0,160.0,12.38,18.99,0.0,0.95,12.62,4.75,9.18,5.92,12.26,5.15,15.75,10.84,
213,1_20251031_Pluto_spont_1,15.0,1_20251031_Pluto_spont_1,mouse B (Pluto),2025-10-31,3.0,60.0,160.0,11.35,19.66,0.02,0.745,12.71,4.96,12.26,3.73,6.75,4.24,12.45,11.06,
213,2_20251031_Pluto_spont_3,15.0,1_20251031_Pluto_spont_1,mouse B (Pluto),2025-10-31,3.0,60.0,160.0,11.76,109.45,0.2,0.67,19.23,2.34,5.43,3.27,6.07,1.23,5.35,5.72,
213,3_20251031_Pluto_spont_2,15.0,1_20251031_Pluto_spont_1,mouse B (Pluto),2025-10-31,3.0,60.0,160.0,14.47,177.29,0.34,0.53,21.69,4.65,7.17,1.79,2.1,4.3,1.64,4.48,
214,0_first5minvedio,16.0,1_20251031_Pluto_spont_1,mouse B (Pluto),2025-10-31,4.0,80.0,180.0,12.5,18.58,0.0,0.93,11.74,4.11,8.24,5.27,11.27,5.57,16.32,10.76,
214,1_20251031_Pluto_spont_1,16.0,1_20251031_Pluto_spont_1,mouse B (Pluto),2025-10-31,4.0,80.0,180.0,11.59,19.78,0.0,0.815,10.89,5.43,12.6,3.33,7.48,5.74,12.11,11.32,
214,2_20251031_Pluto_spont_3,16.0,1_20251031_Pluto_spont_1,mouse B (Pluto),2025-10-31,4.0,80.0,180.0,9.98,88.33,0.2,0.673,17.83,1.83,4.87,2.37,4.72,1.26,3.87,5.58,
214,3_20251031_Pluto_spont_2,16.0,1_20251031_Pluto_spont_1,mouse B (Pluto),2025-10-31,4.0,80.0,180.0,13.29,104.06,0.14,0.603,28.42,3.1,3.27,2.07,4.0,4.06,2.05,3.2,
225,0_first5minvedio,17.0,1_20251031_Pluto_spont_1,mouse B (Pluto),2025-10-31,5.0,100.0,200.0,12.26,18.71,0.0,0.957,11.15,4.2,7.91,5.33,12.4,5.75,14.81,10.18,
225,1_20251031_Pluto_spont_1,17.0,1_20251031_Pluto_spont_1,mouse B (Pluto),2025-10-31,5.0,100.0,200.0,10.94,19.28,0.0,0.89,9.85,5.14,12.47,3.24,7.62,5.39,12.23,10.63,
225,2_20251031_Pluto_spont_3,17.0,1_20251031_Pluto_spont_1,mouse B (Pluto),2025-10-31,5.0,100.0,200.0,9.99,46.27,0.1,0.748,20.02,0.0,0.0,0.0,7.07,0.0,0.0,4.66,
225,3_20251031_Pluto_spont_2,17.0,1_20251031_Pluto_spont_1,mouse B (Pluto),2025-10-31,5.0,100.0,200.0,8.84,18.63,0.02,0.656,17.95,3.7,4.54,1.93,4.12,4.07,2.33,3.37,
216,0_first5minvedio,18.0,1_20251031_Pluto_spont_1,mouse B (Pluto),2025-10-31,6.0,120.0,220.0,12.22,18.77,0.0,0.902,12.44,4.51,7.77,5.86,12.84,5.54,17.43,10.39,
216,1_20251031_Pluto_spont_1,18.0,1_20251031_Pluto_spont_1,mouse B (Pluto),2025-10-31,6.0,120.0,220.0,11.7,18.43,0.0,0.948,10.72,5.63,12.05,3.4,7.39,5.79,11.32,12.69,
216,2_20251031_Pluto_spont_3,18.0,1_20251031_Pluto_spont_1,mouse B (Pluto),2025-10-31,6.0,120.0,220.0,9.07,38.71,0.06,0.748,16.2,2.03,3.29,3.05,6.93,1.62,2.96,5.91,
216,3_20251031_Pluto_spont_2,18.0,1_20251031_Pluto_spont_1,mouse B (Pluto),2025-10-31,6.0,120.0,220.0,5.42,20.8,0.0,0.709,6.47,3.0,5.22,2.21,3.16,3.72,2.01,2.82,
217,0_first5minvedio,19.0,1_20251031_Pluto_spont_1,mouse B (Pluto),2025-10-31,7.0,140.0,240.0,12.26,18.38,0.0,0.93,12.5,4.36,8.07,4.42,12.42,5.4,16.71,12.16,
217,1_20251031_Pluto_spont_1,19.0,1_20251031_Pluto_spont_1,mouse B (Pluto),2025-10-31,7.0,140.0,240.0,12.09,18.66,0.0,0.887,9.38,5.98,12.09,3.48,7.72,7.97,12.23,11.75,
217,2_20251031_Pluto_spont_3,19.0,1_20251031_Pluto_spont_1,mouse B (Pluto),2025-10-31,7.0,140.0,240.0,11.56,37.09,0.06,0.793,16.74,1.71,4.7,3.27,6.75,1.11,2.81,4.31,
217,3_20251031_Pluto_spont_2,19.0,1_20251031_Pluto_spont_1,mouse B (Pluto),2025-10-31,7.0,140.0,240.0,13.45,17.42,0.04,0.716,30.26,3.1,4.08,2.0,6.79,2.95,2.67,4.43,
321,0_first5minvedio,24.0,2_20251031_Pluto_spont_3,mouse B (Pluto),2025-10-31,1.0,20.0,220.0,11.89,18.11,0.0,0.942,10.82,4.74,8.23,4.86,12.18,4.7,16.12,10.27,
321,1_20251031_Pluto_spont_1,24.0,2_20251031_Pluto_spont_3,mouse B (Pluto),2025-10-31,1.0,20.0,220.0,11.89,19.57,0.02,0.927,8.05,6.31,13.27,3.73,7.9,5.31,12.68,11.33,
321,2_20251031_Pluto_spont_3,24.0,2_20251031_Pluto_spont_3,mouse B (Pluto),2025-10-31,1.0,20.0,220.0,7.73,26.37,0.08,0.851,18.26,1.46,3.72,2.71,5.58,1.29,3.16,5.21,
321,3_20251031_Pluto_spont_2,24.0,2_20251031_Pluto_spont_3,mouse B (Pluto),2025-10-31,1.0,20.0,220.0,4.67,12.5,0.0,0.842,4.6,2.94,3.49,1.53,1.52,3.19,1.35,3.16,
322,0_first5minvedio,25.0,2_20251031_Pluto_spont_3,mouse B (Pluto),2025-10-31,2.0,40.0,240.0,12.38,17.69,0.0,0.977,11.55,4.73,8.65,4.82,11.66,5.65,15.89,11.21,
322,1_20251031_Pluto_spont_1,25.0,2_20251031_Pluto_spont_3,mouse B (Pluto),2025-10-31,2.0,40.0,240.0,11.57,19.97,0.02,0.95,9.88,5.09,11.18,3.39,7.19,5.22,13.21,12.16,
322,2_20251031_Pluto_spont_3,25.0,2_20251031_Pluto_spont_3,mouse B (Pluto),2025-10-31,2.0,40.0,240.0,7.57,25.06,0.02,0.887,13.97,1.71,2.97,3.11,4.85,1.06,4.05,4.55,
322,3_20251031_Pluto_spont_2,25.0,2_20251031_Pluto_spont_3,mouse B (Pluto),2025-10-31,2.0,40.0,240.0,1.86,6.11,0.0,0.894,0.0,0.0,0.0,0.0,0.0,0.0,0.0,0.0,
323,0_first5minvedio,26.0,2_20251031_Pluto_spont_3,mouse B (Pluto),2025-10-31,3.0,60.0,260.0,12.32,17.8,0.0,0.952,12.09,4.43,8.73,4.72,12.2,5.27,16.68,10.01,
323,1_20251031_Pluto_spont_1,26.0,2_20251031_Pluto_spont_3,mouse B (Pluto),2025-10-31,3.0,60.0,260.0,11.58,20.13,0.0,0.963,8.41,6.78,12.71,3.77,6.82,6.72,12.5,13.35,
323,2_20251031_Pluto_spont_3,26.0,2_20251031_Pluto_spont_3,mouse B (Pluto),2025-10-31,3.0,60.0,260.0,7.83,22.76,0.08,0.897,10.24,2.14,3.39,3.29,5.13,0.99,4.41,4.94,
323,3_20251031_Pluto_spont_2,26.0,2_20251031_Pluto_spont_3,mouse B (Pluto),2025-10-31,3.0,60.0,260.0,4.43,23.23,0.0,0.887,4.41,2.97,3.36,1.65,1.6,4.18,1.69,1.93,
324,0_first5minvedio,27.0,2_20251031_Pluto_spont_3,mouse B (Pluto),2025-10-31,4.0,80.0,280.0,12.29,17.76,0.0,0.98,12.59,4.46,8.03,5.45,12.33,6.19,15.59,10.03,
324,1_20251031_Pluto_spont_1,27.0,2_20251031_Pluto_spont_3,mouse B (Pluto),2025-10-31,4.0,80.0,280.0,12.17,20.19,0.0,0.932,9.73,6.38,11.86,3.16,7.46,8.25,12.42,12.84,
324,2_20251031_Pluto_spont_3,27.0,2_20251031_Pluto_spont_3,mouse B (Pluto),2025-10-31,4.0,80.0,280.0,7.56,19.68,0.02,0.917,14.0,2.09,3.36,3.55,4.87,1.34,5.56,4.97,
324,3_20251031_Pluto_spont_2,27.0,2_20251031_Pluto_spont_3,mouse B (Pluto),2025-10-31,4.0,80.0,280.0,4.88,22.12,0.0,0.877,3.42,3.02,3.22,1.72,1.64,4.08,1.44,2.14,
411,0_first5minvedio,32.0,3_20251031_Pluto_spont_2,mouse B (Pluto),2025-10-31,1.0,20.0,280.0,12.25,17.93,0.0,0.97,11.14,3.8,8.07,5.04,12.7,5.72,15.93,11.31,
411,1_20251031_Pluto_spont_1,32.0,3_20251031_Pluto_spont_2,mouse B (Pluto),2025-10-31,1.0,20.0,280.0,12.17,20.13,0.0,0.99,9.32,5.92,13.35,3.35,7.97,5.93,13.23,13.28,
411,2_20251031_Pluto_spont_3,32.0,3_20251031_Pluto_spont_2,mouse B (Pluto),2025-10-31,1.0,20.0,280.0,6.98,15.57,0.02,0.962,12.59,1.65,3.25,3.14,5.59,1.47,3.15,5.17,
411,3_20251031_Pluto_spont_2,32.0,3_20251031_Pluto_spont_2,mouse B (Pluto),2025-10-31,1.0,20.0,280.0,3.4,21.32,0.0,0.955,3.33,2.54,2.31,1.81,1.31,2.69,1.2,1.86,
422,0_first5minvedio,33.0,3_20251031_Pluto_spont_2,mouse B (Pluto),2025-10-31,2.0,40.0,300.0,12.24,17.71,0.0,0.947,12.31,4.7,8.27,5.62,12.44,5.68,16.14,10.77,
422,1_20251031_Pluto_spont_1,33.0,3_20251031_Pluto_spont_2,mouse B (Pluto),2025-10-31,2.0,40.0,300.0,11.85,19.85,0.0,0.963,8.23,6.25,13.08,3.19,7.86,6.0,13.26,12.41,
422,2_20251031_Pluto_spont_3,33.0,3_20251031_Pluto_spont_2,mouse B (Pluto),2025-10-31,2.0,40.0,300.0,7.36,15.15,0.02,0.904,12.82,1.8,2.99,3.03,5.13,1.16,4.43,4.51,
422,3_20251031_Pluto_spont_2,33.0,3_20251031_Pluto_spont_2,mouse B (Pluto),2025-10-31,2.0,40.0,300.0,3.87,15.83,0.0,0.952,5.46,2.63,2.42,1.63,2.04,2.42,1.85,1.95,
423,0_first5minvedio,34.0,3_20251031_Pluto_spont_2,mouse B (Pluto),2025-10-31,3.0,60.0,320.0,12.88,18.31,0.0,0.962,11.19,4.36,7.76,4.8,12.77,5.51,17.73,11.72,
423,1_20251031_Pluto_spont_1,34.0,3_20251031_Pluto_spont_2,mouse B (Pluto),2025-10-31,3.0,60.0,320.0,11.59,19.89,0.0,0.983,9.05,6.79,13.14,2.98,7.85,7.15,13.43,12.66,
423,2_20251031_Pluto_spont_3,34.0,3_20251031_Pluto_spont_2,mouse B (Pluto),2025-10-31,3.0,60.0,320.0,7.04,12.57,0.0,0.952,9.77,1.62,3.97,3.52,5.3,1.17,4.86,4.8,
423,3_20251031_Pluto_spont_2,34.0,3_20251031_Pluto_spont_2,mouse B (Pluto),2025-10-31,3.0,60.0,320.0,3.63,10.19,0.0,0.955,5.08,2.97,2.05,1.44,1.33,2.15,2.37,1.98,
111,4_20251030_Pluto_spont_1,4.0,0_first5minvedio,mouse A,5-min recording,1.0,20.0,20.0,359.75,400.59,1.0,0.028,68.64,501.13,331.56,71.11,49.36,452.72,36.65,729.0,
112,4_20251030_Pluto_spont_1,5.0,0_first5minvedio,mouse A,5-min recording,2.0,40.0,40.0,223.1,340.36,1.0,0.128,342.13,34.35,326.34,59.12,355.18,7.24,59.74,68.32,
113,4_20251030_Pluto_spont_1,6.0,0_first5minvedio,mouse A,5-min recording,3.0,60.0,60.0,297.03,358.11,1.0,0.198,337.37,32.67,333.88,48.92,351.03,4.47,46.89,586.84,
114,4_20251030_Pluto_spont_1,7.0,0_first5minvedio,mouse A,5-min recording,4.0,80.0,80.0,275.53,402.38,1.0,0.13,239.84,37.46,344.79,52.5,193.06,8.72,190.43,345.32,
115,4_20251030_Pluto_spont_1,8.0,0_first5minvedio,mouse A,5-min recording,5.0,100.0,100.0,245.41,336.6,1.0,0.138,290.7,35.65,341.84,53.86,294.36,7.22,69.33,68.06,
211,4_20251030_Pluto_spont_1,13.0,1_20251031_Pluto_spont_1,mouse B (Pluto),2025-10-31,1.0,20.0,120.0,159.55,203.6,0.88,0.278,54.44,25.59,430.45,51.12,4.8,3.41,11.81,18.99,
212,4_20251030_Pluto_spont_1,14.0,1_20251031_Pluto_spont_1,mouse B (Pluto),2025-10-31,2.0,40.0,140.0,129.99,214.36,0.92,0.432,67.61,26.19,336.68,48.78,15.35,3.44,3.82,8.24,
213,4_20251030_Pluto_spont_1,15.0,1_20251031_Pluto_spont_1,mouse B (Pluto),2025-10-31,3.0,60.0,160.0,33.95,125.13,0.18,0.502,53.19,28.58,33.7,48.24,2.75,2.61,6.5,7.76,
214,4_20251030_Pluto_spont_1,16.0,1_20251031_Pluto_spont_1,mouse B (Pluto),2025-10-31,4.0,80.0,180.0,127.94,215.89,0.56,0.502,49.03,28.24,52.76,50.16,5.16,2.29,7.7,8.35,
225,4_20251030_Pluto_spont_1,17.0,1_20251031_Pluto_spont_1,mouse B (Pluto),2025-10-31,5.0,100.0,200.0,32.97,159.57,0.26,0.547,50.67,22.16,39.7,48.38,3.57,2.41,4.72,5.48,
216,4_20251030_Pluto_spont_1,18.0,1_20251031_Pluto_spont_1,mouse B (Pluto),2025-10-31,6.0,120.0,220.0,33.46,50.36,0.12,0.7,51.78,26.17,45.32,48.16,2.44,1.97,4.04,5.69,
217,4_20251030_Pluto_spont_1,19.0,1_20251031_Pluto_spont_1,mouse B (Pluto),2025-10-31,7.0,140.0,240.0,33.92,169.39,0.26,0.743,53.67,24.15,43.67,47.57,3.15,2.05,3.79,3.02,
321,4_20251030_Pluto_spont_1,24.0,2_20251031_Pluto_spont_3,mouse B (Pluto),2025-10-31,1.0,20.0,220.0,31.97,112.8,0.14,0.72,48.22,23.74,40.7,46.89,2.63,2.52,6.04,5.88,
322,4_20251030_Pluto_spont_1,25.0,2_20251031_Pluto_spont_3,mouse B (Pluto),2025-10-31,2.0,40.0,240.0,34.12,64.73,0.3,0.787,51.62,21.28,49.96,48.23,2.3,2.79,7.28,4.95,
323,4_20251030_Pluto_spont_1,26.0,2_20251031_Pluto_spont_3,mouse B (Pluto),2025-10-31,3.0,60.0,260.0,36.27,59.47,0.2,0.787,49.78,20.87,69.04,48.12,2.76,2.04,3.1,2.8,
324,4_20251030_Pluto_spont_1,27.0,2_20251031_Pluto_spont_3,mouse B (Pluto),2025-10-31,4.0,80.0,280.0,34.47,62.79,0.34,0.83,48.09,23.12,58.31,47.57,2.79,2.1,3.53,3.63,
411,4_20251030_Pluto_spont_1,32.0,3_20251031_Pluto_spont_2,mouse B (Pluto),2025-10-31,1.0,20.0,280.0,32.89,60.86,0.22,0.735,51.47,22.73,42.01,47.86,3.31,1.77,3.46,3.14,
422,4_20251030_Pluto_spont_1,33.0,3_20251031_Pluto_spont_2,mouse B (Pluto),2025-10-31,2.0,40.0,300.0,33.95,59.85,0.22,0.818,51.0,21.76,42.36,48.12,2.54,2.42,3.9,3.65,
423,4_20251030_Pluto_spont_1,34.0,3_20251031_Pluto_spont_2,mouse B (Pluto),2025-10-31,3.0,60.0,320.0,32.11,59.89,0.22,0.877,50.21,22.93,39.52,47.03,0.0,0.0,0.0,0.0,
531,0_first5minvedio,39.0,4_20251030_Pluto_spont_1,mouse B (Pluto),2025-10-30,1.0,20.0,340.0,11.93,18.25,0.0,0.97,11.99,4.18,8.0,5.12,11.33,5.5,17.14,10.69,
531,1_20251031_Pluto_spont_1,39.0,4_20251030_Pluto_spont_1,mouse B (Pluto),2025-10-30,1.0,20.0,340.0,12.03,20.46,0.02,0.985,9.55,6.5,12.76,3.4,7.84,7.04,14.0,12.24,
531,2_20251031_Pluto_spont_3,39.0,4_20251030_Pluto_spont_1,mouse B (Pluto),2025-10-30,1.0,20.0,340.0,7.28,19.79,0.0,0.945,12.67,2.0,3.65,3.45,6.74,1.25,4.23,5.09,
531,3_20251031_Pluto_spont_2,39.0,4_20251030_Pluto_spont_1,mouse B (Pluto),2025-10-30,1.0,20.0,340.0,3.95,13.72,0.0,0.962,4.69,2.7,2.76,2.01,1.37,2.28,2.53,1.95,
531,4_20251030_Pluto_spont_1,39.0,4_20251030_Pluto_spont_1,mouse B (Pluto),2025-10-30,1.0,20.0,340.0,24.64,45.15,0.06,0.725,43.41,21.04,36.26,9.82,1.92,1.61,3.64,3.12,
111,5_20251029_Pluto_spont_1,4.0,0_first5minvedio,mouse A,5-min recording,1.0,20.0,20.0,247.35,317.28,1.0,0.338,190.91,23.61,264.07,26.42,208.44,4.6,588.51,75.52,
112,5_20251029_Pluto_spont_1,5.0,0_first5minvedio,mouse A,5-min recording,2.0,40.0,40.0,258.79,301.23,1.0,0.353,268.69,24.25,118.64,23.61,249.79,2.24,612.8,76.33,
113,5_20251029_Pluto_spont_1,6.0,0_first5minvedio,mouse A,5-min recording,3.0,60.0,60.0,270.89,351.18,1.0,0.333,262.77,23.94,238.73,21.21,244.65,3.44,553.59,520.37,
114,5_20251029_Pluto_spont_1,7.0,0_first5minvedio,mouse A,5-min recording,4.0,80.0,80.0,236.03,303.51,1.0,0.306,270.62,26.06,466.06,22.74,249.23,2.55,135.39,65.58,
115,5_20251029_Pluto_spont_1,8.0,0_first5minvedio,mouse A,5-min recording,5.0,100.0,100.0,251.65,299.9,1.0,0.361,262.05,27.96,60.79,22.41,245.2,1.57,607.28,76.18,
211,5_20251029_Pluto_spont_1,13.0,1_20251031_Pluto_spont_1,mouse B (Pluto),2025-10-31,1.0,20.0,120.0,22.46,131.34,0.24,0.416,30.97,2.45,4.77,2.88,9.79,2.39,11.84,41.46,
212,5_20251029_Pluto_spont_1,14.0,1_20251031_Pluto_spont_1,mouse B (Pluto),2025-10-31,2.0,40.0,140.0,106.34,247.73,0.82,0.491,41.7,1.93,4.13,2.79,246.98,1.47,8.3,39.83,
213,5_20251029_Pluto_spont_1,15.0,1_20251031_Pluto_spont_1,mouse B (Pluto),2025-10-31,3.0,60.0,160.0,15.74,156.04,0.26,0.612,32.63,3.04,2.6,2.11,7.73,1.69,4.25,12.57,
214,5_20251029_Pluto_spont_1,16.0,1_20251031_Pluto_spont_1,mouse B (Pluto),2025-10-31,4.0,80.0,180.0,20.89,90.45,0.42,0.549,35.91,1.86,2.16,2.48,13.9,1.17,11.62,15.49,
225,5_20251029_Pluto_spont_1,17.0,1_20251031_Pluto_spont_1,mouse B (Pluto),2025-10-31,5.0,100.0,200.0,17.96,181.84,0.38,0.531,27.07,1.56,1.75,2.62,9.63,1.3,3.87,11.16,
216,5_20251029_Pluto_spont_1,18.0,1_20251031_Pluto_spont_1,mouse B (Pluto),2025-10-31,6.0,120.0,220.0,15.02,181.76,0.3,0.516,31.88,2.55,1.65,1.99,10.31,1.26,4.02,10.74,
217,5_20251029_Pluto_spont_1,19.0,1_20251031_Pluto_spont_1,mouse B (Pluto),2025-10-31,7.0,140.0,240.0,13.86,179.39,0.26,0.584,23.42,2.01,1.35,2.37,7.07,1.23,2.81,15.3,
321,5_20251029_Pluto_spont_1,24.0,2_20251031_Pluto_spont_3,mouse B (Pluto),2025-10-31,1.0,20.0,220.0,17.6,179.21,0.24,0.594,25.87,1.95,1.75,2.08,16.59,1.73,4.0,10.14,
322,5_20251029_Pluto_spont_1,25.0,2_20251031_Pluto_spont_3,mouse B (Pluto),2025-10-31,2.0,40.0,240.0,13.01,49.21,0.1,0.677,29.73,1.56,2.18,1.98,7.76,1.13,3.32,9.86,
323,5_20251029_Pluto_spont_1,26.0,2_20251031_Pluto_spont_3,mouse B (Pluto),2025-10-31,3.0,60.0,260.0,15.64,186.87,0.3,0.591,28.73,1.49,1.88,1.96,8.66,1.8,4.38,8.77,
324,5_20251029_Pluto_spont_1,27.0,2_20251031_Pluto_spont_3,mouse B (Pluto),2025-10-31,4.0,80.0,280.0,14.94,68.71,0.16,0.654,39.34,1.85,1.54,2.33,5.33,1.7,2.5,7.13,
411,5_20251029_Pluto_spont_1,32.0,3_20251031_Pluto_spont_2,mouse B (Pluto),2025-10-31,1.0,20.0,280.0,14.23,20.22,0.04,0.669,30.94,1.46,1.57,2.06,20.26,1.28,2.01,7.2,
422,5_20251029_Pluto_spont_1,33.0,3_20251031_Pluto_spont_2,mouse B (Pluto),2025-10-31,2.0,40.0,300.0,12.7,19.18,0.04,0.654,31.03,1.79,1.91,1.88,7.83,1.25,2.87,10.6,
423,5_20251029_Pluto_spont_1,34.0,3_20251031_Pluto_spont_2,mouse B (Pluto),2025-10-31,3.0,60.0,320.0,16.95,266.9,0.26,0.689,37.67,1.61,1.98,1.84,10.17,1.45,4.09,7.07,
531,5_20251029_Pluto_spont_1,39.0,4_20251030_Pluto_spont_1,mouse B (Pluto),2025-10-30,1.0,20.0,340.0,91.57,265.23,0.66,0.674,229.67,1.35,1.37,1.03,7.78,1.45,1.77,6.54,
532,0_first5minvedio,40.0,4_20251030_Pluto_spont_1,mouse B (Pluto),2025-10-30,2.0,40.0,360.0,12.06,18.01,0.0,0.977,9.94,4.5,7.99,4.72,11.13,5.31,16.85,11.1,
532,1_20251031_Pluto_spont_1,40.0,4_20251030_Pluto_spont_1,mouse B (Pluto),2025-10-30,2.0,40.0,360.0,11.89,20.26,0.0,0.988,8.27,5.79,11.61,3.26,8.45,6.63,14.05,11.72,
532,2_20251031_Pluto_spont_3,40.0,4_20251030_Pluto_spont_1,mouse B (Pluto),2025-10-30,2.0,40.0,360.0,7.4,16.01,0.02,0.942,14.31,1.84,3.01,3.22,5.21,1.27,3.94,4.85,
532,3_20251031_Pluto_spont_2,40.0,4_20251030_Pluto_spont_1,mouse B (Pluto),2025-10-30,2.0,40.0,360.0,3.93,14.18,0.0,0.96,4.92,3.01,2.96,1.91,1.58,2.37,2.34,2.1,
532,4_20251030_Pluto_spont_1,40.0,4_20251030_Pluto_spont_1,mouse B (Pluto),2025-10-30,2.0,40.0,360.0,15.01,24.11,0.02,0.9,15.99,16.11,22.08,9.7,3.86,1.67,3.63,1.75,
532,5_20251029_Pluto_spont_1,40.0,4_20251030_Pluto_spont_1,mouse B (Pluto),2025-10-30,2.0,40.0,360.0,11.9,128.14,0.12,0.649,23.96,1.23,1.99,2.26,8.14,1.25,3.67,6.19,
533,0_first5minvedio,41.0,4_20251030_Pluto_spont_1,mouse B (Pluto),2025-10-30,3.0,60.0,380.0,12.14,18.28,0.0,0.95,12.45,3.93,8.65,5.34,11.43,5.68,15.35,9.78,
533,1_20251031_Pluto_spont_1,41.0,4_20251030_Pluto_spont_1,mouse B (Pluto),2025-10-30,3.0,60.0,380.0,12.14,19.69,0.02,0.985,9.19,6.69,12.11,2.99,8.31,5.95,13.48,12.62,
533,2_20251031_Pluto_spont_3,41.0,4_20251030_Pluto_spont_1,mouse B (Pluto),2025-10-30,3.0,60.0,380.0,6.35,19.64,0.0,0.945,10.9,1.99,3.31,2.83,5.3,1.44,3.56,4.16,
533,3_20251031_Pluto_spont_2,41.0,4_20251030_Pluto_spont_1,mouse B (Pluto),2025-10-30,3.0,60.0,380.0,3.49,8.4,0.0,0.95,4.56,2.86,2.46,2.05,1.57,2.37,1.69,2.0,
533,4_20251030_Pluto_spont_1,41.0,4_20251030_Pluto_spont_1,mouse B (Pluto),2025-10-30,3.0,60.0,380.0,16.82,25.14,0.02,0.79,16.35,15.22,19.47,8.69,3.52,2.06,2.99,2.69,
533,5_20251029_Pluto_spont_1,41.0,4_20251030_Pluto_spont_1,mouse B (Pluto),2025-10-30,3.0,60.0,380.0,12.46,20.68,0.06,0.657,31.92,1.36,1.93,1.39,3.39,1.33,2.58,5.46,
534,0_first5minvedio,42.0,4_20251030_Pluto_spont_1,mouse B (Pluto),2025-10-30,4.0,80.0,400.0,12.67,18.83,0.0,0.93,12.15,4.5,7.39,5.06,11.71,5.23,17.56,10.82,
534,1_20251031_Pluto_spont_1,42.0,4_20251030_Pluto_spont_1,mouse B (Pluto),2025-10-30,4.0,80.0,400.0,11.31,19.54,0.0,0.978,8.99,5.51,11.79,3.07,8.27,7.16,14.01,12.09,
534,2_20251031_Pluto_spont_3,42.0,4_20251030_Pluto_spont_1,mouse B (Pluto),2025-10-30,4.0,80.0,400.0,7.28,15.56,0.02,0.952,11.87,1.73,3.86,3.09,5.05,1.15,3.97,5.08,
534,3_20251031_Pluto_spont_2,42.0,4_20251030_Pluto_spont_1,mouse B (Pluto),2025-10-30,4.0,80.0,400.0,3.34,22.59,0.0,0.97,3.91,2.79,2.33,1.84,1.44,2.22,2.03,1.87,
534,4_20251030_Pluto_spont_1,42.0,4_20251030_Pluto_spont_1,mouse B (Pluto),2025-10-30,4.0,80.0,400.0,17.54,44.69,0.08,0.863,14.23,15.42,39.07,8.76,2.59,1.75,3.61,2.42,
534,5_20251029_Pluto_spont_1,42.0,4_20251030_Pluto_spont_1,mouse B (Pluto),2025-10-30,4.0,80.0,400.0,7.74,11.4,0.0,0.749,14.92,1.97,1.77,1.63,6.82,1.73,2.88,6.52,
631,0_first5minvedio,47.0,5_20251029_Pluto_spont_1,mouse B (Pluto),2025-10-29,1.0,20.0,380.0,12.34,17.96,0.0,0.952,11.14,4.57,8.32,5.15,11.52,5.88,17.18,9.53,
631,1_20251031_Pluto_spont_1,47.0,5_20251029_Pluto_spont_1,mouse B (Pluto),2025-10-29,1.0,20.0,380.0,11.77,19.84,0.02,0.983,8.89,5.67,12.89,3.34,8.24,7.69,13.76,12.15,
631,2_20251031_Pluto_spont_3,47.0,5_20251029_Pluto_spont_1,mouse B (Pluto),2025-10-29,1.0,20.0,380.0,7.06,14.63,0.02,0.929,11.76,2.46,3.77,3.02,5.8,1.46,3.68,4.89,
631,3_20251031_Pluto_spont_2,47.0,5_20251029_Pluto_spont_1,mouse B (Pluto),2025-10-29,1.0,20.0,380.0,4.19,23.08,0.0,0.965,6.42,2.78,2.21,1.6,1.65,2.36,2.04,1.68,
631,4_20251030_Pluto_spont_1,47.0,5_20251029_Pluto_spont_1,mouse B (Pluto),2025-10-29,1.0,20.0,380.0,14.83,26.78,0.0,0.865,16.21,14.54,19.87,9.07,2.25,2.54,3.94,3.8,
631,5_20251029_Pluto_spont_1,47.0,5_20251029_Pluto_spont_1,mouse B (Pluto),2025-10-29,1.0,20.0,380.0,15.85,20.2,0.0,0.902,38.8,2.41,1.24,3.71,2.99,2.4,4.35,7.48,
632,0_first5minvedio,48.0,5_20251029_Pluto_spont_1,mouse B (Pluto),2025-10-29,2.0,40.0,400.0,12.1,17.85,0.0,0.965,10.86,4.06,5.76,4.7,11.35,5.59,16.26,12.46,
632,1_20251031_Pluto_spont_1,48.0,5_20251029_Pluto_spont_1,mouse B (Pluto),2025-10-29,2.0,40.0,400.0,11.56,18.67,0.0,0.988,8.66,5.5,12.39,3.55,8.01,7.01,13.33,11.6,
632,2_20251031_Pluto_spont_3,48.0,5_20251029_Pluto_spont_1,mouse B (Pluto),2025-10-29,2.0,40.0,400.0,6.76,13.1,0.02,0.96,11.61,1.71,3.26,3.41,5.96,1.58,5.34,4.79,
632,3_20251031_Pluto_spont_2,48.0,5_20251029_Pluto_spont_1,mouse B (Pluto),2025-10-29,2.0,40.0,400.0,3.84,15.53,0.0,0.957,4.24,2.55,2.08,2.16,1.55,2.47,2.28,2.35,
632,4_20251030_Pluto_spont_1,48.0,5_20251029_Pluto_spont_1,mouse B (Pluto),2025-10-29,2.0,40.0,400.0,14.54,25.25,0.0,0.875,14.4,14.86,17.33,9.64,3.64,2.97,3.0,3.25,
632,5_20251029_Pluto_spont_1,48.0,5_20251029_Pluto_spont_1,mouse B (Pluto),2025-10-29,2.0,40.0,400.0,16.58,22.02,0.0,0.91,34.4,2.32,1.42,6.52,3.33,2.6,3.63,6.0,
111,6_20251028_Pluto_spont_1,4.0,0_first5minvedio,mouse A,5-min recording,1.0,20.0,20.0,224.26,288.91,0.9,0.215,46.34,29.61,70.09,26.96,43.13,7.24,614.97,212.09,
112,6_20251028_Pluto_spont_1,5.0,0_first5minvedio,mouse A,5-min recording,2.0,40.0,40.0,297.9,374.0,1.0,0.23,361.75,28.2,398.41,24.98,245.69,2.42,511.82,465.51,
113,6_20251028_Pluto_spont_1,6.0,0_first5minvedio,mouse A,5-min recording,3.0,60.0,60.0,267.84,301.07,1.0,0.295,298.24,25.79,359.9,21.06,261.16,4.15,523.28,68.62,
114,6_20251028_Pluto_spont_1,7.0,0_first5minvedio,mouse A,5-min recording,4.0,80.0,80.0,223.13,301.48,0.88,0.278,59.08,33.61,67.07,22.64,49.96,3.54,40.72,81.78,
115,6_20251028_Pluto_spont_1,8.0,0_first5minvedio,mouse A,5-min recording,5.0,100.0,100.0,235.64,320.97,0.92,0.425,55.27,41.18,495.39,23.54,53.11,3.41,39.3,80.47,
211,6_20251028_Pluto_spont_1,13.0,1_20251031_Pluto_spont_1,mouse B (Pluto),2025-10-31,1.0,20.0,120.0,139.55,144.21,0.72,0.395,34.97,4.76,3.08,5.88,25.18,1.77,7.17,392.0,
212,6_20251028_Pluto_spont_1,14.0,1_20251031_Pluto_spont_1,mouse B (Pluto),2025-10-31,2.0,40.0,140.0,20.27,138.15,0.16,0.49,32.42,4.55,3.11,4.31,16.91,2.73,4.73,19.37,
213,6_20251028_Pluto_spont_1,15.0,1_20251031_Pluto_spont_1,mouse B (Pluto),2025-10-31,3.0,60.0,160.0,11.99,17.29,0.02,0.615,22.48,2.58,2.22,3.36,5.33,2.52,3.7,15.5,
214,6_20251028_Pluto_spont_1,16.0,1_20251031_Pluto_spont_1,mouse B (Pluto),2025-10-31,4.0,80.0,180.0,18.6,180.68,0.44,0.578,20.28,1.28,2.04,4.46,4.35,1.5,2.83,19.89,
225,6_20251028_Pluto_spont_1,17.0,1_20251031_Pluto_spont_1,mouse B (Pluto),2025-10-31,5.0,100.0,200.0,44.06,183.42,0.46,0.603,18.78,3.34,2.33,4.0,8.59,1.37,3.14,18.92,
216,6_20251028_Pluto_spont_1,18.0,1_20251031_Pluto_spont_1,mouse B (Pluto),2025-10-31,6.0,120.0,220.0,12.44,46.53,0.1,0.56,17.15,2.2,1.84,3.2,5.5,1.68,4.73,17.27,
217,6_20251028_Pluto_spont_1,19.0,1_20251031_Pluto_spont_1,mouse B (Pluto),2025-10-31,7.0,140.0,240.0,178.4,184.09,0.62,0.605,21.4,2.06,2.19,3.53,9.13,1.19,2.72,502.36,
321,6_20251028_Pluto_spont_1,24.0,2_20251031_Pluto_spont_3,mouse B (Pluto),2025-10-31,1.0,20.0,220.0,33.35,170.94,0.44,0.63,14.35,1.84,1.87,2.69,8.63,1.43,3.05,15.73,
322,6_20251028_Pluto_spont_1,25.0,2_20251031_Pluto_spont_3,mouse B (Pluto),2025-10-31,2.0,40.0,240.0,8.18,45.72,0.08,0.723,9.69,2.69,1.72,2.53,8.85,1.52,3.39,9.86,
323,6_20251028_Pluto_spont_1,26.0,2_20251031_Pluto_spont_3,mouse B (Pluto),2025-10-31,3.0,60.0,260.0,7.81,32.74,0.06,0.618,10.01,2.33,1.58,2.79,7.24,1.88,2.52,10.78,
324,6_20251028_Pluto_spont_1,27.0,2_20251031_Pluto_spont_3,mouse B (Pluto),2025-10-31,4.0,80.0,280.0,5.17,13.55,0.02,0.8,4.91,2.3,1.72,3.83,5.06,1.36,3.91,5.9,
411,6_20251028_Pluto_spont_1,32.0,3_20251031_Pluto_spont_2,mouse B (Pluto),2025-10-31,1.0,20.0,280.0,6.78,22.61,0.0,0.677,10.47,1.87,1.42,1.6,7.42,1.25,3.77,5.3,
422,6_20251028_Pluto_spont_1,33.0,3_20251031_Pluto_spont_2,mouse B (Pluto),2025-10-31,2.0,40.0,300.0,6.23,12.23,0.0,0.69,7.64,2.54,2.16,2.57,6.56,1.29,2.2,7.27,
423,6_20251028_Pluto_spont_1,34.0,3_20251031_Pluto_spont_2,mouse B (Pluto),2025-10-31,3.0,60.0,320.0,7.46,87.61,0.18,0.655,13.52,1.83,1.67,2.35,6.61,1.67,2.9,7.12,
531,6_20251028_Pluto_spont_1,39.0,4_20251030_Pluto_spont_1,mouse B (Pluto),2025-10-30,1.0,20.0,340.0,5.27,14.06,0.0,0.725,5.6,1.89,0.87,2.73,5.36,1.29,2.4,5.52,
532,6_20251028_Pluto_spont_1,40.0,4_20251030_Pluto_spont_1,mouse B (Pluto),2025-10-30,2.0,40.0,360.0,10.09,34.1,0.06,0.652,10.86,2.05,2.65,2.5,15.78,1.66,3.3,6.5,
533,6_20251028_Pluto_spont_1,41.0,4_20251030_Pluto_spont_1,mouse B (Pluto),2025-10-30,3.0,60.0,380.0,5.16,25.27,0.02,0.725,5.8,1.92,2.06,1.92,4.88,1.22,2.97,5.63,
534,6_20251028_Pluto_spont_1,42.0,4_20251030_Pluto_spont_1,mouse B (Pluto),2025-10-30,4.0,80.0,400.0,6.36,18.1,0.0,0.802,10.45,1.37,2.5,2.85,6.07,1.41,2.22,6.38,
631,6_20251028_Pluto_spont_1,47.0,5_20251029_Pluto_spont_1,mouse B (Pluto),2025-10-29,1.0,20.0,380.0,9.36,22.29,0.0,0.733,11.46,3.0,1.69,6.34,7.13,2.19,4.8,5.11,
632,6_20251028_Pluto_spont_1,48.0,5_20251029_Pluto_spont_1,mouse B (Pluto),2025-10-29,2.0,40.0,400.0,12.54,17.97,0.0,0.78,7.3,2.15,2.6,27.78,13.17,1.41,2.17,6.6,
971,0_first5minvedio,0.0,0_first5minvedio,mouse A,5-min recording,0.0,5.0,5.0,78.53,273.8,0.7,0.13,18.86,4.12,120.78,5.22,17.85,6.31,20.56,30.97,5a
971,1_20251031_Pluto_spont_1,0.0,0_first5minvedio,mouse A,5-min recording,0.0,5.0,5.0,270.2,320.58,1.0,0.01,323.29,128.2,468.59,28.05,196.11,363.31,48.8,38.9,5a
971,2_20251031_Pluto_spont_3,0.0,0_first5minvedio,mouse A,5-min recording,0.0,5.0,5.0,224.82,287.96,1.0,0.025,296.24,30.79,257.73,13.49,222.75,4.49,127.34,260.04,5a
971,3_20251031_Pluto_spont_2,0.0,0_first5minvedio,mouse A,5-min recording,0.0,5.0,5.0,250.68,316.62,1.0,0.0,311.92,181.5,470.56,34.31,298.53,213.32,57.74,34.51,5a
971,4_20251030_Pluto_spont_1,0.0,0_first5minvedio,mouse A,5-min recording,0.0,5.0,5.0,261.89,331.51,1.0,0.0,326.62,156.18,155.1,77.38,362.8,164.05,65.36,65.66,5a
971,5_20251029_Pluto_spont_1,0.0,0_first5minvedio,mouse A,5-min recording,0.0,5.0,5.0,255.55,284.0,1.0,0.003,384.19,29.99,129.15,21.68,409.63,2.88,446.55,77.88,5a
971,6_20251028_Pluto_spont_1,0.0,0_first5minvedio,mouse A,5-min recording,0.0,5.0,5.0,231.27,291.02,1.0,0.018,391.46,36.04,137.02,22.13,416.66,14.95,36.71,267.24,5a
972,0_first5minvedio,1.0,0_first5minvedio,mouse A,5-min recording,0.0,5.0,5.0,81.5,144.62,0.72,0.163,30.21,5.29,73.59,9.94,49.0,6.9,24.09,25.83,5b
972,1_20251031_Pluto_spont_1,1.0,0_first5minvedio,mouse A,5-min recording,0.0,5.0,5.0,321.98,392.8,1.0,0.125,232.78,398.55,432.55,23.38,266.51,392.36,126.09,121.01,5b
972,2_20251031_Pluto_spont_3,1.0,0_first5minvedio,mouse A,5-min recording,0.0,5.0,5.0,222.32,324.11,1.0,0.146,227.16,27.72,426.46,17.23,241.97,4.17,118.75,70.19,5b
972,3_20251031_Pluto_spont_2,1.0,0_first5minvedio,mouse A,5-min recording,0.0,5.0,5.0,324.33,372.69,1.0,0.113,103.9,384.67,454.26,25.79,250.81,386.76,120.7,554.37,5b
972,4_20251030_Pluto_spont_1,1.0,0_first5minvedio,mouse A,5-min recording,0.0,5.0,5.0,320.48,365.65,1.0,0.122,244.31,369.88,326.94,71.28,254.77,380.16,96.46,532.83,5b
972,5_20251029_Pluto_spont_1,1.0,0_first5minvedio,mouse A,5-min recording,0.0,5.0,5.0,185.22,260.84,1.0,0.178,77.26,28.95,201.16,29.17,232.12,4.13,145.96,124.16,5b
972,6_20251028_Pluto_spont_1,1.0,0_first5minvedio,mouse A,5-min recording,0.0,5.0,5.0,195.39,245.96,1.0,0.145,109.11,46.17,225.46,28.42,344.91,3.6,154.93,67.53,5b
973,0_first5minvedio,2.0,0_first5minvedio,mouse A,5-min recording,0.0,10.0,10.0,20.48,189.92,0.14,0.436,12.07,3.92,7.3,6.74,17.7,5.23,20.75,14.99,10a
973,1_20251031_Pluto_spont_1,2.0,0_first5minvedio,mouse A,5-min recording,0.0,10.0,10.0,351.5,406.1,1.0,0.01,335.35,554.23,306.2,14.4,336.01,565.1,85.2,25.94,10a
973,2_20251031_Pluto_spont_3,2.0,0_first5minvedio,mouse A,5-min recording,0.0,10.0,10.0,229.69,278.49,1.0,0.343,368.68,29.25,245.23,14.19,368.66,1.99,142.12,31.22,10a
973,3_20251031_Pluto_spont_2,2.0,0_first5minvedio,mouse A,5-min recording,0.0,10.0,10.0,392.23,461.13,1.0,0.0,282.9,549.15,324.22,21.93,283.4,578.06,89.03,164.01,10a
973,4_20251030_Pluto_spont_1,2.0,0_first5minvedio,mouse A,5-min recording,0.0,10.0,10.0,273.4,363.49,1.0,0.003,324.89,239.54,333.99,53.58,332.3,378.61,164.94,69.67,10a
973,5_20251029_Pluto_spont_1,2.0,0_first5minvedio,mouse A,5-min recording,0.0,10.0,10.0,151.31,191.35,1.0,0.303,235.08,25.5,238.56,26.97,229.57,3.22,31.38,76.23,10a
973,6_20251028_Pluto_spont_1,2.0,0_first5minvedio,mouse A,5-min recording,0.0,10.0,10.0,202.48,274.51,1.0,0.203,357.66,29.85,134.77,26.98,345.67,5.73,123.28,455.13,10a
974,0_first5minvedio,3.0,0_first5minvedio,mouse A,5-min recording,0.0,10.0,10.0,20.84,47.08,0.08,0.434,15.01,4.63,11.1,5.52,12.84,6.33,19.99,29.24,10b
974,1_20251031_Pluto_spont_1,3.0,0_first5minvedio,mouse A,5-min recording,0.0,10.0,10.0,363.56,399.63,1.0,0.115,326.19,555.8,444.53,20.48,335.93,568.32,53.6,36.44,10b
974,2_20251031_Pluto_spont_3,3.0,0_first5minvedio,mouse A,5-min recording,0.0,10.0,10.0,250.63,298.06,1.0,0.32,329.46,23.55,287.46,13.46,354.5,6.69,82.78,390.35,10b
974,3_20251031_Pluto_spont_2,3.0,0_first5minvedio,mouse A,5-min recording,0.0,10.0,10.0,330.51,375.29,1.0,0.0,254.0,321.13,448.46,26.48,321.9,497.82,56.64,424.23,10b
974,4_20251030_Pluto_spont_1,3.0,0_first5minvedio,mouse A,5-min recording,0.0,10.0,10.0,314.41,343.26,1.0,0.033,333.97,532.31,320.15,70.74,338.67,491.94,52.75,32.43,10b
974,5_20251029_Pluto_spont_1,3.0,0_first5minvedio,mouse A,5-min recording,0.0,10.0,10.0,259.35,294.63,1.0,0.286,313.47,24.63,181.44,22.18,460.63,4.46,39.94,295.95,10b
974,6_20251028_Pluto_spont_1,3.0,0_first5minvedio,mouse A,5-min recording,0.0,10.0,10.0,183.67,259.28,1.0,0.297,236.92,44.03,136.9,23.02,372.29,2.77,147.85,49.96,10b
967,0_first5minvedio,9.0,1_20251031_Pluto_spont_1,mouse B (Pluto),2025-10-31,0.0,5.0,105.0,12.63,18.68,0.0,0.932,10.69,4.13,8.91,4.97,12.68,4.82,16.19,11.01,5a
967,1_20251031_Pluto_spont_1,9.0,1_20251031_Pluto_spont_1,mouse B (Pluto),2025-10-31,0.0,5.0,105.0,96.02,123.36,0.56,0.345,11.29,3.44,269.81,5.69,9.23,3.83,16.93,9.67,5a
967,2_20251031_Pluto_spont_3,9.0,1_20251031_Pluto_spont_1,mouse B (Pluto),2025-10-31,0.0,5.0,105.0,77.67,241.27,0.56,0.275,23.37,23.72,18.39,5.12,16.02,2.01,17.21,12.7,5a
967,3_20251031_Pluto_spont_2,9.0,1_20251031_Pluto_spont_1,mouse B (Pluto),2025-10-31,0.0,5.0,105.0,112.56,238.65,0.72,0.191,8.0,12.97,279.55,3.07,6.27,6.46,4.04,12.32,5a
967,4_20251030_Pluto_spont_1,9.0,1_20251031_Pluto_spont_1,mouse B (Pluto),2025-10-31,0.0,5.0,105.0,245.33,332.25,1.0,0.122,49.31,31.19,378.63,49.8,5.04,4.23,546.87,68.64,5a
967,5_20251029_Pluto_spont_1,9.0,1_20251031_Pluto_spont_1,mouse B (Pluto),2025-10-31,0.0,5.0,105.0,220.6,279.24,0.94,0.223,257.84,22.66,5.42,10.46,238.46,3.22,495.83,485.54,5a
967,6_20251028_Pluto_spont_1,9.0,1_20251031_Pluto_spont_1,mouse B (Pluto),2025-10-31,0.0,5.0,105.0,27.74,191.75,0.38,0.18,36.97,14.39,3.8,15.22,14.24,2.64,9.55,41.34,5a
968,0_first5minvedio,10.0,1_20251031_Pluto_spont_1,mouse B (Pluto),2025-10-31,0.0,5.0,105.0,12.79,18.48,0.0,0.952,12.22,4.39,8.56,5.1,11.89,5.37,16.8,11.74,5b
968,1_20251031_Pluto_spont_1,10.0,1_20251031_Pluto_spont_1,mouse B (Pluto),2025-10-31,0.0,5.0,105.0,41.38,221.94,0.48,0.152,11.59,6.29,30.77,4.89,15.16,4.28,24.42,17.2,5b
968,2_20251031_Pluto_spont_3,10.0,1_20251031_Pluto_spont_1,mouse B (Pluto),2025-10-31,0.0,5.0,105.0,27.81,162.29,0.38,0.358,19.81,26.3,16.08,7.82,13.53,2.01,21.31,13.89,5b
968,3_20251031_Pluto_spont_2,10.0,1_20251031_Pluto_spont_1,mouse B (Pluto),2025-10-31,0.0,5.0,105.0,124.38,244.77,0.64,0.141,21.28,15.42,59.89,3.19,14.54,5.73,95.25,8.63,5b
968,4_20251030_Pluto_spont_1,10.0,1_20251031_Pluto_spont_1,mouse B (Pluto),2025-10-31,0.0,5.0,105.0,169.08,276.95,0.7,0.14,46.48,40.18,197.78,47.44,11.03,2.38,24.9,71.78,5b
968,5_20251029_Pluto_spont_1,10.0,1_20251031_Pluto_spont_1,mouse B (Pluto),2025-10-31,0.0,5.0,105.0,78.43,247.54,0.66,0.248,76.36,25.81,6.13,10.39,57.68,1.81,14.82,67.4,5b
968,6_20251028_Pluto_spont_1,10.0,1_20251031_Pluto_spont_1,mouse B (Pluto),2025-10-31,0.0,5.0,105.0,186.59,234.59,0.8,0.11,26.59,25.44,6.19,12.98,9.54,1.71,520.36,53.0,5b
969,0_first5minvedio,11.0,1_20251031_Pluto_spont_1,mouse B (Pluto),2025-10-31,0.0,10.0,110.0,12.34,17.99,0.0,0.96,11.74,4.5,8.0,4.21,12.3,4.71,16.82,11.29,10a
969,1_20251031_Pluto_spont_1,11.0,1_20251031_Pluto_spont_1,mouse B (Pluto),2025-10-31,0.0,10.0,110.0,20.17,123.52,0.42,0.67,7.73,3.76,37.62,5.53,7.65,3.57,16.59,13.48,10a
969,2_20251031_Pluto_spont_3,11.0,1_20251031_Pluto_spont_1,mouse B (Pluto),2025-10-31,0.0,10.0,110.0,105.56,169.41,0.7,0.322,26.44,17.66,22.07,9.8,29.64,1.89,11.93,12.43,10a
969,3_20251031_Pluto_spont_2,11.0,1_20251031_Pluto_spont_1,mouse B (Pluto),2025-10-31,0.0,10.0,110.0,13.58,117.94,0.28,0.45,15.21,12.94,11.48,3.79,5.99,6.72,5.13,10.38,10a
969,4_20251030_Pluto_spont_1,11.0,1_20251031_Pluto_spont_1,mouse B (Pluto),2025-10-31,0.0,10.0,110.0,149.94,223.69,0.74,0.33,58.17,28.92,303.56,46.44,5.93,7.09,15.14,17.23,10a
969,5_20251029_Pluto_spont_1,11.0,1_20251031_Pluto_spont_1,mouse B (Pluto),2025-10-31,0.0,10.0,110.0,143.51,199.77,0.88,0.281,140.88,13.57,11.29,4.66,250.97,3.04,10.74,71.63,10a
969,6_20251028_Pluto_spont_1,11.0,1_20251031_Pluto_spont_1,mouse B (Pluto),2025-10-31,0.0,10.0,110.0,36.82,233.59,0.48,0.25,11.16,12.39,10.05,6.15,6.42,1.83,4.02,25.39,10a
970,0_first5minvedio,12.0,1_20251031_Pluto_spont_1,mouse B (Pluto),2025-10-31,0.0,10.0,110.0,12.86,18.94,0.0,0.945,11.07,4.03,7.09,5.06,11.92,4.81,15.62,10.7,10b
970,1_20251031_Pluto_spont_1,12.0,1_20251031_Pluto_spont_1,mouse B (Pluto),2025-10-31,0.0,10.0,110.0,16.12,168.46,0.34,0.39,14.75,3.6,25.98,4.15,8.23,5.12,15.1,12.3,10b
970,2_20251031_Pluto_spont_3,12.0,1_20251031_Pluto_spont_1,mouse B (Pluto),2025-10-31,0.0,10.0,110.0,21.47,150.94,0.44,0.297,22.44,5.61,12.44,5.32,12.87,2.36,9.32,8.82,10b
970,3_20251031_Pluto_spont_2,12.0,1_20251031_Pluto_spont_1,mouse B (Pluto),2025-10-31,0.0,10.0,110.0,111.01,186.54,0.64,0.279,91.48,6.55,25.21,3.25,197.35,6.29,4.47,6.34,10b
970,4_20251030_Pluto_spont_1,12.0,1_20251031_Pluto_spont_1,mouse B (Pluto),2025-10-31,0.0,10.0,110.0,124.71,183.05,0.82,0.21,56.03,27.39,327.69,49.71,23.94,5.78,4.07,17.73,10b
970,5_20251029_Pluto_spont_1,12.0,1_20251031_Pluto_spont_1,mouse B (Pluto),2025-10-31,0.0,10.0,110.0,80.08,234.28,0.96,0.321,18.37,19.42,4.05,13.25,8.86,2.47,216.0,30.19,10b
970,6_20251028_Pluto_spont_1,12.0,1_20251031_Pluto_spont_1,mouse B (Pluto),2025-10-31,0.0,10.0,110.0,105.48,228.69,0.58,0.31,21.36,4.06,2.9,15.54,19.21,1.88,7.21,73.4,10b
963,0_first5minvedio,20.0,2_20251031_Pluto_spont_3,mouse B (Pluto),2025-10-31,0.0,5.0,205.0,12.79,18.65,0.0,0.972,11.34,4.62,8.22,5.86,12.6,5.08,15.48,11.43,5a
963,1_20251031_Pluto_spont_1,20.0,2_20251031_Pluto_spont_3,mouse B (Pluto),2025-10-31,0.0,5.0,205.0,12.48,21.52,0.0,0.938,8.9,5.61,14.77,3.47,8.4,8.2,12.71,11.91,5a
963,2_20251031_Pluto_spont_3,20.0,2_20251031_Pluto_spont_3,mouse B (Pluto),2025-10-31,0.0,5.0,205.0,8.22,47.98,0.1,0.798,14.41,1.77,4.1,3.25,7.9,1.34,3.72,5.73,5a
963,3_20251031_Pluto_spont_2,20.0,2_20251031_Pluto_spont_3,mouse B (Pluto),2025-10-31,0.0,5.0,205.0,5.31,19.6,0.0,0.822,7.0,3.1,2.91,1.82,2.41,4.18,1.77,2.06,5a
963,4_20251030_Pluto_spont_1,20.0,2_20251031_Pluto_spont_3,mouse B (Pluto),2025-10-31,0.0,5.0,205.0,34.46,55.02,0.2,0.632,51.63,28.56,43.5,48.98,2.73,2.63,4.04,5.88,5a
963,5_20251029_Pluto_spont_1,20.0,2_20251031_Pluto_spont_3,mouse B (Pluto),2025-10-31,0.0,5.0,205.0,11.23,25.03,0.1,0.632,30.39,1.41,1.86,1.55,5.08,1.32,2.7,7.28,5a
963,6_20251028_Pluto_spont_1,20.0,2_20251031_Pluto_spont_3,mouse B (Pluto),2025-10-31,0.0,5.0,205.0,10.79,25.18,0.04,0.677,24.08,1.97,1.85,3.28,7.33,2.25,3.5,11.31,5a
964,0_first5minvedio,21.0,2_20251031_Pluto_spont_3,mouse B (Pluto),2025-10-31,0.0,5.0,205.0,12.23,17.11,0.0,0.942,11.8,4.18,9.33,5.72,12.19,5.9,15.21,10.56,5b
964,1_20251031_Pluto_spont_1,21.0,2_20251031_Pluto_spont_3,mouse B (Pluto),2025-10-31,0.0,5.0,205.0,12.35,19.5,0.0,0.922,8.51,6.54,12.81,3.54,8.38,6.12,12.79,11.07,5b
964,2_20251031_Pluto_spont_3,21.0,2_20251031_Pluto_spont_3,mouse B (Pluto),2025-10-31,0.0,5.0,205.0,11.5,96.61,0.18,0.814,17.03,1.65,5.32,2.88,8.34,1.35,3.51,5.67,5b
964,3_20251031_Pluto_spont_2,21.0,2_20251031_Pluto_spont_3,mouse B (Pluto),2025-10-31,0.0,5.0,205.0,7.12,16.74,0.0,0.766,6.46,3.0,4.17,2.64,3.66,4.62,1.92,2.37,5b
964,4_20251030_Pluto_spont_1,21.0,2_20251031_Pluto_spont_3,mouse B (Pluto),2025-10-31,0.0,5.0,205.0,32.98,68.55,0.18,0.705,50.31,21.99,39.24,49.65,2.52,2.1,5.13,4.76,5b
964,5_20251029_Pluto_spont_1,21.0,2_20251031_Pluto_spont_3,mouse B (Pluto),2025-10-31,0.0,5.0,205.0,93.05,205.77,0.6,0.546,27.82,1.64,1.89,2.13,11.89,1.9,3.17,7.39,5b
964,6_20251028_Pluto_spont_1,21.0,2_20251031_Pluto_spont_3,mouse B (Pluto),2025-10-31,0.0,5.0,205.0,9.73,15.14,0.02,0.637,22.14,1.6,1.68,2.93,4.47,1.93,3.16,9.75,5b
965,0_first5minvedio,22.0,2_20251031_Pluto_spont_3,mouse B (Pluto),2025-10-31,0.0,10.0,210.0,12.34,17.74,0.0,0.93,10.4,4.53,8.08,5.56,12.34,4.87,16.67,11.24,10a
965,1_20251031_Pluto_spont_1,22.0,2_20251031_Pluto_spont_3,mouse B (Pluto),2025-10-31,0.0,10.0,210.0,11.98,19.57,0.0,0.915,8.28,6.01,13.96,3.77,7.85,5.3,12.18,11.17,10a
965,2_20251031_Pluto_spont_3,22.0,2_20251031_Pluto_spont_3,mouse B (Pluto),2025-10-31,0.0,10.0,210.0,10.46,85.22,0.22,0.839,20.11,1.78,3.66,2.71,5.54,1.3,3.82,4.97,10a
965,3_20251031_Pluto_spont_2,22.0,2_20251031_Pluto_spont_3,mouse B (Pluto),2025-10-31,0.0,10.0,210.0,4.65,14.59,0.06,0.779,6.06,3.26,3.35,1.7,2.25,4.19,1.67,2.38,10a
965,4_20251030_Pluto_spont_1,22.0,2_20251031_Pluto_spont_3,mouse B (Pluto),2025-10-31,0.0,10.0,210.0,33.52,168.47,0.24,0.72,47.64,24.64,40.05,49.93,3.57,2.31,7.0,5.75,10a
965,5_20251029_Pluto_spont_1,22.0,2_20251031_Pluto_spont_3,mouse B (Pluto),2025-10-31,0.0,10.0,210.0,15.55,95.83,0.2,0.546,31.54,2.25,2.05,2.14,13.63,1.31,3.74,5.06,10a
965,6_20251028_Pluto_spont_1,22.0,2_20251031_Pluto_spont_3,mouse B (Pluto),2025-10-31,0.0,10.0,210.0,14.22,42.49,0.08,0.642,28.87,1.89,1.45,3.31,16.18,1.26,3.37,8.4,10a
966,0_first5minvedio,23.0,2_20251031_Pluto_spont_3,mouse B (Pluto),2025-10-31,0.0,10.0,210.0,11.96,17.57,0.0,0.932,10.42,3.67,8.15,4.93,11.53,4.86,16.64,10.74,10b
966,1_20251031_Pluto_spont_1,23.0,2_20251031_Pluto_spont_3,mouse B (Pluto),2025-10-31,0.0,10.0,210.0,11.68,19.65,0.0,0.965,8.37,7.11,13.05,3.24,8.2,5.95,13.5,12.79,10b
966,2_20251031_Pluto_spont_3,23.0,2_20251031_Pluto_spont_3,mouse B (Pluto),2025-10-31,0.0,10.0,210.0,9.85,78.41,0.12,0.864,19.85,1.7,3.12,2.87,7.9,1.19,3.28,5.78,10b
966,3_20251031_Pluto_spont_2,23.0,2_20251031_Pluto_spont_3,mouse B (Pluto),2025-10-31,0.0,10.0,210.0,4.97,23.31,0.0,0.854,5.54,2.78,3.86,2.08,2.04,3.94,2.14,1.69,10b
966,4_20251030_Pluto_spont_1,23.0,2_20251031_Pluto_spont_3,mouse B (Pluto),2025-10-31,0.0,10.0,210.0,31.86,146.87,0.18,0.705,48.99,21.61,33.5,48.16,3.75,1.68,6.19,3.68,10b
966,5_20251029_Pluto_spont_1,23.0,2_20251031_Pluto_spont_3,mouse B (Pluto),2025-10-31,0.0,10.0,210.0,15.27,44.14,0.1,0.609,36.74,2.73,2.36,1.86,6.71,1.46,2.79,5.38,10b
966,6_20251028_Pluto_spont_1,23.0,2_20251031_Pluto_spont_3,mouse B (Pluto),2025-10-31,0.0,10.0,210.0,14.11,179.65,0.18,0.662,30.21,2.72,2.11,2.46,5.96,1.41,3.85,9.44,10b
959,0_first5minvedio,28.0,3_20251031_Pluto_spont_2,mouse B (Pluto),2025-10-31,0.0,5.0,265.0,12.0,18.17,0.0,0.937,12.46,3.86,7.29,5.37,11.59,5.19,17.96,11.76,5a
959,1_20251031_Pluto_spont_1,28.0,3_20251031_Pluto_spont_2,mouse B (Pluto),2025-10-31,0.0,5.0,265.0,12.13,19.42,0.0,0.963,9.39,5.91,12.4,3.11,7.3,6.11,14.0,13.17,5a
959,2_20251031_Pluto_spont_3,28.0,3_20251031_Pluto_spont_2,mouse B (Pluto),2025-10-31,0.0,5.0,265.0,6.82,15.97,0.02,0.919,9.75,2.0,4.28,3.6,5.02,1.25,4.12,4.05,5a
959,3_20251031_Pluto_spont_2,28.0,3_20251031_Pluto_spont_2,mouse B (Pluto),2025-10-31,0.0,5.0,265.0,3.82,22.93,0.0,0.937,2.78,2.62,2.68,1.28,2.24,2.15,1.24,2.63,5a
959,4_20251030_Pluto_spont_1,28.0,3_20251031_Pluto_spont_2,mouse B (Pluto),2025-10-31,0.0,5.0,265.0,33.62,61.93,0.24,0.805,50.13,23.23,46.17,48.32,3.18,1.79,4.8,3.82,5a
959,5_20251029_Pluto_spont_1,28.0,3_20251031_Pluto_spont_2,mouse B (Pluto),2025-10-31,0.0,5.0,265.0,13.94,22.25,0.06,0.624,32.02,2.34,1.76,2.07,11.5,1.77,3.67,7.66,5a
959,6_20251028_Pluto_spont_1,28.0,3_20251031_Pluto_spont_2,mouse B (Pluto),2025-10-31,0.0,5.0,265.0,7.22,17.53,0.04,0.632,14.26,2.08,1.85,2.24,8.23,2.96,2.18,5.41,5a
960,0_first5minvedio,29.0,3_20251031_Pluto_spont_2,mouse B (Pluto),2025-10-31,0.0,5.0,265.0,11.99,18.86,0.0,0.935,11.91,4.29,7.94,5.32,11.65,5.61,17.25,11.09,5b
960,1_20251031_Pluto_spont_1,29.0,3_20251031_Pluto_spont_2,mouse B (Pluto),2025-10-31,0.0,5.0,265.0,11.98,19.55,0.0,0.983,10.22,4.68,13.32,3.19,7.88,4.4,14.31,12.95,5b
960,2_20251031_Pluto_spont_3,29.0,3_20251031_Pluto_spont_2,mouse B (Pluto),2025-10-31,0.0,5.0,265.0,6.54,18.58,0.02,0.907,10.81,1.82,4.23,2.91,5.3,1.3,3.97,5.22,5b
960,3_20251031_Pluto_spont_2,29.0,3_20251031_Pluto_spont_2,mouse B (Pluto),2025-10-31,0.0,5.0,265.0,3.91,15.35,0.0,0.922,3.75,3.03,2.01,1.83,2.5,2.31,1.23,3.32,5b
960,4_20251030_Pluto_spont_1,29.0,3_20251031_Pluto_spont_2,mouse B (Pluto),2025-10-31,0.0,5.0,265.0,36.65,62.54,0.36,0.772,50.36,21.36,61.64,47.03,1.97,2.13,6.22,5.19,5b
960,5_20251029_Pluto_spont_1,29.0,3_20251031_Pluto_spont_2,mouse B (Pluto),2025-10-31,0.0,5.0,265.0,12.63,155.88,0.2,0.679,28.65,1.79,1.24,1.84,5.9,2.02,2.91,7.23,5b
960,6_20251028_Pluto_spont_1,29.0,3_20251031_Pluto_spont_2,mouse B (Pluto),2025-10-31,0.0,5.0,265.0,7.6,18.36,0.02,0.693,9.27,1.72,0.95,3.09,9.2,2.66,3.39,8.45,5b
961,0_first5minvedio,30.0,3_20251031_Pluto_spont_2,mouse B (Pluto),2025-10-31,0.0,10.0,270.0,12.14,18.54,0.0,0.95,12.18,4.44,8.23,5.71,12.02,5.3,18.14,10.65,10a
961,1_20251031_Pluto_spont_1,30.0,3_20251031_Pluto_spont_2,mouse B (Pluto),2025-10-31,0.0,10.0,270.0,11.81,21.18,0.0,0.943,10.25,5.9,11.58,3.84,7.72,5.16,13.99,11.05,10a
961,2_20251031_Pluto_spont_3,30.0,3_20251031_Pluto_spont_2,mouse B (Pluto),2025-10-31,0.0,10.0,270.0,8.26,22.62,0.02,0.932,18.37,1.62,3.64,2.81,5.59,1.1,3.66,4.34,10a
961,3_20251031_Pluto_spont_2,30.0,3_20251031_Pluto_spont_2,mouse B (Pluto),2025-10-31,0.0,10.0,270.0,3.81,21.68,0.0,0.935,3.61,2.09,2.77,1.33,2.04,2.47,1.67,2.35,10a
961,4_20251030_Pluto_spont_1,30.0,3_20251031_Pluto_spont_2,mouse B (Pluto),2025-10-31,0.0,10.0,270.0,33.43,60.37,0.18,0.75,51.87,22.03,42.24,48.98,3.43,1.98,3.96,4.46,10a
961,5_20251029_Pluto_spont_1,30.0,3_20251031_Pluto_spont_2,mouse B (Pluto),2025-10-31,0.0,10.0,270.0,15.99,47.28,0.08,0.612,39.1,1.17,1.24,1.67,7.05,1.24,5.02,9.08,10a
961,6_20251028_Pluto_spont_1,30.0,3_20251031_Pluto_spont_2,mouse B (Pluto),2025-10-31,0.0,10.0,270.0,12.64,177.74,0.24,0.63,13.93,2.68,1.74,3.12,9.97,0.99,2.72,12.9,10a
962,0_first5minvedio,31.0,3_20251031_Pluto_spont_2,mouse B (Pluto),2025-10-31,0.0,10.0,270.0,12.24,18.45,0.0,0.965,12.14,4.43,7.09,5.11,11.41,4.96,16.48,11.42,10b
962,1_20251031_Pluto_spont_1,31.0,3_20251031_Pluto_spont_2,mouse B (Pluto),2025-10-31,0.0,10.0,270.0,12.16,19.73,0.02,0.96,8.76,5.9,12.39,3.63,7.98,7.38,14.56,12.77,10b
962,2_20251031_Pluto_spont_3,31.0,3_20251031_Pluto_spont_2,mouse B (Pluto),2025-10-31,0.0,10.0,270.0,7.54,21.38,0.04,0.874,12.77,1.81,3.73,3.52,5.31,1.14,3.19,4.11,10b
962,3_20251031_Pluto_spont_2,31.0,3_20251031_Pluto_spont_2,mouse B (Pluto),2025-10-31,0.0,10.0,270.0,3.48,22.54,0.0,0.922,2.67,2.69,2.51,2.04,1.75,2.47,1.91,2.37,10b
962,4_20251030_Pluto_spont_1,31.0,3_20251031_Pluto_spont_2,mouse B (Pluto),2025-10-31,0.0,10.0,270.0,33.03,58.84,0.2,0.715,52.45,24.91,40.54,48.37,2.32,2.15,6.06,4.59,10b
962,5_20251029_Pluto_spont_1,31.0,3_20251031_Pluto_spont_2,mouse B (Pluto),2025-10-31,0.0,10.0,270.0,17.33,50.16,0.1,0.571,40.9,1.09,1.42,1.86,9.48,0.85,4.8,8.43,10b
962,6_20251028_Pluto_spont_1,31.0,3_20251031_Pluto_spont_2,mouse B (Pluto),2025-10-31,0.0,10.0,270.0,18.01,50.0,0.1,0.627,48.79,1.81,1.73,3.44,8.57,1.07,2.93,5.47,10b
955,0_first5minvedio,35.0,4_20251030_Pluto_spont_1,mouse B (Pluto),2025-10-30,0.0,5.0,325.0,12.29,16.61,0.0,0.952,11.33,4.55,8.36,5.52,11.73,5.42,15.48,10.15,5a
955,1_20251031_Pluto_spont_1,35.0,4_20251030_Pluto_spont_1,mouse B (Pluto),2025-10-30,0.0,5.0,325.0,11.87,19.04,0.0,0.98,10.21,6.98,13.18,3.52,7.68,6.9,13.66,11.85,5a
955,2_20251031_Pluto_spont_3,35.0,4_20251030_Pluto_spont_1,mouse B (Pluto),2025-10-30,0.0,5.0,325.0,7.01,14.52,0.0,0.942,11.16,1.9,3.36,2.9,4.94,1.02,4.53,4.74,5a
955,3_20251031_Pluto_spont_2,35.0,4_20251030_Pluto_spont_1,mouse B (Pluto),2025-10-30,0.0,5.0,325.0,3.66,15.38,0.0,0.947,3.76,2.88,2.68,2.49,1.21,2.86,2.6,1.74,5a
955,4_20251030_Pluto_spont_1,35.0,4_20251030_Pluto_spont_1,mouse B (Pluto),2025-10-30,0.0,5.0,325.0,30.74,50.08,0.1,0.853,50.01,21.34,38.34,45.3,1.94,1.52,3.71,2.69,5a
955,5_20251029_Pluto_spont_1,35.0,4_20251030_Pluto_spont_1,mouse B (Pluto),2025-10-30,0.0,5.0,325.0,59.1,271.09,0.5,0.662,32.08,2.11,1.47,1.35,6.75,1.42,2.96,11.89,5a
955,6_20251028_Pluto_spont_1,35.0,4_20251030_Pluto_spont_1,mouse B (Pluto),2025-10-30,0.0,5.0,325.0,4.8,11.17,0.0,0.807,4.97,1.95,1.59,2.36,3.98,2.58,3.77,4.31,5a
956,0_first5minvedio,36.0,4_20251030_Pluto_spont_1,mouse B (Pluto),2025-10-30,0.0,5.0,325.0,11.66,18.15,0.0,0.972,11.72,4.27,6.98,5.33,11.05,4.9,15.99,10.04,5b
956,1_20251031_Pluto_spont_1,36.0,4_20251030_Pluto_spont_1,mouse B (Pluto),2025-10-30,0.0,5.0,325.0,11.84,20.97,0.0,0.99,9.81,7.24,13.63,3.48,7.46,7.61,14.36,12.52,5b
956,2_20251031_Pluto_spont_3,36.0,4_20251030_Pluto_spont_1,mouse B (Pluto),2025-10-30,0.0,5.0,325.0,7.12,14.5,0.0,0.947,10.78,1.85,3.68,3.1,5.5,1.05,4.43,4.07,5b
956,3_20251031_Pluto_spont_2,36.0,4_20251030_Pluto_spont_1,mouse B (Pluto),2025-10-30,0.0,5.0,325.0,3.9,22.38,0.0,0.965,4.0,2.96,2.06,1.98,1.32,2.58,2.37,2.04,5b
956,4_20251030_Pluto_spont_1,36.0,4_20251030_Pluto_spont_1,mouse B (Pluto),2025-10-30,0.0,5.0,325.0,32.21,51.99,0.14,0.828,50.34,23.91,40.63,47.64,2.04,2.01,3.25,2.36,5b
956,5_20251029_Pluto_spont_1,36.0,4_20251030_Pluto_spont_1,mouse B (Pluto),2025-10-30,0.0,5.0,325.0,12.26,24.81,0.02,0.652,28.71,1.51,2.6,1.67,10.81,1.13,2.64,5.95,5b
956,6_20251028_Pluto_spont_1,36.0,4_20251030_Pluto_spont_1,mouse B (Pluto),2025-10-30,0.0,5.0,325.0,6.08,39.71,0.02,0.752,7.74,2.2,2.2,1.97,6.81,1.7,2.22,7.04,5b
957,0_first5minvedio,37.0,4_20251030_Pluto_spont_1,mouse B (Pluto),2025-10-30,0.0,10.0,330.0,12.32,17.49,0.0,0.952,11.74,4.45,7.62,5.49,11.37,5.35,15.67,11.19,10a
957,1_20251031_Pluto_spont_1,37.0,4_20251030_Pluto_spont_1,mouse B (Pluto),2025-10-30,0.0,10.0,330.0,11.89,19.9,0.0,0.983,9.51,6.63,13.5,3.5,7.95,6.75,13.51,12.35,10a
957,2_20251031_Pluto_spont_3,37.0,4_20251030_Pluto_spont_1,mouse B (Pluto),2025-10-30,0.0,10.0,330.0,7.07,14.37,0.0,0.94,10.49,1.89,3.12,3.14,5.13,1.13,3.83,4.06,10a
957,3_20251031_Pluto_spont_2,37.0,4_20251030_Pluto_spont_1,mouse B (Pluto),2025-10-30,0.0,10.0,330.0,3.87,22.79,0.0,0.96,4.79,3.12,2.37,1.98,1.63,1.92,2.05,1.84,10a
957,4_20251030_Pluto_spont_1,37.0,4_20251030_Pluto_spont_1,mouse B (Pluto),2025-10-30,0.0,10.0,330.0,45.31,62.41,0.42,0.81,50.43,23.6,106.07,46.01,2.42,1.9,3.24,3.6,10a
957,5_20251029_Pluto_spont_1,37.0,4_20251030_Pluto_spont_1,mouse B (Pluto),2025-10-30,0.0,10.0,330.0,9.67,23.36,0.08,0.697,19.88,1.65,1.92,1.59,3.61,0.94,2.96,5.26,10a
957,6_20251028_Pluto_spont_1,37.0,4_20251030_Pluto_spont_1,mouse B (Pluto),2025-10-30,0.0,10.0,330.0,49.12,185.47,0.5,0.67,5.2,1.7,1.89,2.38,4.77,1.23,3.02,19.09,10a
958,0_first5minvedio,38.0,4_20251030_Pluto_spont_1,mouse B (Pluto),2025-10-30,0.0,10.0,330.0,12.31,17.84,0.0,0.975,11.86,4.36,8.66,5.29,10.61,5.28,16.97,10.95,10b
958,1_20251031_Pluto_spont_1,38.0,4_20251030_Pluto_spont_1,mouse B (Pluto),2025-10-30,0.0,10.0,330.0,11.68,20.1,0.0,0.985,9.22,6.39,13.78,3.39,7.57,7.31,12.95,11.78,10b
958,2_20251031_Pluto_spont_3,38.0,4_20251030_Pluto_spont_1,mouse B (Pluto),2025-10-30,0.0,10.0,330.0,7.08,19.05,0.02,0.965,12.04,1.7,2.95,2.81,4.86,1.23,3.61,4.52,10b
958,3_20251031_Pluto_spont_2,38.0,4_20251030_Pluto_spont_1,mouse B (Pluto),2025-10-30,0.0,10.0,330.0,3.54,22.08,0.0,0.965,3.65,2.7,2.37,1.98,1.12,1.88,2.03,1.64,10b
958,4_20251030_Pluto_spont_1,38.0,4_20251030_Pluto_spont_1,mouse B (Pluto),2025-10-30,0.0,10.0,330.0,44.75,61.55,0.32,0.802,48.38,22.66,105.04,47.25,1.86,1.68,2.75,2.56,10b
958,5_20251029_Pluto_spont_1,38.0,4_20251030_Pluto_spont_1,mouse B (Pluto),2025-10-30,0.0,10.0,330.0,10.14,18.87,0.06,0.792,25.09,1.52,1.38,2.08,4.4,1.08,2.65,7.65,10b
958,6_20251028_Pluto_spont_1,38.0,4_20251030_Pluto_spont_1,mouse B (Pluto),2025-10-30,0.0,10.0,330.0,6.11,16.64,0.02,0.823,6.65,2.5,1.46,2.49,5.05,1.28,2.71,7.22,10b
951,0_first5minvedio,43.0,5_20251029_Pluto_spont_1,mouse B (Pluto),2025-10-29,0.0,5.0,365.0,12.47,17.35,0.0,0.967,11.28,3.72,8.52,5.67,11.18,5.76,16.44,10.72,5a
951,1_20251031_Pluto_spont_1,43.0,5_20251029_Pluto_spont_1,mouse B (Pluto),2025-10-29,0.0,5.0,365.0,11.83,19.44,0.0,0.98,8.94,5.49,12.07,3.14,8.15,8.19,12.92,11.68,5a
951,2_20251031_Pluto_spont_3,43.0,5_20251029_Pluto_spont_1,mouse B (Pluto),2025-10-29,0.0,5.0,365.0,7.67,17.64,0.02,0.927,14.79,1.79,4.01,3.03,5.71,1.37,3.3,5.01,5a
951,3_20251031_Pluto_spont_2,43.0,5_20251029_Pluto_spont_1,mouse B (Pluto),2025-10-29,0.0,5.0,365.0,3.67,13.78,0.0,0.96,3.72,2.95,2.46,2.2,1.87,2.78,1.8,2.31,5a
951,4_20251030_Pluto_spont_1,43.0,5_20251029_Pluto_spont_1,mouse B (Pluto),2025-10-29,0.0,5.0,365.0,15.94,27.66,0.02,0.927,14.02,15.58,25.4,8.93,2.47,2.38,2.55,3.72,5a
951,5_20251029_Pluto_spont_1,43.0,5_20251029_Pluto_spont_1,mouse B (Pluto),2025-10-29,0.0,5.0,365.0,13.04,19.88,0.0,0.792,32.23,1.01,2.15,3.87,8.16,1.25,4.15,9.28,5a
951,6_20251028_Pluto_spont_1,43.0,5_20251029_Pluto_spont_1,mouse B (Pluto),2025-10-29,0.0,5.0,365.0,11.0,35.91,0.02,0.75,26.1,1.53,1.42,3.14,8.55,2.01,3.42,5.33,5a
952,0_first5minvedio,44.0,5_20251029_Pluto_spont_1,mouse B (Pluto),2025-10-29,0.0,5.0,365.0,12.18,17.2,0.0,0.99,10.9,4.36,7.53,5.28,12.4,4.43,15.3,10.17,5b
952,1_20251031_Pluto_spont_1,44.0,5_20251029_Pluto_spont_1,mouse B (Pluto),2025-10-29,0.0,5.0,365.0,11.91,19.59,0.0,0.99,8.72,5.84,11.72,3.52,8.35,7.55,13.62,11.74,5b
952,2_20251031_Pluto_spont_3,44.0,5_20251029_Pluto_spont_1,mouse B (Pluto),2025-10-29,0.0,5.0,365.0,8.01,20.05,0.02,0.912,17.91,1.81,4.22,3.12,6.06,1.52,3.23,4.62,5b
952,3_20251031_Pluto_spont_2,44.0,5_20251029_Pluto_spont_1,mouse B (Pluto),2025-10-29,0.0,5.0,365.0,3.84,9.47,0.0,0.975,5.04,2.45,2.38,2.07,1.45,2.61,1.88,2.18,5b
952,4_20251030_Pluto_spont_1,44.0,5_20251029_Pluto_spont_1,mouse B (Pluto),2025-10-29,0.0,5.0,365.0,15.93,25.24,0.0,0.932,14.11,15.15,28.49,8.45,3.26,2.36,3.83,3.25,5b
952,5_20251029_Pluto_spont_1,44.0,5_20251029_Pluto_spont_1,mouse B (Pluto),2025-10-29,0.0,5.0,365.0,9.42,13.18,0.04,0.779,17.67,1.34,1.69,3.27,9.05,1.65,3.24,8.33,5b
952,6_20251028_Pluto_spont_1,44.0,5_20251029_Pluto_spont_1,mouse B (Pluto),2025-10-29,0.0,5.0,365.0,7.54,30.92,0.02,0.708,14.62,1.86,1.89,4.54,4.45,1.51,2.66,6.75,5b
953,0_first5minvedio,45.0,5_20251029_Pluto_spont_1,mouse B (Pluto),2025-10-29,0.0,10.0,370.0,11.88,17.52,0.0,0.962,10.85,4.32,8.37,5.2,12.63,5.37,15.49,10.48,10a
953,1_20251031_Pluto_spont_1,45.0,5_20251029_Pluto_spont_1,mouse B (Pluto),2025-10-29,0.0,10.0,370.0,12.25,21.36,0.02,0.978,9.01,6.67,12.35,3.34,8.15,7.01,13.27,12.19,10a
953,2_20251031_Pluto_spont_3,45.0,5_20251029_Pluto_spont_1,mouse B (Pluto),2025-10-29,0.0,10.0,370.0,8.09,16.31,0.04,0.924,13.79,1.8,3.3,3.31,5.8,1.37,3.7,4.93,10a
953,3_20251031_Pluto_spont_2,45.0,5_20251029_Pluto_spont_1,mouse B (Pluto),2025-10-29,0.0,10.0,370.0,3.64,10.02,0.0,0.967,3.82,3.15,2.22,2.35,1.59,2.31,2.11,1.9,10a
953,4_20251030_Pluto_spont_1,45.0,5_20251029_Pluto_spont_1,mouse B (Pluto),2025-10-29,0.0,10.0,370.0,16.57,34.08,0.04,0.868,16.38,15.3,24.83,9.36,3.07,2.33,3.24,3.9,10a
953,5_20251029_Pluto_spont_1,45.0,5_20251029_Pluto_spont_1,mouse B (Pluto),2025-10-29,0.0,10.0,370.0,12.56,18.07,0.0,0.905,32.23,1.94,1.71,3.17,4.23,1.15,4.25,6.7,10a
953,6_20251028_Pluto_spont_1,45.0,5_20251029_Pluto_spont_1,mouse B (Pluto),2025-10-29,0.0,10.0,370.0,8.61,17.81,0.0,0.703,10.17,1.81,1.45,2.94,9.33,2.05,2.29,7.76,10a
954,0_first5minvedio,46.0,5_20251029_Pluto_spont_1,mouse B (Pluto),2025-10-29,0.0,10.0,370.0,12.23,16.6,0.0,0.97,11.15,4.43,7.3,4.6,11.6,4.85,16.06,10.07,10b
954,1_20251031_Pluto_spont_1,46.0,5_20251029_Pluto_spont_1,mouse B (Pluto),2025-10-29,0.0,10.0,370.0,11.81,20.16,0.0,0.968,9.66,6.68,12.54,3.51,7.76,7.52,13.91,12.06,10b
954,2_20251031_Pluto_spont_3,46.0,5_20251029_Pluto_spont_1,mouse B (Pluto),2025-10-29,0.0,10.0,370.0,7.49,17.65,0.02,0.935,11.88,1.99,3.78,2.63,4.7,1.19,3.44,4.4,10b
954,3_20251031_Pluto_spont_2,46.0,5_20251029_Pluto_spont_1,mouse B (Pluto),2025-10-29,0.0,10.0,370.0,3.59,9.09,0.0,0.96,3.78,2.32,2.24,2.57,1.47,2.6,2.64,1.8,10b
954,4_20251030_Pluto_spont_1,46.0,5_20251029_Pluto_spont_1,mouse B (Pluto),2025-10-29,0.0,10.0,370.0,16.14,27.44,0.02,0.92,13.72,15.06,27.0,8.89,2.55,2.87,3.87,4.54,10b
954,5_20251029_Pluto_spont_1,46.0,5_20251029_Pluto_spont_1,mouse B (Pluto),2025-10-29,0.0,10.0,370.0,12.73,19.65,0.04,0.802,30.75,1.34,1.39,3.19,4.99,1.8,3.43,5.87,10b
954,6_20251028_Pluto_spont_1,46.0,5_20251029_Pluto_spont_1,mouse B (Pluto),2025-10-29,0.0,10.0,370.0,10.15,175.89,0.26,0.655,9.85,2.06,2.54,3.7,9.86,2.27,2.61,9.37,10b
711,0_first5minvedio,49.0,6_20251028_Pluto_spont_1,mouse B (Pluto),2025-10-28,1.0,20.0,400.0,12.67,18.24,0.0,0.967,10.66,4.62,7.41,5.72,12.71,5.18,17.28,10.6,
711,1_20251031_Pluto_spont_1,49.0,6_20251028_Pluto_spont_1,mouse B (Pluto),2025-10-28,1.0,20.0,400.0,12.01,19.49,0.0,0.973,8.8,6.38,12.47,3.61,7.84,8.67,14.18,11.76,
711,2_20251031_Pluto_spont_3,49.0,6_20251028_Pluto_spont_1,mouse B (Pluto),2025-10-28,1.0,20.0,400.0,6.78,12.97,0.02,0.904,12.07,1.75,3.66,2.91,4.56,1.39,3.84,5.25,
711,3_20251031_Pluto_spont_2,49.0,6_20251028_Pluto_spont_1,mouse B (Pluto),2025-10-28,1.0,20.0,400.0,3.21,13.11,0.0,0.957,2.72,2.59,2.01,1.75,1.4,2.41,2.1,1.71,
711,4_20251030_Pluto_spont_1,49.0,6_20251028_Pluto_spont_1,mouse B (Pluto),2025-10-28,1.0,20.0,400.0,14.8,33.16,0.02,0.895,14.59,13.75,21.79,9.28,2.89,3.24,4.81,2.51,
711,5_20251029_Pluto_spont_1,49.0,6_20251028_Pluto_spont_1,mouse B (Pluto),2025-10-28,1.0,20.0,400.0,13.65,19.83,0.0,0.917,34.71,1.88,1.57,3.95,3.41,1.59,4.2,7.28,
711,6_20251028_Pluto_spont_1,49.0,6_20251028_Pluto_spont_1,mouse B (Pluto),2025-10-28,1.0,20.0,400.0,6.75,11.21,0.0,0.83,9.39,1.38,1.68,5.15,6.67,6.38,4.94,5.47,
712,0_first5minvedio,50.0,6_20251028_Pluto_spont_1,mouse B (Pluto),2025-10-28,2.0,40.0,420.0,12.12,18.17,0.0,0.965,11.28,4.22,8.17,5.59,12.05,5.72,16.64,10.82,
712,1_20251031_Pluto_spont_1,50.0,6_20251028_Pluto_spont_1,mouse B (Pluto),2025-10-28,2.0,40.0,420.0,11.66,18.02,0.0,0.975,9.9,6.46,12.46,3.46,7.3,6.53,14.01,11.79,
712,2_20251031_Pluto_spont_3,50.0,6_20251028_Pluto_spont_1,mouse B (Pluto),2025-10-28,2.0,40.0,420.0,7.98,20.41,0.04,0.927,13.62,1.77,3.91,2.92,5.42,1.58,4.05,4.72,
712,3_20251031_Pluto_spont_2,50.0,6_20251028_Pluto_spont_1,mouse B (Pluto),2025-10-28,2.0,40.0,420.0,3.95,16.68,0.0,0.962,4.36,2.99,2.18,1.86,2.06,2.05,2.5,2.67,
712,4_20251030_Pluto_spont_1,50.0,6_20251028_Pluto_spont_1,mouse B (Pluto),2025-10-28,2.0,40.0,420.0,15.66,25.27,0.0,0.902,13.62,15.05,24.41,9.12,2.48,1.69,4.35,2.33,
712,5_20251029_Pluto_spont_1,50.0,6_20251028_Pluto_spont_1,mouse B (Pluto),2025-10-28,2.0,40.0,420.0,12.47,19.12,0.0,0.955,32.77,1.53,1.26,3.29,4.08,2.57,3.81,6.93,
712,6_20251028_Pluto_spont_1,50.0,6_20251028_Pluto_spont_1,mouse B (Pluto),2025-10-28,2.0,40.0,420.0,8.46,11.81,0.0,0.902,12.81,1.42,1.54,7.35,5.61,11.36,3.7,5.03,
971,7_20251027_Pluto_spont1,0.0,0_first5minvedio,mouse A,5-min recording,0.0,5.0,5.0,239.32,278.02,1.0,0.003,393.44,27.42,155.11,18.41,420.05,4.97,152.11,249.16,5a
972,7_20251027_Pluto_spont1,1.0,0_first5minvedio,mouse A,5-min recording,0.0,5.0,5.0,201.7,313.27,1.0,0.215,91.1,29.26,209.66,19.29,314.81,2.47,72.91,116.6,5b
973,7_20251027_Pluto_spont1,2.0,0_first5minvedio,mouse A,5-min recording,0.0,10.0,10.0,219.13,318.07,1.0,0.357,363.65,29.51,262.49,16.69,354.75,2.03,49.21,82.24,10a
974,7_20251027_Pluto_spont1,3.0,0_first5minvedio,mouse A,5-min recording,0.0,10.0,10.0,202.88,216.08,1.0,0.482,358.9,23.6,257.05,16.95,355.71,6.4,46.21,38.47,10b
111,7_20251027_Pluto_spont1,4.0,0_first5minvedio,mouse A,5-min recording,1.0,20.0,20.0,321.53,383.63,1.0,0.345,381.28,25.13,259.4,17.61,380.51,5.16,543.49,477.46,
112,7_20251027_Pluto_spont1,5.0,0_first5minvedio,mouse A,5-min recording,2.0,40.0,40.0,267.58,323.76,1.0,0.36,375.6,24.54,178.22,14.85,368.96,3.29,215.59,107.81,
113,7_20251027_Pluto_spont1,6.0,0_first5minvedio,mouse A,5-min recording,3.0,60.0,60.0,317.37,366.39,1.0,0.403,371.29,25.73,149.18,13.46,367.75,4.37,222.07,675.69,
114,7_20251027_Pluto_spont1,7.0,0_first5minvedio,mouse A,5-min recording,4.0,80.0,80.0,281.2,347.22,1.0,0.355,374.05,25.8,258.73,13.73,368.24,1.87,132.35,530.32,
115,7_20251027_Pluto_spont1,8.0,0_first5minvedio,mouse A,5-min recording,5.0,100.0,100.0,265.6,295.98,1.0,0.38,377.77,28.91,172.12,13.56,372.68,1.34,304.7,450.86,
967,7_20251027_Pluto_spont1,9.0,1_20251031_Pluto_spont_1,mouse B (Pluto),2025-10-31,0.0,5.0,105.0,210.85,270.55,1.0,0.37,26.79,21.95,242.35,8.26,18.08,4.24,211.66,513.74,5a
968,7_20251027_Pluto_spont1,10.0,1_20251031_Pluto_spont_1,mouse B (Pluto),2025-10-31,0.0,5.0,105.0,124.61,243.18,0.72,0.318,10.24,22.51,10.33,8.58,9.62,3.92,15.04,117.64,5b
969,7_20251027_Pluto_spont1,11.0,1_20251031_Pluto_spont_1,mouse B (Pluto),2025-10-31,0.0,10.0,110.0,60.69,206.83,0.76,0.43,13.84,12.33,9.82,5.61,3.06,4.15,131.67,78.21,10a
970,7_20251027_Pluto_spont1,12.0,1_20251031_Pluto_spont_1,mouse B (Pluto),2025-10-31,0.0,10.0,110.0,224.42,324.57,0.96,0.312,372.7,9.6,160.78,9.4,8.7,2.7,149.5,102.23,10b
211,7_20251027_Pluto_spont1,13.0,1_20251031_Pluto_spont_1,mouse B (Pluto),2025-10-31,1.0,20.0,120.0,13.86,127.75,0.22,0.455,13.63,4.74,6.32,5.63,5.64,2.71,13.92,25.1,
212,7_20251027_Pluto_spont1,14.0,1_20251031_Pluto_spont_1,mouse B (Pluto),2025-10-31,2.0,40.0,140.0,72.28,272.75,0.52,0.492,8.17,2.77,7.83,5.83,7.36,2.0,7.15,26.91,
213,7_20251027_Pluto_spont1,15.0,1_20251031_Pluto_spont_1,mouse B (Pluto),2025-10-31,3.0,60.0,160.0,11.1,270.06,0.36,0.575,6.86,2.01,2.84,2.48,3.47,2.42,3.04,26.36,
214,7_20251027_Pluto_spont1,16.0,1_20251031_Pluto_spont_1,mouse B (Pluto),2025-10-31,4.0,80.0,180.0,8.11,19.36,0.1,0.613,8.09,1.75,3.84,2.27,3.91,1.71,7.07,16.88,
225,7_20251027_Pluto_spont1,17.0,1_20251031_Pluto_spont_1,mouse B (Pluto),2025-10-31,5.0,100.0,200.0,8.03,11.2,0.06,0.675,7.93,2.07,2.06,3.25,5.19,1.69,3.31,17.57,
216,7_20251027_Pluto_spont1,18.0,1_20251031_Pluto_spont_1,mouse B (Pluto),2025-10-31,6.0,120.0,220.0,5.92,8.95,0.04,0.588,7.35,2.55,2.49,2.1,2.15,1.91,5.04,10.62,
217,7_20251027_Pluto_spont1,19.0,1_20251031_Pluto_spont_1,mouse B (Pluto),2025-10-31,7.0,140.0,240.0,6.94,9.43,0.08,0.665,9.25,1.56,3.31,1.73,2.94,1.96,6.94,12.14,
963,7_20251027_Pluto_spont1,20.0,2_20251031_Pluto_spont_3,mouse B (Pluto),2025-10-31,0.0,5.0,205.0,5.09,26.0,0.08,0.588,10.16,2.2,2.12,2.0,3.38,1.65,2.9,5.03,5a
964,7_20251027_Pluto_spont1,21.0,2_20251031_Pluto_spont_3,mouse B (Pluto),2025-10-31,0.0,5.0,205.0,7.96,39.87,0.1,0.72,9.91,1.75,2.08,1.79,3.95,1.86,5.47,13.73,5b
965,7_20251027_Pluto_spont1,22.0,2_20251031_Pluto_spont_3,mouse B (Pluto),2025-10-31,0.0,10.0,210.0,194.36,197.48,0.58,0.565,9.18,2.67,2.37,2.19,2.54,1.83,549.43,16.44,10a
966,7_20251027_Pluto_spont1,23.0,2_20251031_Pluto_spont_3,mouse B (Pluto),2025-10-31,0.0,10.0,210.0,6.35,8.86,0.0,0.672,10.16,1.31,1.96,1.79,3.51,1.71,5.03,7.91,10b
321,7_20251027_Pluto_spont1,24.0,2_20251031_Pluto_spont_3,mouse B (Pluto),2025-10-31,1.0,20.0,220.0,9.82,67.21,0.14,0.66,8.96,1.92,2.61,2.65,2.99,2.37,5.08,23.42,
322,7_20251027_Pluto_spont1,25.0,2_20251031_Pluto_spont_3,mouse B (Pluto),2025-10-31,2.0,40.0,240.0,7.66,135.28,0.14,0.627,9.51,1.52,2.68,1.79,2.79,0.99,3.48,15.17,
323,7_20251027_Pluto_spont1,26.0,2_20251031_Pluto_spont_3,mouse B (Pluto),2025-10-31,3.0,60.0,260.0,4.62,6.75,0.0,0.672,7.64,1.56,1.83,2.36,2.85,1.7,4.02,6.46,
324,7_20251027_Pluto_spont1,27.0,2_20251031_Pluto_spont_3,mouse B (Pluto),2025-10-31,4.0,80.0,280.0,4.99,7.28,0.0,0.57,6.29,2.21,2.36,1.76,3.08,1.33,4.04,4.37,
959,7_20251027_Pluto_spont1,28.0,3_20251031_Pluto_spont_2,mouse B (Pluto),2025-10-31,0.0,5.0,265.0,6.19,9.34,0.0,0.672,10.13,1.33,2.07,1.98,8.33,1.55,3.35,7.19,5a
960,7_20251027_Pluto_spont1,29.0,3_20251031_Pluto_spont_2,mouse B (Pluto),2025-10-31,0.0,5.0,265.0,5.89,8.77,0.0,0.657,10.94,1.63,2.7,1.92,4.48,2.12,4.72,7.14,5b
961,7_20251027_Pluto_spont1,30.0,3_20251031_Pluto_spont_2,mouse B (Pluto),2025-10-31,0.0,10.0,270.0,6.36,9.62,0.06,0.7,9.8,1.63,2.42,1.96,2.96,1.07,4.24,11.32,10a
962,7_20251027_Pluto_spont1,31.0,3_20251031_Pluto_spont_2,mouse B (Pluto),2025-10-31,0.0,10.0,270.0,6.35,9.6,0.04,0.58,9.62,2.05,2.74,1.54,3.06,1.55,4.56,11.23,10b
411,7_20251027_Pluto_spont1,32.0,3_20251031_Pluto_spont_2,mouse B (Pluto),2025-10-31,1.0,20.0,280.0,7.03,196.6,0.18,0.608,11.54,2.16,1.98,1.77,3.13,1.43,3.67,10.13,
422,7_20251027_Pluto_spont1,33.0,3_20251031_Pluto_spont_2,mouse B (Pluto),2025-10-31,2.0,40.0,300.0,7.19,10.22,0.06,0.695,12.92,1.91,1.49,1.61,2.62,0.85,2.52,10.4,
423,7_20251027_Pluto_spont1,34.0,3_20251031_Pluto_spont_2,mouse B (Pluto),2025-10-31,3.0,60.0,320.0,5.87,25.13,0.0,0.542,11.33,2.05,1.48,2.19,3.61,1.53,2.87,8.2,
955,7_20251027_Pluto_spont1,35.0,4_20251030_Pluto_spont_1,mouse B (Pluto),2025-10-30,0.0,5.0,325.0,4.77,6.62,0.0,0.8,10.07,1.28,1.57,2.77,2.15,0.98,4.4,3.39,5a
956,7_20251027_Pluto_spont1,36.0,4_20251030_Pluto_spont_1,mouse B (Pluto),2025-10-30,0.0,5.0,325.0,5.3,6.97,0.0,0.667,9.44,2.35,1.95,2.43,4.68,1.2,4.07,5.36,5b
957,7_20251027_Pluto_spont1,37.0,4_20251030_Pluto_spont_1,mouse B (Pluto),2025-10-30,0.0,10.0,330.0,5.39,7.64,0.0,0.748,10.2,1.79,2.17,1.45,3.16,0.81,3.86,7.94,10a
958,7_20251027_Pluto_spont1,38.0,4_20251030_Pluto_spont_1,mouse B (Pluto),2025-10-30,0.0,10.0,330.0,5.42,7.39,0.0,0.77,8.14,1.77,1.7,1.67,3.25,1.16,2.37,9.56,10b
531,7_20251027_Pluto_spont1,39.0,4_20251030_Pluto_spont_1,mouse B (Pluto),2025-10-30,1.0,20.0,340.0,6.84,10.15,0.02,0.705,14.74,1.52,1.98,3.13,2.07,0.8,2.43,9.38,
532,7_20251027_Pluto_spont1,40.0,4_20251030_Pluto_spont_1,mouse B (Pluto),2025-10-30,2.0,40.0,360.0,5.75,7.87,0.04,0.562,13.83,2.01,2.33,2.34,3.0,0.82,3.47,4.56,
533,7_20251027_Pluto_spont1,41.0,4_20251030_Pluto_spont_1,mouse B (Pluto),2025-10-30,3.0,60.0,380.0,6.51,10.39,0.0,0.608,14.6,1.66,2.41,3.79,2.4,1.19,4.51,5.89,
534,7_20251027_Pluto_spont1,42.0,4_20251030_Pluto_spont_1,mouse B (Pluto),2025-10-30,4.0,80.0,400.0,4.36,7.69,0.0,0.79,7.34,1.98,1.78,2.06,4.22,0.78,2.84,3.46,
951,7_20251027_Pluto_spont1,43.0,5_20251029_Pluto_spont_1,mouse B (Pluto),2025-10-29,0.0,5.0,365.0,5.93,8.21,0.0,0.772,9.36,1.88,2.02,3.4,5.9,2.0,3.17,7.14,5a
952,7_20251027_Pluto_spont1,44.0,5_20251029_Pluto_spont_1,mouse B (Pluto),2025-10-29,0.0,5.0,365.0,5.54,7.64,0.04,0.743,9.43,2.11,2.02,2.57,2.91,1.55,2.66,7.85,5b
953,7_20251027_Pluto_spont1,45.0,5_20251029_Pluto_spont_1,mouse B (Pluto),2025-10-29,0.0,10.0,370.0,6.14,8.92,0.02,0.718,11.11,1.74,2.33,3.25,9.11,1.64,3.03,5.22,10a
954,7_20251027_Pluto_spont1,46.0,5_20251029_Pluto_spont_1,mouse B (Pluto),2025-10-29,0.0,10.0,370.0,5.23,7.44,0.0,0.675,8.86,1.86,1.55,3.93,6.08,0.93,3.23,5.86,10b
631,7_20251027_Pluto_spont1,47.0,5_20251029_Pluto_spont_1,mouse B (Pluto),2025-10-29,1.0,20.0,380.0,6.46,8.43,0.0,0.77,11.69,2.56,2.08,5.02,5.78,1.77,2.81,7.52,
632,7_20251027_Pluto_spont1,48.0,5_20251029_Pluto_spont_1,mouse B (Pluto),2025-10-29,2.0,40.0,400.0,7.31,9.87,0.0,0.777,10.81,2.54,2.03,7.0,8.67,0.82,3.19,5.28,
711,7_20251027_Pluto_spont1,49.0,6_20251028_Pluto_spont_1,mouse B (Pluto),2025-10-28,1.0,20.0,400.0,5.36,8.92,0.0,0.812,6.8,1.99,1.68,4.25,7.94,1.25,2.64,5.03,
712,7_20251027_Pluto_spont1,50.0,6_20251028_Pluto_spont_1,mouse B (Pluto),2025-10-28,2.0,40.0,420.0,5.92,8.85,0.0,0.948,7.1,2.84,1.95,6.05,5.89,1.1,7.03,5.0,
713,0_first5minvedio,51.0,6_20251028_Pluto_spont_1,mouse B (Pluto),2025-10-28,3.0,60.0,440.0,11.95,17.61,0.0,0.92,11.06,3.82,7.25,4.53,12.09,5.63,17.21,9.98,
713,1_20251031_Pluto_spont_1,51.0,6_20251028_Pluto_spont_1,mouse B (Pluto),2025-10-28,3.0,60.0,440.0,11.45,19.0,0.0,0.993,9.6,5.52,12.57,4.01,8.15,7.41,14.13,11.26,
713,2_20251031_Pluto_spont_3,51.0,6_20251028_Pluto_spont_1,mouse B (Pluto),2025-10-28,3.0,60.0,440.0,7.54,14.1,0.04,0.935,12.89,2.31,3.89,3.58,5.25,1.74,3.61,4.41,
713,3_20251031_Pluto_spont_2,51.0,6_20251028_Pluto_spont_1,mouse B (Pluto),2025-10-28,3.0,60.0,440.0,3.67,12.89,0.0,0.947,4.16,3.43,2.38,1.95,1.48,2.46,2.04,2.29,
713,4_20251030_Pluto_spont_1,51.0,6_20251028_Pluto_spont_1,mouse B (Pluto),2025-10-28,3.0,60.0,440.0,15.82,29.58,0.04,0.882,14.76,14.95,29.0,9.49,2.38,2.24,3.95,2.62,
713,5_20251029_Pluto_spont_1,51.0,6_20251028_Pluto_spont_1,mouse B (Pluto),2025-10-28,3.0,60.0,440.0,13.26,19.18,0.0,0.88,33.38,1.54,1.41,2.97,4.06,3.71,4.41,8.54,
713,6_20251028_Pluto_spont_1,51.0,6_20251028_Pluto_spont_1,mouse B (Pluto),2025-10-28,3.0,60.0,440.0,10.68,14.86,0.02,0.82,23.45,1.93,1.5,6.78,9.09,8.26,4.7,5.66,
713,7_20251027_Pluto_spont1,51.0,6_20251028_Pluto_spont_1,mouse B (Pluto),2025-10-28,3.0,60.0,440.0,5.34,8.1,0.0,0.877,5.98,4.99,2.31,5.71,4.22,1.14,2.81,4.85,
811,0_first5minvedio,52.0,7_20251027_Pluto_spont1,mouse B (Pluto),2025-10-27,1.0,20.0,420.0,11.93,17.8,0.0,0.96,11.37,3.65,8.08,5.45,12.61,4.64,17.15,10.27,
811,1_20251031_Pluto_spont_1,52.0,7_20251027_Pluto_spont1,mouse B (Pluto),2025-10-27,1.0,20.0,420.0,11.57,19.54,0.0,0.978,8.69,7.16,12.71,3.22,8.42,8.4,13.19,13.39,
811,2_20251031_Pluto_spont_3,52.0,7_20251027_Pluto_spont1,mouse B (Pluto),2025-10-27,1.0,20.0,420.0,6.6,11.97,0.0,0.962,10.35,1.87,3.75,3.34,5.04,1.27,3.75,4.34,
811,3_20251031_Pluto_spont_2,52.0,7_20251027_Pluto_spont1,mouse B (Pluto),2025-10-27,1.0,20.0,420.0,3.96,21.85,0.0,0.947,5.45,2.29,2.77,2.14,1.61,3.07,2.17,2.72,
811,4_20251030_Pluto_spont_1,52.0,7_20251027_Pluto_spont1,mouse B (Pluto),2025-10-27,1.0,20.0,420.0,16.87,27.15,0.0,0.92,13.97,15.99,22.58,9.38,2.66,2.12,3.43,2.38,
811,5_20251029_Pluto_spont_1,52.0,7_20251027_Pluto_spont1,mouse B (Pluto),2025-10-27,1.0,20.0,420.0,13.39,19.18,0.0,0.925,36.76,1.93,1.3,3.33,3.87,2.26,3.14,8.49,
811,6_20251028_Pluto_spont_1,52.0,7_20251027_Pluto_spont1,mouse B (Pluto),2025-10-27,1.0,20.0,420.0,7.59,12.68,0.0,0.92,10.87,1.6,2.24,5.57,6.52,8.55,4.95,6.48,
811,7_20251027_Pluto_spont1,52.0,7_20251027_Pluto_spont1,mouse B (Pluto),2025-10-27,1.0,20.0,420.0,5.86,7.64,0.0,0.995,8.3,2.47,2.2,4.09,10.14,2.51,2.71,4.35,
971,8_20251024_Pluto_spont1,0.0,0_first5minvedio,mouse A,5-min recording,0.0,5.0,5.0,256.8,314.76,1.0,0.003,301.58,223.4,203.63,57.06,191.55,365.9,92.62,34.48,5a
972,8_20251024_Pluto_spont1,1.0,0_first5minvedio,mouse A,5-min recording,0.0,5.0,5.0,373.87,397.89,1.0,0.126,317.87,422.45,238.72,54.04,343.7,443.19,148.02,636.59,5b
973,8_20251024_Pluto_spont1,2.0,0_first5minvedio,mouse A,5-min recording,0.0,10.0,10.0,369.07,402.62,1.0,0.008,333.33,396.11,215.41,36.45,286.34,394.61,151.76,696.8,10a
974,8_20251024_Pluto_spont1,3.0,0_first5minvedio,mouse A,5-min recording,0.0,10.0,10.0,336.14,380.28,1.0,0.02,386.73,396.3,246.99,54.28,366.41,528.86,144.31,19.18,10b
111,8_20251024_Pluto_spont1,4.0,0_first5minvedio,mouse A,5-min recording,1.0,20.0,20.0,390.42,423.7,1.0,0.02,97.32,451.42,234.5,50.04,282.99,594.03,45.14,642.25,
112,8_20251024_Pluto_spont1,5.0,0_first5minvedio,mouse A,5-min recording,2.0,40.0,40.0,161.67,318.13,0.98,0.038,34.94,38.46,199.89,28.57,105.36,22.49,70.4,29.64,
113,8_20251024_Pluto_spont1,6.0,0_first5minvedio,mouse A,5-min recording,3.0,60.0,60.0,275.48,321.6,1.0,0.086,257.5,26.22,205.53,23.19,288.84,19.04,59.9,635.92,
114,8_20251024_Pluto_spont1,7.0,0_first5minvedio,mouse A,5-min recording,4.0,80.0,80.0,352.32,402.32,1.0,0.048,117.21,390.81,292.04,31.47,218.41,513.35,108.41,639.97,
115,8_20251024_Pluto_spont1,8.0,0_first5minvedio,mouse A,5-min recording,5.0,100.0,100.0,202.12,317.93,1.0,0.189,261.91,30.02,294.96,27.6,280.92,24.0,106.23,21.43,
967,8_20251024_Pluto_spont1,9.0,1_20251031_Pluto_spont_1,mouse B (Pluto),2025-10-31,0.0,5.0,105.0,220.22,333.57,0.98,0.146,64.43,55.81,316.86,30.86,21.65,17.9,17.77,18.32,5a
968,8_20251024_Pluto_spont1,10.0,1_20251031_Pluto_spont_1,mouse B (Pluto),2025-10-31,0.0,5.0,105.0,254.12,332.72,1.0,0.121,38.15,46.33,387.26,27.85,11.12,13.53,114.57,627.94,5b
969,8_20251024_Pluto_spont1,11.0,1_20251031_Pluto_spont_1,mouse B (Pluto),2025-10-31,0.0,10.0,110.0,112.99,260.06,0.82,0.209,27.8,30.89,196.34,22.86,11.7,21.08,10.73,17.35,10a
970,8_20251024_Pluto_spont1,12.0,1_20251031_Pluto_spont_1,mouse B (Pluto),2025-10-31,0.0,10.0,110.0,78.17,261.27,0.76,0.161,37.34,33.52,124.29,26.48,12.45,16.66,9.89,14.73,10b
211,8_20251024_Pluto_spont1,13.0,1_20251031_Pluto_spont_1,mouse B (Pluto),2025-10-31,1.0,20.0,120.0,192.73,231.81,0.88,0.224,42.13,30.9,508.06,28.41,18.89,13.51,94.45,15.82,
212,8_20251024_Pluto_spont1,14.0,1_20251031_Pluto_spont_1,mouse B (Pluto),2025-10-31,2.0,40.0,140.0,80.72,280.32,0.62,0.285,25.03,31.97,190.76,21.73,10.67,14.05,7.26,12.41,
213,8_20251024_Pluto_spont1,15.0,1_20251031_Pluto_spont_1,mouse B (Pluto),2025-10-31,3.0,60.0,160.0,137.83,166.36,0.64,0.348,35.58,32.39,82.96,24.37,369.35,14.31,3.51,8.69,
214,8_20251024_Pluto_spont1,16.0,1_20251031_Pluto_spont_1,mouse B (Pluto),2025-10-31,4.0,80.0,180.0,38.4,56.58,0.26,0.355,35.66,31.94,83.01,20.24,13.24,15.6,3.21,8.67,
225,8_20251024_Pluto_spont1,17.0,1_20251031_Pluto_spont_1,mouse B (Pluto),2025-10-31,5.0,100.0,200.0,57.11,147.75,0.58,0.388,42.95,32.32,88.37,24.06,11.85,12.83,4.0,7.38,
216,8_20251024_Pluto_spont1,18.0,1_20251031_Pluto_spont_1,mouse B (Pluto),2025-10-31,6.0,120.0,220.0,55.71,180.92,0.64,0.456,54.95,28.89,107.21,23.62,71.38,15.38,3.22,6.25,
217,8_20251024_Pluto_spont1,19.0,1_20251031_Pluto_spont_1,mouse B (Pluto),2025-10-31,7.0,140.0,240.0,32.1,215.92,0.38,0.413,22.76,31.52,26.83,27.62,6.37,14.18,4.0,8.78,
963,8_20251024_Pluto_spont1,20.0,2_20251031_Pluto_spont_3,mouse B (Pluto),2025-10-31,0.0,5.0,205.0,98.22,138.51,0.6,0.494,20.72,27.6,83.29,25.0,68.78,9.57,3.71,6.04,5a
964,8_20251024_Pluto_spont1,21.0,2_20251031_Pluto_spont_3,mouse B (Pluto),2025-10-31,0.0,5.0,205.0,88.61,135.3,0.6,0.428,29.57,28.32,124.03,24.57,11.52,13.72,2.92,7.3,5b
965,8_20251024_Pluto_spont1,22.0,2_20251031_Pluto_spont_3,mouse B (Pluto),2025-10-31,0.0,10.0,210.0,50.44,198.56,0.52,0.408,31.21,32.09,84.13,22.7,9.23,10.44,2.98,6.25,10a
966,8_20251024_Pluto_spont1,23.0,2_20251031_Pluto_spont_3,mouse B (Pluto),2025-10-31,0.0,10.0,210.0,39.43,118.0,0.34,0.438,25.74,24.51,78.75,22.47,4.58,13.51,2.76,9.15,10b
321,8_20251024_Pluto_spont1,24.0,2_20251031_Pluto_spont_3,mouse B (Pluto),2025-10-31,1.0,20.0,220.0,54.02,193.44,0.58,0.438,26.69,25.99,122.0,23.95,10.86,12.02,3.06,6.79,
322,8_20251024_Pluto_spont1,25.0,2_20251031_Pluto_spont_3,mouse B (Pluto),2025-10-31,2.0,40.0,240.0,28.63,63.26,0.18,0.456,25.34,27.44,16.41,28.08,6.18,15.42,2.54,5.5,
323,8_20251024_Pluto_spont1,26.0,2_20251031_Pluto_spont_3,mouse B (Pluto),2025-10-31,3.0,60.0,260.0,38.05,145.8,0.36,0.602,36.01,27.95,22.65,28.73,7.97,10.83,2.49,4.32,
324,8_20251024_Pluto_spont1,27.0,2_20251031_Pluto_spont_3,mouse B (Pluto),2025-10-31,4.0,80.0,280.0,190.18,226.85,0.7,0.579,37.52,25.96,533.05,27.72,14.41,10.19,2.08,5.13,
959,8_20251024_Pluto_spont1,28.0,3_20251031_Pluto_spont_2,mouse B (Pluto),2025-10-31,0.0,5.0,265.0,34.61,52.8,0.2,0.579,25.17,29.17,68.62,28.04,5.06,12.89,3.9,5.19,5a
960,8_20251024_Pluto_spont1,29.0,3_20251031_Pluto_spont_2,mouse B (Pluto),2025-10-31,0.0,5.0,265.0,31.27,52.84,0.16,0.549,27.33,29.8,25.36,27.66,5.38,14.83,2.75,5.26,5b
961,8_20251024_Pluto_spont1,30.0,3_20251031_Pluto_spont_2,mouse B (Pluto),2025-10-31,0.0,10.0,270.0,37.78,54.81,0.26,0.504,25.84,27.21,82.76,26.92,9.65,14.55,2.66,5.88,10a
962,8_20251024_Pluto_spont1,31.0,3_20251031_Pluto_spont_2,mouse B (Pluto),2025-10-31,0.0,10.0,270.0,35.24,118.07,0.3,0.547,24.01,27.55,81.7,24.45,5.16,11.64,2.94,5.59,10b
411,8_20251024_Pluto_spont1,32.0,3_20251031_Pluto_spont_2,mouse B (Pluto),2025-10-31,1.0,20.0,280.0,28.75,51.3,0.16,0.584,24.14,28.1,21.95,26.48,5.51,11.69,2.27,5.51,
422,8_20251024_Pluto_spont1,33.0,3_20251031_Pluto_spont_2,mouse B (Pluto),2025-10-31,2.0,40.0,300.0,29.74,116.39,0.22,0.542,29.35,27.61,19.14,27.72,5.07,12.96,2.26,4.01,
423,8_20251024_Pluto_spont1,34.0,3_20251031_Pluto_spont_2,mouse B (Pluto),2025-10-31,3.0,60.0,320.0,37.1,188.36,0.44,0.589,28.56,24.94,19.2,27.77,9.63,12.86,4.18,3.27,
955,8_20251024_Pluto_spont1,35.0,4_20251030_Pluto_spont_1,mouse B (Pluto),2025-10-30,0.0,5.0,325.0,32.53,51.62,0.16,0.665,30.12,28.45,63.86,27.77,5.22,14.36,3.16,3.77,5a
956,8_20251024_Pluto_spont1,36.0,4_20251030_Pluto_spont_1,mouse B (Pluto),2025-10-30,0.0,5.0,325.0,45.96,172.42,0.46,0.589,31.82,27.99,72.93,27.87,6.82,15.33,3.45,4.04,5b
957,8_20251024_Pluto_spont1,37.0,4_20251030_Pluto_spont_1,mouse B (Pluto),2025-10-30,0.0,10.0,330.0,42.35,196.35,0.44,0.526,26.75,27.09,38.66,25.6,5.35,16.25,3.03,3.3,10a
958,8_20251024_Pluto_spont1,38.0,4_20251030_Pluto_spont_1,mouse B (Pluto),2025-10-30,0.0,10.0,330.0,27.46,52.97,0.16,0.637,33.97,26.02,13.31,26.83,4.75,14.03,2.74,3.71,10b
531,8_20251024_Pluto_spont1,39.0,4_20251030_Pluto_spont_1,mouse B (Pluto),2025-10-30,1.0,20.0,340.0,143.1,207.72,0.7,0.501,333.3,29.43,30.73,19.51,6.83,12.43,3.23,3.12,
532,8_20251024_Pluto_spont1,40.0,4_20251030_Pluto_spont_1,mouse B (Pluto),2025-10-30,2.0,40.0,360.0,24.15,52.49,0.12,0.486,19.75,25.55,33.47,14.52,5.68,14.07,2.27,4.6,
533,8_20251024_Pluto_spont1,41.0,4_20251030_Pluto_spont_1,mouse B (Pluto),2025-10-30,3.0,60.0,380.0,35.65,126.1,0.32,0.529,40.45,27.41,26.78,15.23,5.38,15.0,2.77,5.23,
534,8_20251024_Pluto_spont1,42.0,4_20251030_Pluto_spont_1,mouse B (Pluto),2025-10-30,4.0,80.0,400.0,26.81,119.27,0.14,0.511,25.74,25.56,30.63,12.56,4.08,15.2,2.61,4.17,
951,8_20251024_Pluto_spont1,43.0,5_20251029_Pluto_spont_1,mouse B (Pluto),2025-10-29,0.0,5.0,365.0,90.67,219.67,0.7,0.526,72.86,28.7,92.43,24.78,22.05,13.09,3.44,3.98,5a
952,8_20251024_Pluto_spont1,44.0,5_20251029_Pluto_spont_1,mouse B (Pluto),2025-10-29,0.0,5.0,365.0,38.17,63.44,0.26,0.461,38.55,27.16,23.63,18.85,12.41,15.11,2.32,4.32,5b
953,8_20251024_Pluto_spont1,45.0,5_20251029_Pluto_spont_1,mouse B (Pluto),2025-10-29,0.0,10.0,370.0,196.75,285.64,0.74,0.484,290.16,25.39,98.29,30.08,15.03,16.03,2.95,3.23,10a
954,8_20251024_Pluto_spont1,46.0,5_20251029_Pluto_spont_1,mouse B (Pluto),2025-10-29,0.0,10.0,370.0,39.61,172.58,0.32,0.514,23.59,26.75,84.03,17.07,5.14,13.94,2.94,3.82,10b
631,8_20251024_Pluto_spont1,47.0,5_20251029_Pluto_spont_1,mouse B (Pluto),2025-10-29,1.0,20.0,380.0,43.26,194.71,0.36,0.574,24.48,27.69,106.05,13.82,5.28,12.89,3.63,3.73,
632,8_20251024_Pluto_spont1,48.0,5_20251029_Pluto_spont_1,mouse B (Pluto),2025-10-29,2.0,40.0,400.0,29.17,57.5,0.2,0.688,25.79,28.71,44.0,16.47,7.33,17.54,3.32,3.46,
711,8_20251024_Pluto_spont1,49.0,6_20251028_Pluto_spont_1,mouse B (Pluto),2025-10-28,1.0,20.0,400.0,27.46,51.34,0.14,0.587,30.13,29.62,37.01,11.91,6.0,14.57,2.93,4.0,
712,8_20251024_Pluto_spont1,50.0,6_20251028_Pluto_spont_1,mouse B (Pluto),2025-10-28,2.0,40.0,420.0,140.31,249.41,0.6,0.526,48.53,27.02,118.73,17.31,7.79,13.4,2.08,4.87,
713,8_20251024_Pluto_spont1,51.0,6_20251028_Pluto_spont_1,mouse B (Pluto),2025-10-28,3.0,60.0,440.0,29.48,54.58,0.18,0.594,37.25,28.48,30.84,13.4,8.2,13.08,2.59,3.77,
811,8_20251024_Pluto_spont1,52.0,7_20251027_Pluto_spont1,mouse B (Pluto),2025-10-27,1.0,20.0,420.0,42.48,195.41,0.44,0.539,26.11,25.25,107.38,15.31,7.28,13.15,2.74,4.37,
812,0_first5minvedio,53.0,7_20251027_Pluto_spont1,mouse B (Pluto),2025-10-27,2.0,40.0,440.0,11.77,17.51,0.0,0.932,10.47,4.11,7.22,4.85,13.08,5.76,16.98,11.78,
812,1_20251031_Pluto_spont_1,53.0,7_20251027_Pluto_spont1,mouse B (Pluto),2025-10-27,2.0,40.0,440.0,11.92,18.93,0.0,0.98,8.94,5.83,12.39,3.47,7.56,7.39,12.43,11.16,
812,2_20251031_Pluto_spont_3,53.0,7_20251027_Pluto_spont1,mouse B (Pluto),2025-10-27,2.0,40.0,440.0,6.73,12.87,0.02,0.917,9.77,2.35,3.75,2.72,5.19,1.27,4.69,4.39,
812,3_20251031_Pluto_spont_2,53.0,7_20251027_Pluto_spont1,mouse B (Pluto),2025-10-27,2.0,40.0,440.0,3.61,23.28,0.0,0.97,4.01,2.48,2.53,2.14,1.72,2.96,1.89,1.61,
812,4_20251030_Pluto_spont_1,53.0,7_20251027_Pluto_spont1,mouse B (Pluto),2025-10-27,2.0,40.0,440.0,15.05,23.21,0.0,0.948,14.48,15.66,19.68,8.48,1.83,2.03,3.49,2.23,
812,5_20251029_Pluto_spont_1,53.0,7_20251027_Pluto_spont1,mouse B (Pluto),2025-10-27,2.0,40.0,440.0,12.46,18.63,0.0,0.955,32.29,1.93,1.72,2.69,5.14,2.43,3.28,9.38,
812,6_20251028_Pluto_spont_1,53.0,7_20251027_Pluto_spont1,mouse B (Pluto),2025-10-27,2.0,40.0,440.0,8.18,13.18,0.0,0.797,14.0,2.62,1.75,3.3,8.41,7.68,5.09,5.17,
812,7_20251027_Pluto_spont1,53.0,7_20251027_Pluto_spont1,mouse B (Pluto),2025-10-27,2.0,40.0,440.0,5.84,8.16,0.0,0.995,9.58,1.88,1.9,4.24,10.33,2.83,2.76,3.71,
812,8_20251024_Pluto_spont1,53.0,7_20251027_Pluto_spont1,mouse B (Pluto),2025-10-27,2.0,40.0,440.0,27.56,195.27,0.26,0.567,28.5,27.02,32.88,16.69,5.13,13.7,2.74,4.3,
911,0_first5minvedio,54.0,8_20251024_Pluto_spont1,mouse B (Pluto),2025-10-24,1.0,20.0,420.0,12.3,17.18,0.0,0.96,12.0,4.5,7.99,4.76,12.41,5.37,17.1,9.1,
911,1_20251031_Pluto_spont_1,54.0,8_20251024_Pluto_spont1,mouse B (Pluto),2025-10-24,1.0,20.0,420.0,11.29,19.52,0.0,0.993,9.09,4.91,11.54,3.66,8.13,8.13,13.68,12.79,
911,2_20251031_Pluto_spont_3,54.0,8_20251024_Pluto_spont1,mouse B (Pluto),2025-10-24,1.0,20.0,420.0,6.77,13.9,0.0,0.947,10.38,1.97,3.38,3.25,5.17,1.38,3.66,4.38,
911,3_20251031_Pluto_spont_2,54.0,8_20251024_Pluto_spont1,mouse B (Pluto),2025-10-24,1.0,20.0,420.0,4.0,22.69,0.0,0.937,4.87,2.88,3.05,2.04,1.48,3.01,2.34,2.23,
911,4_20251030_Pluto_spont_1,54.0,8_20251024_Pluto_spont1,mouse B (Pluto),2025-10-24,1.0,20.0,420.0,16.29,30.58,0.02,0.892,14.92,16.15,20.32,8.83,3.83,3.13,4.36,2.22,
911,5_20251029_Pluto_spont_1,54.0,8_20251024_Pluto_spont1,mouse B (Pluto),2025-10-24,1.0,20.0,420.0,13.32,19.23,0.0,0.88,34.84,1.62,1.66,3.09,5.14,1.51,3.54,9.98,
911,6_20251028_Pluto_spont_1,54.0,8_20251024_Pluto_spont1,mouse B (Pluto),2025-10-24,1.0,20.0,420.0,6.74,12.41,0.0,0.86,12.33,2.24,2.15,4.29,5.76,3.5,3.99,5.76,
911,7_20251027_Pluto_spont1,54.0,8_20251024_Pluto_spont1,mouse B (Pluto),2025-10-24,1.0,20.0,420.0,5.25,8.23,0.0,0.945,7.44,1.78,1.94,4.78,6.74,1.24,4.32,3.88,
911,8_20251024_Pluto_spont1,54.0,8_20251024_Pluto_spont1,mouse B (Pluto),2025-10-24,1.0,20.0,420.0,25.34,50.56,0.14,0.678,28.25,26.33,29.83,12.31,6.21,12.09,2.85,5.11,
912,0_first5minvedio,55.0,8_20251024_Pluto_spont1,mouse B (Pluto),2025-10-24,2.0,40.0,440.0,12.25,17.8,0.0,0.962,11.57,4.2,8.3,5.98,11.09,5.22,16.51,11.21,
912,1_20251031_Pluto_spont_1,55.0,8_20251024_Pluto_spont1,mouse B (Pluto),2025-10-24,2.0,40.0,440.0,11.51,19.79,0.0,0.975,9.01,5.33,12.14,3.59,8.24,6.68,13.71,12.03,
912,2_20251031_Pluto_spont_3,55.0,8_20251024_Pluto_spont1,mouse B (Pluto),2025-10-24,2.0,40.0,440.0,7.13,13.12,0.0,0.95,11.12,1.86,3.38,2.78,5.02,1.52,3.97,5.03,
912,3_20251031_Pluto_spont_2,55.0,8_20251024_Pluto_spont1,mouse B (Pluto),2025-10-24,2.0,40.0,440.0,3.57,13.22,0.0,0.967,3.06,2.73,2.47,2.04,1.8,2.14,2.17,2.08,
912,4_20251030_Pluto_spont_1,55.0,8_20251024_Pluto_spont1,mouse B (Pluto),2025-10-24,2.0,40.0,440.0,14.52,23.97,0.0,0.955,14.2,14.67,18.53,9.09,2.15,2.43,4.41,2.99,
912,5_20251029_Pluto_spont_1,55.0,8_20251024_Pluto_spont1,mouse B (Pluto),2025-10-24,2.0,40.0,440.0,12.71,18.83,0.02,0.915,32.5,1.82,1.48,3.73,4.87,1.21,3.56,9.87,
912,6_20251028_Pluto_spont_1,55.0,8_20251024_Pluto_spont1,mouse B (Pluto),2025-10-24,2.0,40.0,440.0,7.2,13.07,0.0,0.912,6.82,3.13,1.66,5.77,5.87,1.85,2.53,5.96,
912,7_20251027_Pluto_spont1,55.0,8_20251024_Pluto_spont1,mouse B (Pluto),2025-10-24,2.0,40.0,440.0,5.27,8.29,0.0,0.922,6.46,1.91,1.75,4.13,7.41,1.03,2.97,4.57,
912,8_20251024_Pluto_spont1,55.0,8_20251024_Pluto_spont1,mouse B (Pluto),2025-10-24,2.0,40.0,440.0,30.03,50.38,0.12,0.887,28.34,25.21,81.31,11.62,6.83,11.64,3.74,4.88,
913,0_first5minvedio,56.0,8_20251024_Pluto_spont1,mouse B (Pluto),2025-10-24,3.0,60.0,460.0,12.19,16.13,0.0,0.95,11.47,4.19,7.79,4.85,12.34,5.73,16.39,11.31,
913,1_20251031_Pluto_spont_1,56.0,8_20251024_Pluto_spont1,mouse B (Pluto),2025-10-24,3.0,60.0,460.0,11.81,19.46,0.0,0.993,9.53,5.86,12.25,3.35,8.1,9.6,13.98,11.78,
913,2_20251031_Pluto_spont_3,56.0,8_20251024_Pluto_spont1,mouse B (Pluto),2025-10-24,3.0,60.0,460.0,7.26,13.93,0.0,0.942,10.06,2.21,3.37,2.93,4.22,1.1,3.77,5.0,
913,3_20251031_Pluto_spont_2,56.0,8_20251024_Pluto_spont1,mouse B (Pluto),2025-10-24,3.0,60.0,460.0,3.79,23.9,0.02,0.97,4.28,2.41,3.1,2.02,1.56,2.44,2.16,2.39,
913,4_20251030_Pluto_spont_1,56.0,8_20251024_Pluto_spont1,mouse B (Pluto),2025-10-24,3.0,60.0,460.0,15.44,28.82,0.0,0.9,14.9,15.92,22.54,8.98,3.55,2.35,4.71,3.1,
913,5_20251029_Pluto_spont_1,56.0,8_20251024_Pluto_spont1,mouse B (Pluto),2025-10-24,3.0,60.0,460.0,11.75,18.44,0.0,0.897,27.89,1.62,1.25,3.93,5.47,1.72,4.38,7.49,
913,6_20251028_Pluto_spont_1,56.0,8_20251024_Pluto_spont1,mouse B (Pluto),2025-10-24,3.0,60.0,460.0,6.17,10.97,0.0,0.853,6.09,1.77,1.44,4.39,6.54,3.89,4.4,5.57,
913,7_20251027_Pluto_spont1,56.0,8_20251024_Pluto_spont1,mouse B (Pluto),2025-10-24,3.0,60.0,460.0,5.72,8.76,0.0,0.955,7.53,1.66,2.02,4.78,7.45,0.9,6.16,4.48,
913,8_20251024_Pluto_spont1,56.0,8_20251024_Pluto_spont1,mouse B (Pluto),2025-10-24,3.0,60.0,460.0,33.77,52.04,0.16,0.839,31.27,26.69,84.28,10.88,5.68,10.92,3.58,3.97,
971,9_20251023_Pluto1,0.0,0_first5minvedio,mouse A,5-min recording,0.0,5.0,5.0,207.28,244.56,1.0,0.0,362.95,180.81,300.23,38.66,186.15,178.06,66.86,36.25,5a
972,9_20251023_Pluto1,1.0,0_first5minvedio,mouse A,5-min recording,0.0,5.0,5.0,353.08,399.31,1.0,0.007,355.76,425.45,270.2,32.7,341.78,479.92,50.92,561.7,5b
973,9_20251023_Pluto1,2.0,0_first5minvedio,mouse A,5-min recording,0.0,10.0,10.0,391.15,432.51,1.0,0.0,360.0,506.2,264.13,6.63,339.75,500.23,230.59,442.73,10a
974,9_20251023_Pluto1,3.0,0_first5minvedio,mouse A,5-min recording,0.0,10.0,10.0,335.38,395.88,1.0,0.0,372.65,382.3,229.47,34.13,427.86,491.44,55.15,47.69,10b
111,9_20251023_Pluto1,4.0,0_first5minvedio,mouse A,5-min recording,1.0,20.0,20.0,385.89,409.6,1.0,0.003,233.34,506.64,288.66,57.86,243.82,254.49,53.98,753.36,
112,9_20251023_Pluto1,5.0,0_first5minvedio,mouse A,5-min recording,2.0,40.0,40.0,321.18,383.31,1.0,0.04,207.22,510.01,280.66,7.83,188.31,19.88,75.89,512.89,
113,9_20251023_Pluto1,6.0,0_first5minvedio,mouse A,5-min recording,3.0,60.0,60.0,278.02,393.72,1.0,0.105,230.84,13.8,267.83,6.73,338.47,17.92,64.38,518.92,
114,9_20251023_Pluto1,7.0,0_first5minvedio,mouse A,5-min recording,4.0,80.0,80.0,382.98,430.32,1.0,0.12,206.18,505.88,295.68,8.1,186.22,489.69,355.16,454.36,
115,9_20251023_Pluto1,8.0,0_first5minvedio,mouse A,5-min recording,5.0,100.0,100.0,357.99,417.39,1.0,0.138,199.22,588.62,323.42,5.65,181.9,435.32,85.93,441.12,
967,9_20251023_Pluto1,9.0,1_20251031_Pluto_spont_1,mouse B (Pluto),2025-10-31,0.0,5.0,105.0,329.97,409.41,1.0,0.128,196.6,14.3,300.72,6.85,180.17,16.78,335.21,750.55,5a
968,9_20251023_Pluto1,10.0,1_20251031_Pluto_spont_1,mouse B (Pluto),2025-10-31,0.0,5.0,105.0,293.4,378.74,1.0,0.077,197.97,450.68,17.98,8.52,180.08,8.36,349.94,440.42,5b
969,9_20251023_Pluto1,11.0,1_20251031_Pluto_spont_1,mouse B (Pluto),2025-10-31,0.0,10.0,110.0,184.77,291.63,0.98,0.158,200.14,13.61,288.74,7.89,71.46,18.49,224.77,19.47,10a
970,9_20251023_Pluto1,12.0,1_20251031_Pluto_spont_1,mouse B (Pluto),2025-10-31,0.0,10.0,110.0,317.67,370.34,0.98,0.115,206.55,190.45,434.59,6.8,192.4,429.05,22.22,269.7,10b
211,9_20251023_Pluto1,13.0,1_20251031_Pluto_spont_1,mouse B (Pluto),2025-10-31,1.0,20.0,120.0,186.35,311.64,0.78,0.07,66.97,24.92,53.67,7.01,76.25,192.09,26.77,14.89,
212,9_20251023_Pluto1,14.0,1_20251031_Pluto_spont_1,mouse B (Pluto),2025-10-31,2.0,40.0,140.0,224.25,331.72,0.96,0.177,359.82,21.49,198.03,6.92,54.02,6.41,340.27,5.8,
213,9_20251023_Pluto1,15.0,1_20251031_Pluto_spont_1,mouse B (Pluto),2025-10-31,3.0,60.0,160.0,38.76,181.66,0.22,0.203,59.69,24.52,54.61,5.92,72.03,6.88,11.86,6.42,
214,9_20251023_Pluto1,16.0,1_20251031_Pluto_spont_1,mouse B (Pluto),2025-10-31,4.0,80.0,180.0,152.62,191.48,0.62,0.235,54.93,27.26,62.13,6.73,71.84,9.94,22.99,5.2,
225,9_20251023_Pluto1,17.0,1_20251031_Pluto_spont_1,mouse B (Pluto),2025-10-31,5.0,100.0,200.0,38.86,137.0,0.18,0.333,59.4,29.11,30.74,3.05,70.82,11.08,25.38,6.59,
216,9_20251023_Pluto1,18.0,1_20251031_Pluto_spont_1,mouse B (Pluto),2025-10-31,6.0,120.0,220.0,36.48,160.32,0.22,0.395,57.93,34.28,17.94,5.16,69.92,5.15,8.12,6.43,
217,9_20251023_Pluto1,19.0,1_20251031_Pluto_spont_1,mouse B (Pluto),2025-10-31,7.0,140.0,240.0,149.33,232.18,0.76,0.282,56.99,27.95,54.75,5.62,69.1,7.28,14.99,5.04,
963,9_20251023_Pluto1,20.0,2_20251031_Pluto_spont_3,mouse B (Pluto),2025-10-31,0.0,5.0,205.0,36.46,192.34,0.46,0.403,22.59,27.11,17.01,4.06,44.03,7.51,8.08,5.2,5a
964,9_20251023_Pluto1,21.0,2_20251031_Pluto_spont_3,mouse B (Pluto),2025-10-31,0.0,5.0,205.0,28.59,180.28,0.34,0.355,30.49,25.91,14.86,3.61,16.49,11.32,10.66,4.45,5b
965,9_20251023_Pluto1,22.0,2_20251031_Pluto_spont_3,mouse B (Pluto),2025-10-31,0.0,10.0,210.0,149.28,199.58,0.58,0.362,56.9,25.69,57.75,7.23,67.78,7.57,15.3,5.01,10a
966,9_20251023_Pluto1,23.0,2_20251031_Pluto_spont_3,mouse B (Pluto),2025-10-31,0.0,10.0,210.0,160.35,244.0,0.82,0.325,53.81,25.72,439.63,5.0,71.09,9.66,27.61,8.16,10b
321,9_20251023_Pluto1,24.0,2_20251031_Pluto_spont_3,mouse B (Pluto),2025-10-31,1.0,20.0,220.0,33.84,117.47,0.12,0.458,54.34,25.61,13.88,3.85,71.45,7.47,9.96,5.17,
322,9_20251023_Pluto1,25.0,2_20251031_Pluto_spont_3,mouse B (Pluto),2025-10-31,2.0,40.0,240.0,17.55,27.02,0.0,0.448,7.73,27.43,17.58,4.12,5.73,6.07,14.58,4.24,
323,9_20251023_Pluto1,26.0,2_20251031_Pluto_spont_3,mouse B (Pluto),2025-10-31,3.0,60.0,260.0,13.58,26.26,0.04,0.525,9.12,27.59,10.6,3.58,6.86,5.19,9.06,3.5,
324,9_20251023_Pluto1,27.0,2_20251031_Pluto_spont_3,mouse B (Pluto),2025-10-31,4.0,80.0,280.0,16.14,46.59,0.1,0.522,11.07,25.1,14.78,6.04,5.5,6.78,8.38,4.31,
959,9_20251023_Pluto1,28.0,3_20251031_Pluto_spont_2,mouse B (Pluto),2025-10-31,0.0,5.0,265.0,130.82,161.02,0.7,0.468,8.01,24.55,55.91,4.72,8.8,5.0,50.73,3.93,5a
960,9_20251023_Pluto1,29.0,3_20251031_Pluto_spont_2,mouse B (Pluto),2025-10-31,0.0,5.0,265.0,24.79,157.7,0.28,0.412,6.5,23.79,15.12,4.36,5.33,5.1,16.31,5.1,5b
961,9_20251023_Pluto1,30.0,3_20251031_Pluto_spont_2,mouse B (Pluto),2025-10-31,0.0,10.0,270.0,25.51,159.34,0.42,0.395,6.18,26.85,58.61,3.77,6.02,5.49,7.95,7.08,10a
962,9_20251023_Pluto1,31.0,3_20251031_Pluto_spont_2,mouse B (Pluto),2025-10-31,0.0,10.0,270.0,27.58,158.5,0.34,0.43,8.27,24.3,15.41,3.4,7.45,3.32,6.0,4.03,10b
411,9_20251023_Pluto1,32.0,3_20251031_Pluto_spont_2,mouse B (Pluto),2025-10-31,1.0,20.0,280.0,27.49,156.3,0.2,0.475,42.41,23.53,14.12,2.88,8.76,3.69,9.54,3.96,
422,9_20251023_Pluto1,33.0,3_20251031_Pluto_spont_2,mouse B (Pluto),2025-10-31,2.0,40.0,300.0,18.13,156.02,0.22,0.485,7.27,24.6,13.04,3.16,4.14,4.62,9.28,4.39,
423,9_20251023_Pluto1,34.0,3_20251031_Pluto_spont_2,mouse B (Pluto),2025-10-31,3.0,60.0,320.0,12.42,22.78,0.02,0.477,7.3,21.79,12.65,4.01,3.58,5.96,9.96,3.87,
955,9_20251023_Pluto1,35.0,4_20251030_Pluto_spont_1,mouse B (Pluto),2025-10-30,0.0,5.0,325.0,21.26,29.71,0.02,0.57,9.9,21.75,53.6,4.17,4.77,4.48,9.07,4.87,5a
956,9_20251023_Pluto1,36.0,4_20251030_Pluto_spont_1,mouse B (Pluto),2025-10-30,0.0,5.0,325.0,18.24,28.44,0.04,0.5,6.76,17.09,15.98,3.93,4.79,5.28,6.69,4.77,5b
957,9_20251023_Pluto1,37.0,4_20251030_Pluto_spont_1,mouse B (Pluto),2025-10-30,0.0,10.0,330.0,14.29,34.55,0.04,0.605,8.02,24.5,10.69,2.4,5.53,4.51,7.23,3.52,10a
958,9_20251023_Pluto1,38.0,4_20251030_Pluto_spont_1,mouse B (Pluto),2025-10-30,0.0,10.0,330.0,12.59,31.21,0.02,0.623,7.14,21.33,11.78,3.52,4.62,3.62,6.68,2.45,10b
531,9_20251023_Pluto1,39.0,4_20251030_Pluto_spont_1,mouse B (Pluto),2025-10-30,1.0,20.0,340.0,12.84,136.23,0.34,0.497,8.11,18.43,11.97,3.54,5.77,5.82,9.03,3.52,
532,9_20251023_Pluto1,40.0,4_20251030_Pluto_spont_1,mouse B (Pluto),2025-10-30,2.0,40.0,360.0,23.54,102.6,0.14,0.477,8.3,23.81,55.38,2.71,8.72,4.22,10.12,3.83,
533,9_20251023_Pluto1,41.0,4_20251030_Pluto_spont_1,mouse B (Pluto),2025-10-30,3.0,60.0,380.0,19.93,35.72,0.1,0.522,10.68,20.9,21.35,2.79,5.91,5.21,9.25,4.74,
534,9_20251023_Pluto1,42.0,4_20251030_Pluto_spont_1,mouse B (Pluto),2025-10-30,4.0,80.0,400.0,11.12,20.76,0.08,0.407,8.47,19.0,7.9,5.69,5.3,4.86,9.54,5.11,
951,9_20251023_Pluto1,43.0,5_20251029_Pluto_spont_1,mouse B (Pluto),2025-10-29,0.0,5.0,365.0,13.36,156.36,0.24,0.407,13.77,19.48,16.54,4.31,4.54,7.75,5.95,3.9,5a
952,9_20251023_Pluto1,44.0,5_20251029_Pluto_spont_1,mouse B (Pluto),2025-10-29,0.0,5.0,365.0,19.55,156.22,0.22,0.42,10.08,16.09,15.12,5.19,10.81,5.15,7.06,7.74,5b
953,9_20251023_Pluto1,45.0,5_20251029_Pluto_spont_1,mouse B (Pluto),2025-10-29,0.0,10.0,370.0,25.12,158.25,0.4,0.312,9.89,20.2,50.07,4.2,9.9,4.42,10.24,4.5,10a
954,9_20251023_Pluto1,46.0,5_20251029_Pluto_spont_1,mouse B (Pluto),2025-10-29,0.0,10.0,370.0,23.09,107.3,0.22,0.375,7.3,24.85,21.52,4.4,4.97,5.2,12.27,3.99,10b
631,9_20251023_Pluto1,47.0,5_20251029_Pluto_spont_1,mouse B (Pluto),2025-10-29,1.0,20.0,380.0,24.76,157.63,0.3,0.297,6.01,19.27,53.25,3.63,6.25,4.65,11.52,4.17,
632,9_20251023_Pluto1,48.0,5_20251029_Pluto_spont_1,mouse B (Pluto),2025-10-29,2.0,40.0,400.0,22.95,27.5,0.08,0.575,5.23,19.48,57.65,3.86,5.73,4.35,7.84,2.56,
711,9_20251023_Pluto1,49.0,6_20251028_Pluto_spont_1,mouse B (Pluto),2025-10-28,1.0,20.0,400.0,23.41,41.41,0.08,0.355,1.66,21.58,55.3,0.0,0.0,0.0,0.34,0.0,
712,9_20251023_Pluto1,50.0,6_20251028_Pluto_spont_1,mouse B (Pluto),2025-10-28,2.0,40.0,420.0,13.17,121.75,0.12,0.603,5.36,19.26,20.03,6.19,3.5,6.57,7.54,3.32,
713,9_20251023_Pluto1,51.0,6_20251028_Pluto_spont_1,mouse B (Pluto),2025-10-28,3.0,60.0,440.0,11.0,28.54,0.08,0.65,6.28,16.9,12.21,2.47,6.82,4.58,7.66,3.52,
811,9_20251023_Pluto1,52.0,7_20251027_Pluto_spont1,mouse B (Pluto),2025-10-27,1.0,20.0,420.0,15.07,91.76,0.12,0.37,7.82,19.64,18.67,3.0,3.7,6.74,6.81,2.78,
812,9_20251023_Pluto1,53.0,7_20251027_Pluto_spont1,mouse B (Pluto),2025-10-27,2.0,40.0,440.0,23.33,116.43,0.12,0.48,12.19,19.37,54.28,3.4,11.91,3.66,8.4,3.06,
911,9_20251023_Pluto1,54.0,8_20251024_Pluto_spont1,mouse B (Pluto),2025-10-24,1.0,20.0,420.0,14.54,26.11,0.04,0.615,7.46,20.23,12.35,4.87,3.23,4.33,11.14,3.86,
912,9_20251023_Pluto1,55.0,8_20251024_Pluto_spont1,mouse B (Pluto),2025-10-24,2.0,40.0,440.0,10.73,18.9,0.02,0.823,9.28,20.89,8.1,7.77,4.55,3.71,5.95,3.38,
913,9_20251023_Pluto1,56.0,8_20251024_Pluto_spont1,mouse B (Pluto),2025-10-24,3.0,60.0,460.0,11.03,22.88,0.02,0.775,11.39,21.22,7.77,7.17,3.31,3.7,4.48,2.55,
1011,0_first5minvedio,57.0,9_20251023_Pluto1,mouse B (Pluto),2025-10-23,1.0,20.0,440.0,12.13,16.44,0.0,0.945,12.48,2.94,8.39,5.8,11.83,5.12,16.9,12.81,
1011,1_20251031_Pluto_spont_1,57.0,9_20251023_Pluto1,mouse B (Pluto),2025-10-23,1.0,20.0,440.0,11.62,19.68,0.0,0.978,9.7,5.2,12.97,3.79,7.88,7.39,12.4,12.45,
1011,2_20251031_Pluto_spont_3,57.0,9_20251023_Pluto1,mouse B (Pluto),2025-10-23,1.0,20.0,440.0,6.85,11.86,0.04,0.914,11.73,1.84,4.1,3.12,5.28,1.85,5.36,4.73,
1011,3_20251031_Pluto_spont_2,57.0,9_20251023_Pluto1,mouse B (Pluto),2025-10-23,1.0,20.0,440.0,3.34,22.96,0.0,0.945,3.09,2.17,2.29,1.93,1.33,2.96,2.26,1.84,
1011,4_20251030_Pluto_spont_1,57.0,9_20251023_Pluto1,mouse B (Pluto),2025-10-23,1.0,20.0,440.0,15.65,26.04,0.02,0.86,14.92,16.55,20.15,8.48,2.31,2.41,3.35,3.34,
1011,5_20251029_Pluto_spont_1,57.0,9_20251023_Pluto1,mouse B (Pluto),2025-10-23,1.0,20.0,440.0,12.72,18.65,0.04,0.805,30.52,1.92,1.37,2.77,6.69,1.12,3.55,8.95,
1011,6_20251028_Pluto_spont_1,57.0,9_20251023_Pluto1,mouse B (Pluto),2025-10-23,1.0,20.0,440.0,6.3,9.31,0.0,0.777,7.68,2.77,2.1,3.76,7.13,2.03,3.17,5.47,
1011,7_20251027_Pluto_spont1,57.0,9_20251023_Pluto1,mouse B (Pluto),2025-10-23,1.0,20.0,440.0,5.88,9.28,0.0,0.953,7.73,2.18,2.67,2.63,9.96,1.45,4.13,4.6,
1011,8_20251024_Pluto_spont1,57.0,9_20251023_Pluto1,mouse B (Pluto),2025-10-23,1.0,20.0,440.0,22.47,48.48,0.06,0.761,20.63,28.25,17.88,10.98,5.79,14.79,3.55,4.64,
1011,9_20251023_Pluto1,57.0,9_20251023_Pluto1,mouse B (Pluto),2025-10-23,1.0,20.0,440.0,10.39,24.3,0.08,0.552,6.15,16.66,10.26,3.16,4.95,4.8,5.62,3.53,
1012,0_first5minvedio,58.0,9_20251023_Pluto1,mouse B (Pluto),2025-10-23,2.0,40.0,460.0,12.04,18.24,0.0,0.945,11.88,4.41,7.59,5.02,11.57,5.34,15.4,9.13,
1012,1_20251031_Pluto_spont_1,58.0,9_20251023_Pluto1,mouse B (Pluto),2025-10-23,2.0,40.0,460.0,12.21,19.96,0.0,0.99,8.74,7.24,11.65,3.88,8.19,7.78,13.34,12.58,
1012,2_20251031_Pluto_spont_3,58.0,9_20251023_Pluto1,mouse B (Pluto),2025-10-23,2.0,40.0,460.0,7.88,16.24,0.02,0.935,14.92,2.08,3.53,2.99,4.96,1.21,4.58,4.61,
1012,3_20251031_Pluto_spont_2,58.0,9_20251023_Pluto1,mouse B (Pluto),2025-10-23,2.0,40.0,460.0,3.55,13.68,0.0,0.962,4.24,2.89,2.32,2.35,1.97,2.24,2.4,1.79,
1012,4_20251030_Pluto_spont_1,58.0,9_20251023_Pluto1,mouse B (Pluto),2025-10-23,2.0,40.0,460.0,15.36,28.67,0.02,0.912,15.96,14.33,26.46,8.38,3.68,2.56,3.67,2.42,
1012,5_20251029_Pluto_spont_1,58.0,9_20251023_Pluto1,mouse B (Pluto),2025-10-23,2.0,40.0,460.0,12.53,19.06,0.0,0.895,33.32,1.73,1.36,3.61,2.72,1.31,4.84,8.75,
1012,6_20251028_Pluto_spont_1,58.0,9_20251023_Pluto1,mouse B (Pluto),2025-10-23,2.0,40.0,460.0,5.91,10.57,0.0,0.863,6.56,1.64,1.45,3.73,3.97,3.62,4.62,5.19,
1012,7_20251027_Pluto_spont1,58.0,9_20251023_Pluto1,mouse B (Pluto),2025-10-23,2.0,40.0,460.0,4.73,7.83,0.0,0.973,5.37,2.16,1.54,5.6,5.25,1.24,3.06,5.62,
1012,8_20251024_Pluto_spont1,58.0,9_20251023_Pluto1,mouse B (Pluto),2025-10-23,2.0,40.0,460.0,19.38,52.66,0.14,0.804,23.57,23.12,17.51,12.47,6.44,10.73,4.27,3.62,
1012,9_20251023_Pluto1,58.0,9_20251023_Pluto1,mouse B (Pluto),2025-10-23,2.0,40.0,460.0,8.55,19.59,0.0,0.858,6.8,14.56,7.72,5.14,3.18,6.51,5.14,3.93,
1013,0_first5minvedio,59.0,9_20251023_Pluto1,mouse B (Pluto),2025-10-23,3.0,60.0,480.0,12.39,18.28,0.0,0.96,11.03,3.94,7.33,5.46,10.67,5.28,16.73,11.38,
1013,1_20251031_Pluto_spont_1,59.0,9_20251023_Pluto1,mouse B (Pluto),2025-10-23,3.0,60.0,480.0,11.76,20.14,0.0,0.985,9.19,5.7,13.19,3.34,7.78,6.64,13.47,13.0,
1013,2_20251031_Pluto_spont_3,59.0,9_20251023_Pluto1,mouse B (Pluto),2025-10-23,3.0,60.0,480.0,6.76,12.84,0.02,0.935,11.42,1.8,2.72,3.03,5.71,1.43,4.19,5.1,
1013,3_20251031_Pluto_spont_2,59.0,9_20251023_Pluto1,mouse B (Pluto),2025-10-23,3.0,60.0,480.0,3.72,23.16,0.0,0.972,5.42,2.36,2.26,1.9,1.13,3.51,2.48,2.21,
1013,4_20251030_Pluto_spont_1,59.0,9_20251023_Pluto1,mouse B (Pluto),2025-10-23,3.0,60.0,480.0,16.43,33.96,0.02,0.907,15.26,13.88,25.16,9.53,4.38,1.64,4.08,3.02,
1013,5_20251029_Pluto_spont_1,59.0,9_20251023_Pluto1,mouse B (Pluto),2025-10-23,3.0,60.0,480.0,14.07,20.28,0.04,0.907,37.05,1.47,1.45,3.7,6.38,1.29,4.28,7.3,
1013,6_20251028_Pluto_spont_1,59.0,9_20251023_Pluto1,mouse B (Pluto),2025-10-23,3.0,60.0,480.0,8.23,12.61,0.0,0.863,16.83,1.41,1.85,6.21,5.44,3.09,4.13,5.84,
1013,7_20251027_Pluto_spont1,59.0,9_20251023_Pluto1,mouse B (Pluto),2025-10-23,3.0,60.0,480.0,4.47,7.75,0.02,0.958,5.6,1.72,1.96,4.19,4.96,1.16,2.48,4.42,
1013,8_20251024_Pluto_spont1,59.0,9_20251023_Pluto1,mouse B (Pluto),2025-10-23,3.0,60.0,480.0,21.27,47.77,0.08,0.723,24.27,23.44,19.76,13.47,7.2,10.37,2.89,4.0,
1013,9_20251023_Pluto1,59.0,9_20251023_Pluto1,mouse B (Pluto),2025-10-23,3.0,60.0,480.0,8.67,14.79,0.0,0.777,9.76,10.99,9.59,5.23,3.29,7.01,5.12,3.95,
1014,0_first5minvedio,60.0,9_20251023_Pluto1,mouse B (Pluto),2025-10-23,4.0,80.0,500.0,12.13,18.03,0.0,0.965,11.78,4.22,6.9,5.69,11.91,5.32,15.47,10.55,
1014,1_20251031_Pluto_spont_1,60.0,9_20251023_Pluto1,mouse B (Pluto),2025-10-23,4.0,80.0,500.0,11.58,18.74,0.0,0.993,9.06,6.04,12.41,3.24,7.89,8.22,14.1,11.28,
1014,2_20251031_Pluto_spont_3,60.0,9_20251023_Pluto1,mouse B (Pluto),2025-10-23,4.0,80.0,500.0,7.29,12.07,0.02,0.957,13.47,2.41,3.82,3.64,4.69,1.43,4.59,4.8,
1014,3_20251031_Pluto_spont_2,60.0,9_20251023_Pluto1,mouse B (Pluto),2025-10-23,4.0,80.0,500.0,3.86,20.96,0.0,0.965,4.62,3.49,2.28,1.62,1.65,2.04,2.64,2.17,
1014,4_20251030_Pluto_spont_1,60.0,9_20251023_Pluto1,mouse B (Pluto),2025-10-23,4.0,80.0,500.0,15.52,32.54,0.02,0.93,17.0,15.31,22.43,9.9,2.98,1.88,4.91,2.68,
1014,5_20251029_Pluto_spont_1,60.0,9_20251023_Pluto1,mouse B (Pluto),2025-10-23,4.0,80.0,500.0,12.9,18.41,0.02,0.925,33.01,2.33,1.4,2.62,4.03,1.43,4.49,10.21,
1014,6_20251028_Pluto_spont_1,60.0,9_20251023_Pluto1,mouse B (Pluto),2025-10-23,4.0,80.0,500.0,7.76,14.62,0.0,0.887,14.42,1.42,1.73,5.61,4.49,1.95,4.34,5.02,
1014,7_20251027_Pluto_spont1,60.0,9_20251023_Pluto1,mouse B (Pluto),2025-10-23,4.0,80.0,500.0,5.16,7.71,0.0,0.86,7.01,2.51,1.63,4.86,6.78,1.27,3.31,3.95,
1014,8_20251024_Pluto_spont1,60.0,9_20251023_Pluto1,mouse B (Pluto),2025-10-23,4.0,80.0,500.0,22.66,52.35,0.22,0.849,31.4,25.53,37.45,11.3,6.73,10.34,2.9,4.41,
1014,9_20251023_Pluto1,60.0,9_20251023_Pluto1,mouse B (Pluto),2025-10-23,4.0,80.0,500.0,8.2,14.82,0.0,0.865,10.54,10.79,8.55,5.63,4.12,4.62,5.85,3.69,
1015,0_first5minvedio,61.0,9_20251023_Pluto1,mouse B (Pluto),2025-10-23,5.0,100.0,520.0,12.02,15.98,0.0,0.977,11.56,3.79,7.35,5.99,12.14,5.04,16.42,10.6,
1015,1_20251031_Pluto_spont_1,61.0,9_20251023_Pluto1,mouse B (Pluto),2025-10-23,5.0,100.0,520.0,11.24,19.17,0.0,0.988,9.39,5.96,12.11,3.38,7.93,7.32,13.84,11.94,
1015,2_20251031_Pluto_spont_3,61.0,9_20251023_Pluto1,mouse B (Pluto),2025-10-23,5.0,100.0,520.0,7.25,17.17,0.06,0.942,13.85,2.17,3.06,3.0,5.81,1.98,4.68,4.18,
1015,3_20251031_Pluto_spont_2,61.0,9_20251023_Pluto1,mouse B (Pluto),2025-10-23,5.0,100.0,520.0,3.4,21.39,0.0,0.972,4.23,2.38,2.89,1.87,1.38,1.94,2.61,1.79,
1015,4_20251030_Pluto_spont_1,61.0,9_20251023_Pluto1,mouse B (Pluto),2025-10-23,5.0,100.0,520.0,16.22,26.05,0.0,0.905,16.22,15.53,23.94,8.82,2.4,1.85,4.21,2.01,
1015,5_20251029_Pluto_spont_1,61.0,9_20251023_Pluto1,mouse B (Pluto),2025-10-23,5.0,100.0,520.0,12.39,18.98,0.0,0.88,33.34,1.64,1.41,2.53,5.0,1.44,2.78,7.76,
1015,6_20251028_Pluto_spont_1,61.0,9_20251023_Pluto1,mouse B (Pluto),2025-10-23,5.0,100.0,520.0,8.62,14.8,0.0,0.885,11.68,1.72,1.52,6.82,4.7,2.05,2.71,5.0,
1015,7_20251027_Pluto_spont1,61.0,9_20251023_Pluto1,mouse B (Pluto),2025-10-23,5.0,100.0,520.0,5.85,8.26,0.0,0.93,5.52,1.11,1.29,4.84,10.07,2.08,2.83,3.27,
1015,8_20251024_Pluto_spont1,61.0,9_20251023_Pluto1,mouse B (Pluto),2025-10-23,5.0,100.0,520.0,19.3,49.92,0.1,0.811,25.5,25.84,16.27,11.28,6.33,10.04,2.21,3.81,
1015,9_20251023_Pluto1,61.0,9_20251023_Pluto1,mouse B (Pluto),2025-10-23,5.0,100.0,520.0,9.39,15.51,0.0,0.83,10.41,13.4,8.73,4.98,3.94,3.85,6.4,3.52,
971,10_20251022_Pluto1,0.0,0_first5minvedio,mouse A,5-min recording,0.0,5.0,5.0,316.94,361.69,1.0,0.0,541.17,174.83,336.98,56.44,554.26,175.79,52.5,31.51,5a
972,10_20251022_Pluto1,1.0,0_first5minvedio,mouse A,5-min recording,0.0,5.0,5.0,389.33,429.99,1.0,0.028,101.43,550.24,302.56,49.54,284.27,522.17,156.05,680.21,5b
973,10_20251022_Pluto1,2.0,0_first5minvedio,mouse A,5-min recording,0.0,10.0,10.0,354.42,426.46,1.0,0.0,41.73,529.52,331.53,28.2,36.11,485.25,126.78,638.56,10a
974,10_20251022_Pluto1,3.0,0_first5minvedio,mouse A,5-min recording,0.0,10.0,10.0,344.13,399.66,1.0,0.0,394.95,386.54,289.96,51.57,414.55,468.37,33.51,41.96,10b
111,10_20251022_Pluto1,4.0,0_first5minvedio,mouse A,5-min recording,1.0,20.0,20.0,373.01,420.87,1.0,0.045,107.13,454.31,265.18,469.48,132.84,434.44,178.77,529.85,
112,10_20251022_Pluto1,5.0,0_first5minvedio,mouse A,5-min recording,2.0,40.0,40.0,287.97,365.37,1.0,0.003,48.93,521.8,326.68,38.21,54.8,502.71,137.12,29.21,
113,10_20251022_Pluto1,6.0,0_first5minvedio,mouse A,5-min recording,3.0,60.0,60.0,345.7,388.56,1.0,0.018,145.0,17.29,327.45,27.41,332.36,17.07,140.46,695.16,
114,10_20251022_Pluto1,7.0,0_first5minvedio,mouse A,5-min recording,4.0,80.0,80.0,426.02,468.55,1.0,0.025,261.37,533.18,326.34,28.61,296.17,503.59,479.87,642.93,
115,10_20251022_Pluto1,8.0,0_first5minvedio,mouse A,5-min recording,5.0,100.0,100.0,326.26,389.71,1.0,0.075,277.43,528.39,336.54,23.19,303.29,499.6,67.99,44.71,
967,10_20251022_Pluto1,9.0,1_20251031_Pluto_spont_1,mouse B (Pluto),2025-10-31,0.0,5.0,105.0,326.21,412.47,0.98,0.133,17.52,25.18,334.48,23.64,14.82,192.79,9.27,691.27,5a
968,10_20251022_Pluto1,10.0,1_20251031_Pluto_spont_1,mouse B (Pluto),2025-10-31,0.0,5.0,105.0,314.43,366.73,1.0,0.083,25.44,445.87,330.05,23.59,20.06,365.84,134.89,491.79,5b
969,10_20251022_Pluto1,11.0,1_20251031_Pluto_spont_1,mouse B (Pluto),2025-10-31,0.0,10.0,110.0,301.3,366.48,1.0,0.107,24.91,523.34,316.41,18.15,14.39,49.92,11.13,662.24,10a
970,10_20251022_Pluto1,12.0,1_20251031_Pluto_spont_1,mouse B (Pluto),2025-10-31,0.0,10.0,110.0,279.06,369.21,0.98,0.08,23.55,36.14,322.27,24.35,20.07,286.84,10.38,692.44,10b
211,10_20251022_Pluto1,13.0,1_20251031_Pluto_spont_1,mouse B (Pluto),2025-10-31,1.0,20.0,120.0,199.09,295.54,0.78,0.115,20.13,31.54,38.51,23.05,15.39,361.61,10.97,14.73,
212,10_20251022_Pluto1,14.0,1_20251031_Pluto_spont_1,mouse B (Pluto),2025-10-31,2.0,40.0,140.0,94.53,218.12,0.76,0.295,23.88,29.04,226.24,24.48,17.27,9.57,8.92,3.87,
213,10_20251022_Pluto1,15.0,1_20251031_Pluto_spont_1,mouse B (Pluto),2025-10-31,3.0,60.0,160.0,121.11,230.59,0.7,0.287,26.18,29.1,62.77,24.55,18.24,9.23,7.69,5.97,
214,10_20251022_Pluto1,16.0,1_20251031_Pluto_spont_1,mouse B (Pluto),2025-10-31,4.0,80.0,180.0,18.32,188.76,0.24,0.19,21.65,24.11,8.33,22.13,16.3,11.22,6.84,4.11,
225,10_20251022_Pluto1,17.0,1_20251031_Pluto_spont_1,mouse B (Pluto),2025-10-31,5.0,100.0,200.0,19.51,36.46,0.08,0.235,27.59,21.2,7.87,19.65,20.8,7.95,7.86,5.14,
216,10_20251022_Pluto1,18.0,1_20251031_Pluto_spont_1,mouse B (Pluto),2025-10-31,6.0,120.0,220.0,28.68,186.71,0.36,0.235,26.7,25.42,13.83,22.77,18.77,11.14,6.87,5.81,
217,10_20251022_Pluto1,19.0,1_20251031_Pluto_spont_1,mouse B (Pluto),2025-10-31,7.0,140.0,240.0,20.63,110.08,0.14,0.492,30.01,23.29,8.53,22.93,17.41,12.43,4.65,5.61,
963,10_20251022_Pluto1,20.0,2_20251031_Pluto_spont_3,mouse B (Pluto),2025-10-31,0.0,5.0,205.0,21.1,116.4,0.12,0.438,30.24,20.82,7.56,21.76,17.87,11.09,4.67,4.7,5a
964,10_20251022_Pluto1,21.0,2_20251031_Pluto_spont_3,mouse B (Pluto),2025-10-31,0.0,5.0,205.0,33.27,215.07,0.48,0.405,26.77,20.27,14.64,23.73,20.53,8.44,6.02,4.0,5b
965,10_20251022_Pluto1,22.0,2_20251031_Pluto_spont_3,mouse B (Pluto),2025-10-31,0.0,10.0,210.0,19.25,187.44,0.16,0.393,25.41,19.41,10.09,22.87,16.45,11.68,5.4,3.01,10a
966,10_20251022_Pluto1,23.0,2_20251031_Pluto_spont_3,mouse B (Pluto),2025-10-31,0.0,10.0,210.0,20.46,179.57,0.2,0.445,31.18,21.38,9.11,20.94,18.55,11.8,4.2,4.85,10b
321,10_20251022_Pluto1,24.0,2_20251031_Pluto_spont_3,mouse B (Pluto),2025-10-31,1.0,20.0,220.0,111.82,119.5,0.64,0.388,25.77,23.02,305.84,21.79,18.67,11.49,5.71,4.62,
322,10_20251022_Pluto1,25.0,2_20251031_Pluto_spont_3,mouse B (Pluto),2025-10-31,2.0,40.0,240.0,19.63,34.33,0.06,0.465,25.78,20.09,8.83,21.06,14.97,21.01,4.75,3.6,
323,10_20251022_Pluto1,26.0,2_20251031_Pluto_spont_3,mouse B (Pluto),2025-10-31,3.0,60.0,260.0,24.57,116.57,0.32,0.502,23.8,20.1,11.78,19.98,16.07,10.66,6.37,2.88,
324,10_20251022_Pluto1,27.0,2_20251031_Pluto_spont_3,mouse B (Pluto),2025-10-31,4.0,80.0,280.0,16.4,43.65,0.1,0.405,17.53,17.99,8.78,22.7,13.04,11.44,5.9,3.12,
959,10_20251022_Pluto1,28.0,3_20251031_Pluto_spont_2,mouse B (Pluto),2025-10-31,0.0,5.0,265.0,17.58,28.9,0.02,0.65,24.39,18.37,6.67,22.78,15.82,8.77,4.94,4.17,5a
960,10_20251022_Pluto1,29.0,3_20251031_Pluto_spont_2,mouse B (Pluto),2025-10-31,0.0,5.0,265.0,17.9,37.69,0.08,0.71,23.41,19.54,9.2,22.85,15.26,7.7,4.49,4.06,5b
961,10_20251022_Pluto1,30.0,3_20251031_Pluto_spont_2,mouse B (Pluto),2025-10-31,0.0,10.0,270.0,18.54,30.79,0.04,0.417,25.55,20.66,6.22,19.67,13.74,12.9,4.62,4.98,10a
962,10_20251022_Pluto1,31.0,3_20251031_Pluto_spont_2,mouse B (Pluto),2025-10-31,0.0,10.0,270.0,19.51,111.05,0.18,0.427,27.07,20.44,6.03,16.15,14.83,13.25,4.14,4.88,10b
411,10_20251022_Pluto1,32.0,3_20251031_Pluto_spont_2,mouse B (Pluto),2025-10-31,1.0,20.0,280.0,15.82,29.52,0.04,0.557,23.79,15.35,8.39,18.45,12.83,10.61,3.49,4.85,
422,10_20251022_Pluto1,33.0,3_20251031_Pluto_spont_2,mouse B (Pluto),2025-10-31,2.0,40.0,300.0,19.73,34.85,0.02,0.69,27.42,18.39,11.73,16.89,12.16,19.23,4.61,3.22,
423,10_20251022_Pluto1,34.0,3_20251031_Pluto_spont_2,mouse B (Pluto),2025-10-31,3.0,60.0,320.0,19.95,45.02,0.1,0.427,25.52,17.59,13.1,20.03,15.53,17.1,7.81,3.8,
955,10_20251022_Pluto1,35.0,4_20251030_Pluto_spont_1,mouse B (Pluto),2025-10-30,0.0,5.0,325.0,16.55,30.02,0.04,0.688,22.0,16.56,9.77,18.28,13.19,13.45,5.14,4.28,5a
956,10_20251022_Pluto1,36.0,4_20251030_Pluto_spont_1,mouse B (Pluto),2025-10-30,0.0,5.0,325.0,19.35,30.09,0.04,0.57,25.9,17.09,8.86,19.16,14.63,14.77,4.3,4.88,5b
957,10_20251022_Pluto1,37.0,4_20251030_Pluto_spont_1,mouse B (Pluto),2025-10-30,0.0,10.0,330.0,19.3,27.01,0.02,0.595,28.96,20.77,9.51,16.01,15.98,22.71,5.64,3.71,10a
958,10_20251022_Pluto1,38.0,4_20251030_Pluto_spont_1,mouse B (Pluto),2025-10-30,0.0,10.0,330.0,18.31,52.41,0.12,0.627,24.93,23.07,6.25,17.11,14.85,12.86,6.81,2.99,10b
531,10_20251022_Pluto1,39.0,4_20251030_Pluto_spont_1,mouse B (Pluto),2025-10-30,1.0,20.0,340.0,19.27,33.9,0.04,0.417,24.73,14.92,8.35,17.4,16.76,14.34,6.43,4.4,
532,10_20251022_Pluto1,40.0,4_20251030_Pluto_spont_1,mouse B (Pluto),2025-10-30,2.0,40.0,360.0,19.69,36.64,0.04,0.507,27.63,15.77,8.24,13.73,16.97,14.93,3.38,4.01,
533,10_20251022_Pluto1,41.0,4_20251030_Pluto_spont_1,mouse B (Pluto),2025-10-30,3.0,60.0,380.0,17.47,30.54,0.06,0.5,26.03,17.41,7.49,13.23,13.5,12.15,4.95,4.93,
534,10_20251022_Pluto1,42.0,4_20251030_Pluto_spont_1,mouse B (Pluto),2025-10-30,4.0,80.0,400.0,18.51,28.37,0.02,0.578,27.1,18.46,8.02,13.3,15.89,11.01,9.46,5.1,
951,10_20251022_Pluto1,43.0,5_20251029_Pluto_spont_1,mouse B (Pluto),2025-10-29,0.0,5.0,365.0,16.23,39.96,0.04,0.63,18.32,16.32,8.42,10.58,15.12,16.37,5.61,3.76,5a
952,10_20251022_Pluto1,44.0,5_20251029_Pluto_spont_1,mouse B (Pluto),2025-10-29,0.0,5.0,365.0,20.16,39.79,0.04,0.49,26.66,20.05,7.72,17.05,21.27,19.4,4.37,6.83,5b
953,10_20251022_Pluto1,45.0,5_20251029_Pluto_spont_1,mouse B (Pluto),2025-10-29,0.0,10.0,370.0,17.14,31.59,0.08,0.295,24.33,17.46,6.32,12.74,16.08,13.19,4.7,4.37,10a
954,10_20251022_Pluto1,46.0,5_20251029_Pluto_spont_1,mouse B (Pluto),2025-10-29,0.0,10.0,370.0,19.34,29.07,0.04,0.432,26.82,21.57,7.24,19.68,14.14,17.92,4.44,3.51,10b
631,10_20251022_Pluto1,47.0,5_20251029_Pluto_spont_1,mouse B (Pluto),2025-10-29,1.0,20.0,380.0,17.35,27.48,0.04,0.502,27.31,17.25,7.32,17.8,16.29,9.48,4.61,4.67,
632,10_20251022_Pluto1,48.0,5_20251029_Pluto_spont_1,mouse B (Pluto),2025-10-29,2.0,40.0,400.0,17.99,28.6,0.06,0.55,27.12,16.9,5.68,10.57,13.69,12.47,6.83,2.87,
711,10_20251022_Pluto1,49.0,6_20251028_Pluto_spont_1,mouse B (Pluto),2025-10-28,1.0,20.0,400.0,17.66,44.6,0.1,0.585,21.88,17.84,6.57,16.14,15.69,18.51,7.23,4.43,
712,10_20251022_Pluto1,50.0,6_20251028_Pluto_spont_1,mouse B (Pluto),2025-10-28,2.0,40.0,420.0,19.53,33.13,0.02,0.723,26.5,18.41,6.81,17.54,17.04,21.13,5.35,4.93,
713,10_20251022_Pluto1,51.0,6_20251028_Pluto_spont_1,mouse B (Pluto),2025-10-28,3.0,60.0,440.0,18.12,31.79,0.04,0.56,24.73,16.03,7.36,15.44,15.03,15.84,8.8,3.38,
811,10_20251022_Pluto1,52.0,7_20251027_Pluto_spont1,mouse B (Pluto),2025-10-27,1.0,20.0,420.0,17.83,25.88,0.02,0.495,23.59,20.55,7.82,13.94,14.09,19.25,3.48,3.89,
812,10_20251022_Pluto1,53.0,7_20251027_Pluto_spont1,mouse B (Pluto),2025-10-27,2.0,40.0,440.0,16.11,24.72,0.04,0.62,22.85,17.58,6.71,12.68,16.39,14.57,3.91,3.67,
911,10_20251022_Pluto1,54.0,8_20251024_Pluto_spont1,mouse B (Pluto),2025-10-24,1.0,20.0,420.0,16.49,27.76,0.04,0.552,22.4,17.91,8.15,9.8,12.07,11.57,4.47,4.34,
912,10_20251022_Pluto1,55.0,8_20251024_Pluto_spont1,mouse B (Pluto),2025-10-24,2.0,40.0,440.0,17.79,24.0,0.02,0.743,23.59,17.71,7.14,11.97,12.31,20.54,3.97,4.12,
913,10_20251022_Pluto1,56.0,8_20251024_Pluto_spont1,mouse B (Pluto),2025-10-24,3.0,60.0,460.0,16.08,24.45,0.02,0.777,20.79,21.35,5.81,9.72,14.5,15.16,3.97,2.22,
1011,10_20251022_Pluto1,57.0,9_20251023_Pluto1,mouse B (Pluto),2025-10-23,1.0,20.0,440.0,21.46,120.04,0.4,0.635,21.26,20.47,9.65,18.45,14.32,22.17,5.66,3.08,
1012,10_20251022_Pluto1,58.0,9_20251023_Pluto1,mouse B (Pluto),2025-10-23,2.0,40.0,460.0,16.77,26.77,0.02,0.77,25.55,17.44,6.62,12.67,15.56,9.61,3.34,2.59,
1013,10_20251022_Pluto1,59.0,9_20251023_Pluto1,mouse B (Pluto),2025-10-23,3.0,60.0,480.0,17.87,29.64,0.02,0.665,20.58,14.81,6.39,13.99,18.55,9.89,3.33,2.69,
1014,10_20251022_Pluto1,60.0,9_20251023_Pluto1,mouse B (Pluto),2025-10-23,4.0,80.0,500.0,18.13,31.98,0.08,0.6,19.52,16.97,6.97,13.01,13.34,12.65,0.0,0.0,
1015,10_20251022_Pluto1,61.0,9_20251023_Pluto1,mouse B (Pluto),2025-10-23,5.0,100.0,520.0,17.47,24.54,0.02,0.715,26.97,15.71,7.21,12.79,17.14,16.67,2.42,3.54,
1016,0_first5minvedio,62.0,9_20251023_Pluto1,mouse B (Pluto),2025-10-23,6.0,120.0,540.0,12.08,17.1,0.0,0.97,11.33,4.01,7.61,6.28,12.04,4.96,16.41,10.38,
1016,1_20251031_Pluto_spont_1,62.0,9_20251023_Pluto1,mouse B (Pluto),2025-10-23,6.0,120.0,540.0,11.58,19.91,0.0,0.99,8.83,5.4,12.4,3.23,7.74,5.67,13.18,11.87,
1016,2_20251031_Pluto_spont_3,62.0,9_20251023_Pluto1,mouse B (Pluto),2025-10-23,6.0,120.0,540.0,7.16,15.01,0.04,0.945,14.64,2.81,3.2,2.94,5.28,1.56,4.22,4.94,
1016,3_20251031_Pluto_spont_2,62.0,9_20251023_Pluto1,mouse B (Pluto),2025-10-23,6.0,120.0,540.0,3.79,23.04,0.0,0.97,4.66,2.59,3.0,2.28,1.6,2.2,2.64,1.74,
1016,4_20251030_Pluto_spont_1,62.0,9_20251023_Pluto1,mouse B (Pluto),2025-10-23,6.0,120.0,540.0,16.06,26.31,0.0,0.92,14.87,14.96,26.34,8.24,4.51,1.69,4.27,2.82,
1016,5_20251029_Pluto_spont_1,62.0,9_20251023_Pluto1,mouse B (Pluto),2025-10-23,6.0,120.0,540.0,13.12,18.97,0.0,0.942,33.91,2.06,1.4,2.37,4.4,1.6,4.41,10.55,
1016,6_20251028_Pluto_spont_1,62.0,9_20251023_Pluto1,mouse B (Pluto),2025-10-23,6.0,120.0,540.0,8.24,12.03,0.0,0.812,16.12,2.22,1.78,4.12,4.63,3.65,3.61,4.67,
1016,7_20251027_Pluto_spont1,62.0,9_20251023_Pluto1,mouse B (Pluto),2025-10-23,6.0,120.0,540.0,5.49,8.3,0.0,0.938,7.65,2.62,1.5,4.43,6.9,1.63,3.38,5.92,
1016,8_20251024_Pluto_spont1,62.0,9_20251023_Pluto1,mouse B (Pluto),2025-10-23,6.0,120.0,540.0,20.33,51.38,0.14,0.736,24.01,20.84,14.79,12.87,5.02,10.67,3.06,3.87,
1016,10_20251022_Pluto1,62.0,9_20251023_Pluto1,mouse B (Pluto),2025-10-23,6.0,120.0,540.0,17.43,29.54,0.02,0.715,26.4,18.6,7.17,15.19,15.5,9.38,3.65,2.97,
1016,9_20251023_Pluto1,62.0,9_20251023_Pluto1,mouse B (Pluto),2025-10-23,6.0,120.0,540.0,8.63,15.83,0.0,0.895,9.6,11.64,8.26,5.55,4.01,6.3,6.7,3.75,
1111,0_first5minvedio,63.0,10_20251022_Pluto1,mouse B (Pluto),2025-10-22,1.0,20.0,520.0,12.23,17.06,0.0,0.922,11.43,4.2,7.9,4.91,12.07,5.08,16.97,11.55,
1111,1_20251031_Pluto_spont_1,63.0,10_20251022_Pluto1,mouse B (Pluto),2025-10-22,1.0,20.0,520.0,12.31,18.86,0.0,0.995,8.67,6.66,12.19,3.48,8.23,10.48,13.54,13.37,
1111,2_20251031_Pluto_spont_3,63.0,10_20251022_Pluto1,mouse B (Pluto),2025-10-22,1.0,20.0,520.0,7.79,15.0,0.02,0.922,13.37,1.81,3.68,3.2,5.3,1.34,4.75,4.93,
1111,3_20251031_Pluto_spont_2,63.0,10_20251022_Pluto1,mouse B (Pluto),2025-10-22,1.0,20.0,520.0,4.12,23.23,0.0,0.965,5.14,3.2,2.26,2.32,1.76,2.78,2.94,1.5,
1111,4_20251030_Pluto_spont_1,63.0,10_20251022_Pluto1,mouse B (Pluto),2025-10-22,1.0,20.0,520.0,16.21,29.26,0.02,0.802,15.04,14.87,30.19,9.77,4.86,1.96,3.45,3.2,
1111,5_20251029_Pluto_spont_1,63.0,10_20251022_Pluto1,mouse B (Pluto),2025-10-22,1.0,20.0,520.0,12.72,18.58,0.0,0.927,30.58,1.78,1.7,3.77,4.82,2.32,4.13,9.04,
1111,6_20251028_Pluto_spont_1,63.0,10_20251022_Pluto1,mouse B (Pluto),2025-10-22,1.0,20.0,520.0,8.03,12.99,0.0,0.84,9.89,2.93,1.66,6.46,8.93,6.03,3.81,5.68,
1111,7_20251027_Pluto_spont1,63.0,10_20251022_Pluto1,mouse B (Pluto),2025-10-22,1.0,20.0,520.0,7.03,9.17,0.0,0.97,9.98,2.36,1.97,4.48,11.17,1.69,2.81,5.94,
1111,8_20251024_Pluto_spont1,63.0,10_20251022_Pluto1,mouse B (Pluto),2025-10-22,1.0,20.0,520.0,19.37,44.85,0.06,0.741,23.15,28.6,16.06,10.88,5.91,9.74,2.79,4.37,
1111,9_20251023_Pluto1,63.0,10_20251022_Pluto1,mouse B (Pluto),2025-10-22,1.0,20.0,520.0,9.38,15.53,0.0,0.815,7.88,14.52,9.36,5.3,3.72,6.58,5.67,4.13,
1111,10_20251022_Pluto1,63.0,10_20251022_Pluto1,mouse B (Pluto),2025-10-22,1.0,20.0,520.0,11.83,27.73,0.02,0.715,10.95,14.48,7.37,11.77,10.75,8.89,4.35,2.02,
2081,0_first5minvedio,54.0,8_20251024_Pluto_spont1,mouse B (Pluto),2025-10-24,0.0,5.0,405.0,12.27,16.34,0.0,0.945,11.85,3.9,7.04,5.28,11.73,4.94,16.42,9.6,5a
2081,1_20251031_Pluto_spont_1,54.0,8_20251024_Pluto_spont1,mouse B (Pluto),2025-10-24,0.0,5.0,405.0,12.02,20.08,0.0,0.99,8.95,5.61,13.29,3.49,8.14,7.98,14.56,12.21,5a
2081,2_20251031_Pluto_spont_3,54.0,8_20251024_Pluto_spont1,mouse B (Pluto),2025-10-24,0.0,5.0,405.0,7.56,14.29,0.0,0.957,10.77,2.26,3.6,2.89,5.75,1.23,4.04,4.9,5a
2081,3_20251031_Pluto_spont_2,54.0,8_20251024_Pluto_spont1,mouse B (Pluto),2025-10-24,0.0,5.0,405.0,3.7,14.71,0.0,0.96,3.62,2.32,2.92,2.34,1.74,2.85,2.39,1.97,5a
2081,4_20251030_Pluto_spont_1,54.0,8_20251024_Pluto_spont1,mouse B (Pluto),2025-10-24,0.0,5.0,405.0,14.65,28.24,0.02,0.938,14.27,16.19,19.33,8.13,2.65,1.89,4.72,2.98,5a
2081,5_20251029_Pluto_spont_1,54.0,8_20251024_Pluto_spont1,mouse B (Pluto),2025-10-24,0.0,5.0,405.0,12.58,18.84,0.0,0.897,32.07,1.67,1.67,3.26,5.8,1.55,4.56,9.48,5a
2081,6_20251028_Pluto_spont_1,54.0,8_20251024_Pluto_spont1,mouse B (Pluto),2025-10-24,0.0,5.0,405.0,6.42,10.06,0.0,0.905,8.58,2.22,1.78,4.23,4.39,5.52,4.29,5.58,5a
2081,7_20251027_Pluto_spont1,54.0,8_20251024_Pluto_spont1,mouse B (Pluto),2025-10-24,0.0,5.0,405.0,5.7,8.05,0.0,0.805,7.93,1.85,1.55,5.16,7.93,1.12,4.15,6.1,5a
2081,8_20251024_Pluto_spont1,54.0,8_20251024_Pluto_spont1,mouse B (Pluto),2025-10-24,0.0,5.0,405.0,31.05,192.43,0.3,0.683,36.13,26.79,55.01,14.02,7.99,10.34,2.3,3.64,5a
2081,9_20251023_Pluto1,54.0,8_20251024_Pluto_spont1,mouse B (Pluto),2025-10-24,0.0,5.0,405.0,13.15,42.59,0.1,0.47,9.4,17.93,22.43,3.49,5.33,4.0,5.7,3.45,5a
2081,10_20251022_Pluto1,54.0,8_20251024_Pluto_spont1,mouse B (Pluto),2025-10-24,0.0,5.0,405.0,16.42,26.27,0.02,0.688,23.44,19.68,6.29,15.4,15.4,11.94,4.6,2.47,5a
2082,0_first5minvedio,55.0,8_20251024_Pluto_spont1,mouse B (Pluto),2025-10-24,0.0,5.0,405.0,11.9,17.83,0.0,0.965,10.62,4.28,7.52,4.49,11.47,5.22,15.56,10.69,5b
2082,1_20251031_Pluto_spont_1,55.0,8_20251024_Pluto_spont1,mouse B (Pluto),2025-10-24,0.0,5.0,405.0,11.81,20.01,0.0,0.983,8.07,4.5,12.36,3.78,7.92,6.89,13.92,12.57,5b
2082,2_20251031_Pluto_spont_3,55.0,8_20251024_Pluto_spont1,mouse B (Pluto),2025-10-24,0.0,5.0,405.0,7.77,18.83,0.02,0.957,13.51,2.37,3.53,3.62,6.04,1.3,4.33,4.51,5b
2082,3_20251031_Pluto_spont_2,55.0,8_20251024_Pluto_spont1,mouse B (Pluto),2025-10-24,0.0,5.0,405.0,3.78,23.51,0.0,0.975,3.93,2.83,2.58,1.63,2.15,2.43,2.27,2.16,5b
2082,4_20251030_Pluto_spont_1,55.0,8_20251024_Pluto_spont1,mouse B (Pluto),2025-10-24,0.0,5.0,405.0,15.38,27.42,0.0,0.858,14.85,16.71,17.75,8.4,4.25,1.76,3.02,2.45,5b
2082,5_20251029_Pluto_spont_1,55.0,8_20251024_Pluto_spont1,mouse B (Pluto),2025-10-24,0.0,5.0,405.0,12.57,18.95,0.0,0.915,32.68,1.29,1.22,3.09,4.27,1.43,2.68,8.23,5b
2082,6_20251028_Pluto_spont_1,55.0,8_20251024_Pluto_spont1,mouse B (Pluto),2025-10-24,0.0,5.0,405.0,7.36,12.27,0.0,0.858,10.57,2.21,1.43,5.82,7.59,2.15,4.21,5.21,5b
2082,7_20251027_Pluto_spont1,55.0,8_20251024_Pluto_spont1,mouse B (Pluto),2025-10-24,0.0,5.0,405.0,5.92,8.17,0.0,0.882,8.13,1.9,1.58,5.29,8.31,0.94,4.22,5.13,5b
2082,8_20251024_Pluto_spont1,55.0,8_20251024_Pluto_spont1,mouse B (Pluto),2025-10-24,0.0,5.0,405.0,31.48,196.4,0.28,0.589,23.14,27.69,81.25,13.41,6.36,13.22,2.23,3.87,5b
2082,9_20251023_Pluto1,55.0,8_20251024_Pluto_spont1,mouse B (Pluto),2025-10-24,0.0,5.0,405.0,14.47,46.01,0.1,0.502,11.92,16.9,14.99,3.46,4.67,6.94,8.87,3.75,5b
2082,10_20251022_Pluto1,55.0,8_20251024_Pluto_spont1,mouse B (Pluto),2025-10-24,0.0,5.0,405.0,18.05,28.93,0.08,0.512,25.96,16.71,7.07,14.74,12.32,17.94,4.04,7.51,5b
2083,0_first5minvedio,56.0,8_20251024_Pluto_spont1,mouse B (Pluto),2025-10-24,0.0,10.0,410.0,11.52,17.38,0.0,0.927,11.72,4.08,7.94,4.95,12.96,5.0,17.48,10.38,10a
2083,1_20251031_Pluto_spont_1,56.0,8_20251024_Pluto_spont1,mouse B (Pluto),2025-10-24,0.0,10.0,410.0,12.15,19.58,0.0,0.988,10.13,6.8,13.58,3.57,7.42,7.85,14.31,12.15,10a
2083,2_20251031_Pluto_spont_3,56.0,8_20251024_Pluto_spont1,mouse B (Pluto),2025-10-24,0.0,10.0,410.0,6.72,13.69,0.0,0.935,11.44,1.99,3.42,3.68,4.75,1.64,5.02,4.15,10a
2083,3_20251031_Pluto_spont_2,56.0,8_20251024_Pluto_spont1,mouse B (Pluto),2025-10-24,0.0,10.0,410.0,3.66,23.08,0.0,0.975,4.58,3.15,3.02,2.05,1.61,2.48,3.04,1.62,10a
2083,4_20251030_Pluto_spont_1,56.0,8_20251024_Pluto_spont1,mouse B (Pluto),2025-10-24,0.0,10.0,410.0,15.86,25.89,0.0,0.93,16.79,14.45,24.55,9.14,3.79,2.27,3.32,2.67,10a
2083,5_20251029_Pluto_spont_1,56.0,8_20251024_Pluto_spont1,mouse B (Pluto),2025-10-24,0.0,10.0,410.0,12.69,18.24,0.0,0.937,33.25,1.87,1.41,3.38,5.17,1.61,2.87,7.66,10a
2083,6_20251028_Pluto_spont_1,56.0,8_20251024_Pluto_spont1,mouse B (Pluto),2025-10-24,0.0,10.0,410.0,7.06,15.16,0.0,0.777,9.53,3.5,1.82,6.91,6.53,4.46,2.53,5.4,10a
2083,7_20251027_Pluto_spont1,56.0,8_20251024_Pluto_spont1,mouse B (Pluto),2025-10-24,0.0,10.0,410.0,5.31,8.24,0.0,0.76,7.13,3.06,1.94,4.94,5.81,1.9,2.55,5.51,10a
2083,8_20251024_Pluto_spont1,56.0,8_20251024_Pluto_spont1,mouse B (Pluto),2025-10-24,0.0,10.0,410.0,23.48,50.76,0.12,0.713,31.24,26.16,21.23,11.78,6.98,9.98,2.28,4.34,10a
2083,9_20251023_Pluto1,56.0,8_20251024_Pluto_spont1,mouse B (Pluto),2025-10-24,0.0,10.0,410.0,12.91,23.23,0.02,0.583,8.67,22.51,14.39,4.39,7.87,3.56,7.81,4.41,10a
2083,10_20251022_Pluto1,56.0,8_20251024_Pluto_spont1,mouse B (Pluto),2025-10-24,0.0,10.0,410.0,17.75,187.94,0.34,0.63,20.61,21.61,7.33,11.55,11.57,9.98,4.73,3.63,10a
2084,0_first5minvedio,57.0,8_20251024_Pluto_spont1,mouse B (Pluto),2025-10-24,0.0,10.0,410.0,11.54,18.38,0.0,0.985,10.27,4.27,7.56,4.92,12.14,5.03,16.38,10.23,10b
2084,1_20251031_Pluto_spont_1,57.0,8_20251024_Pluto_spont1,mouse B (Pluto),2025-10-24,0.0,10.0,410.0,12.12,19.66,0.0,0.978,9.21,5.55,12.76,3.53,7.81,9.0,13.73,12.18,10b
2084,2_20251031_Pluto_spont_3,57.0,8_20251024_Pluto_spont1,mouse B (Pluto),2025-10-24,0.0,10.0,410.0,7.41,12.44,0.04,0.95,11.31,2.23,3.57,2.85,5.23,1.55,4.8,4.78,10b
2084,3_20251031_Pluto_spont_2,57.0,8_20251024_Pluto_spont1,mouse B (Pluto),2025-10-24,0.0,10.0,410.0,3.49,13.38,0.0,0.945,4.38,2.11,2.89,1.95,1.32,2.2,2.28,2.01,10b
2084,4_20251030_Pluto_spont_1,57.0,8_20251024_Pluto_spont1,mouse B (Pluto),2025-10-24,0.0,10.0,410.0,16.2,30.03,0.04,0.853,15.63,15.04,27.29,9.56,3.64,2.21,3.06,2.04,10b
2084,5_20251029_Pluto_spont_1,57.0,8_20251024_Pluto_spont1,mouse B (Pluto),2025-10-24,0.0,10.0,410.0,13.43,19.15,0.02,0.952,33.86,1.85,1.13,3.1,3.24,1.85,4.02,7.55,10b
2084,6_20251028_Pluto_spont_1,57.0,8_20251024_Pluto_spont1,mouse B (Pluto),2025-10-24,0.0,10.0,410.0,6.46,10.04,0.0,0.858,7.78,2.36,1.66,5.94,6.08,3.21,4.17,4.99,10b
2084,7_20251027_Pluto_spont1,57.0,8_20251024_Pluto_spont1,mouse B (Pluto),2025-10-24,0.0,10.0,410.0,5.55,8.09,0.0,0.938,4.64,3.94,1.75,4.72,8.58,1.19,2.3,4.66,10b
2084,8_20251024_Pluto_spont1,57.0,8_20251024_Pluto_spont1,mouse B (Pluto),2025-10-24,0.0,10.0,410.0,22.42,45.8,0.06,0.743,21.14,27.95,20.17,13.24,6.64,14.8,3.59,5.06,10b
2084,9_20251023_Pluto1,57.0,8_20251024_Pluto_spont1,mouse B (Pluto),2025-10-24,0.0,10.0,410.0,12.66,23.8,0.02,0.593,13.77,21.49,13.0,4.09,4.99,3.51,5.91,3.35,10b
2084,10_20251022_Pluto1,57.0,8_20251024_Pluto_spont1,mouse B (Pluto),2025-10-24,0.0,10.0,410.0,19.23,30.72,0.04,0.6,26.9,19.98,7.94,15.8,13.15,11.26,4.38,3.24,10b
2091,0_first5minvedio,61.0,9_20251023_Pluto1,mouse B (Pluto),2025-10-23,0.0,5.0,425.0,12.32,17.67,0.0,0.952,11.12,4.24,7.38,6.02,11.75,5.04,15.01,10.53,5a
2091,1_20251031_Pluto_spont_1,61.0,9_20251023_Pluto1,mouse B (Pluto),2025-10-23,0.0,5.0,425.0,12.21,19.33,0.0,0.988,9.36,5.87,12.94,3.03,8.12,8.05,13.92,11.29,5a
2091,2_20251031_Pluto_spont_3,61.0,9_20251023_Pluto1,mouse B (Pluto),2025-10-23,0.0,5.0,425.0,6.54,13.07,0.02,0.955,11.56,2.1,3.19,3.18,4.79,1.14,5.07,4.86,5a
2091,3_20251031_Pluto_spont_2,61.0,9_20251023_Pluto1,mouse B (Pluto),2025-10-23,0.0,5.0,425.0,3.75,12.58,0.0,0.957,5.71,2.61,2.17,2.66,1.58,2.41,2.71,1.76,5a
2091,4_20251030_Pluto_spont_1,61.0,9_20251023_Pluto1,mouse B (Pluto),2025-10-23,0.0,5.0,425.0,15.73,27.23,0.0,0.927,15.71,14.25,26.32,8.47,3.35,2.53,2.89,2.51,5a
2091,5_20251029_Pluto_spont_1,61.0,9_20251023_Pluto1,mouse B (Pluto),2025-10-23,0.0,5.0,425.0,13.15,19.5,0.0,0.917,35.35,1.57,1.28,3.47,4.35,1.2,4.94,9.66,5a
2091,6_20251028_Pluto_spont_1,61.0,9_20251023_Pluto1,mouse B (Pluto),2025-10-23,0.0,5.0,425.0,7.36,11.96,0.0,0.895,10.55,2.83,2.67,7.19,7.56,2.48,4.25,5.55,5a
2091,7_20251027_Pluto_spont1,61.0,9_20251023_Pluto1,mouse B (Pluto),2025-10-23,0.0,5.0,425.0,5.93,8.75,0.0,0.975,7.09,3.01,1.5,4.41,9.24,1.59,3.82,5.97,5a
2091,8_20251024_Pluto_spont1,61.0,9_20251023_Pluto1,mouse B (Pluto),2025-10-23,0.0,5.0,425.0,28.76,195.29,0.32,0.723,30.07,27.62,71.87,12.06,6.45,10.06,3.2,4.16,5a
2091,9_20251023_Pluto1,61.0,9_20251023_Pluto1,mouse B (Pluto),2025-10-23,0.0,5.0,425.0,11.74,23.2,0.06,0.693,8.82,21.04,13.91,6.58,2.65,3.19,5.44,3.57,5a
2091,10_20251022_Pluto1,61.0,9_20251023_Pluto1,mouse B (Pluto),2025-10-23,0.0,5.0,425.0,17.48,32.22,0.08,0.595,28.04,18.3,6.61,9.17,11.71,9.89,4.4,3.22,5a
2092,0_first5minvedio,62.0,9_20251023_Pluto1,mouse B (Pluto),2025-10-23,0.0,5.0,425.0,11.86,16.92,0.0,0.96,11.27,3.57,8.03,5.95,12.15,5.26,16.34,11.62,5b
2092,1_20251031_Pluto_spont_1,62.0,9_20251023_Pluto1,mouse B (Pluto),2025-10-23,0.0,5.0,425.0,12.47,20.18,0.0,0.99,8.48,5.88,12.46,3.19,7.72,7.69,14.81,12.55,5b
2092,2_20251031_Pluto_spont_3,62.0,9_20251023_Pluto1,mouse B (Pluto),2025-10-23,0.0,5.0,425.0,7.41,11.7,0.02,0.95,11.75,2.05,3.99,2.99,4.58,1.13,4.18,5.02,5b
2092,3_20251031_Pluto_spont_2,62.0,9_20251023_Pluto1,mouse B (Pluto),2025-10-23,0.0,5.0,425.0,3.97,23.12,0.0,0.965,3.96,2.77,3.02,1.84,2.05,2.37,2.43,2.21,5b
2092,4_20251030_Pluto_spont_1,62.0,9_20251023_Pluto1,mouse B (Pluto),2025-10-23,0.0,5.0,425.0,16.29,26.45,0.0,0.925,14.97,15.67,22.34,8.37,4.2,2.42,3.37,3.72,5b
2092,5_20251029_Pluto_spont_1,62.0,9_20251023_Pluto1,mouse B (Pluto),2025-10-23,0.0,5.0,425.0,14.29,19.0,0.0,0.897,33.2,1.83,1.91,3.95,5.27,1.39,3.65,10.0,5b
2092,6_20251028_Pluto_spont_1,62.0,9_20251023_Pluto1,mouse B (Pluto),2025-10-23,0.0,5.0,425.0,8.29,11.22,0.0,0.907,13.33,2.01,1.84,5.67,8.4,5.69,3.16,5.72,5b
2092,7_20251027_Pluto_spont1,62.0,9_20251023_Pluto1,mouse B (Pluto),2025-10-23,0.0,5.0,425.0,5.61,9.04,0.0,0.825,6.76,1.63,1.98,5.5,8.2,0.98,2.76,5.66,5b
2092,8_20251024_Pluto_spont1,62.0,9_20251023_Pluto1,mouse B (Pluto),2025-10-23,0.0,5.0,425.0,28.09,51.0,0.16,0.801,30.65,25.57,74.96,11.43,6.52,11.9,3.76,4.76,5b
2092,9_20251023_Pluto1,62.0,9_20251023_Pluto1,mouse B (Pluto),2025-10-23,0.0,5.0,425.0,12.62,20.89,0.08,0.795,8.49,21.37,12.27,4.83,4.38,4.21,10.91,2.88,5b
2092,10_20251022_Pluto1,62.0,9_20251023_Pluto1,mouse B (Pluto),2025-10-23,0.0,5.0,425.0,17.32,25.4,0.02,0.785,26.22,21.83,7.08,11.19,15.73,13.38,4.67,2.7,5b
2093,0_first5minvedio,63.0,9_20251023_Pluto1,mouse B (Pluto),2025-10-23,0.0,10.0,430.0,12.3,16.99,0.0,0.947,10.62,5.3,7.87,4.37,12.66,5.33,16.79,11.47,10a
2093,1_20251031_Pluto_spont_1,63.0,9_20251023_Pluto1,mouse B (Pluto),2025-10-23,0.0,10.0,430.0,11.6,19.2,0.0,0.995,8.94,6.6,11.19,3.53,7.76,9.06,12.71,11.8,10a
2093,2_20251031_Pluto_spont_3,63.0,9_20251023_Pluto1,mouse B (Pluto),2025-10-23,0.0,10.0,430.0,7.0,12.45,0.02,0.917,11.93,2.27,3.35,3.05,4.8,1.79,3.96,4.35,10a
2093,3_20251031_Pluto_spont_2,63.0,9_20251023_Pluto1,mouse B (Pluto),2025-10-23,0.0,10.0,430.0,4.02,19.19,0.0,0.962,5.03,2.47,2.5,1.78,1.89,3.08,1.49,2.08,10a
2093,4_20251030_Pluto_spont_1,63.0,9_20251023_Pluto1,mouse B (Pluto),2025-10-23,0.0,10.0,430.0,16.17,47.14,0.1,0.833,14.87,15.45,24.72,9.39,2.15,2.4,3.75,2.3,10a
2093,5_20251029_Pluto_spont_1,63.0,9_20251023_Pluto1,mouse B (Pluto),2025-10-23,0.0,10.0,430.0,13.2,19.02,0.0,0.925,33.77,2.3,1.34,3.17,3.93,1.91,3.84,7.77,10a
2093,6_20251028_Pluto_spont_1,63.0,9_20251023_Pluto1,mouse B (Pluto),2025-10-23,0.0,10.0,430.0,6.08,11.05,0.0,0.86,8.69,3.42,1.2,7.4,5.11,4.0,4.07,5.38,10a
2093,7_20251027_Pluto_spont1,63.0,9_20251023_Pluto1,mouse B (Pluto),2025-10-23,0.0,10.0,430.0,6.11,9.28,0.0,0.932,9.79,3.05,1.8,4.52,9.15,1.62,3.37,5.24,10a
2093,8_20251024_Pluto_spont1,63.0,9_20251023_Pluto1,mouse B (Pluto),2025-10-23,0.0,10.0,430.0,27.44,52.87,0.16,0.695,31.72,27.39,46.68,11.9,6.59,10.41,3.06,4.34,10a
2093,9_20251023_Pluto1,63.0,9_20251023_Pluto1,mouse B (Pluto),2025-10-23,0.0,10.0,430.0,11.55,19.14,0.0,0.618,9.81,19.69,11.77,6.31,3.13,4.19,5.68,3.67,10a
2093,10_20251022_Pluto1,63.0,9_20251023_Pluto1,mouse B (Pluto),2025-10-23,0.0,10.0,430.0,16.86,48.36,0.08,0.542,20.12,19.39,7.61,11.14,11.22,16.16,6.17,4.82,10a
1112,0_first5minvedio,71.0,10_20251022_Pluto1,mouse B (Pluto),2025-10-22,2.0,40.0,540.0,12.07,17.31,0.0,0.957,10.54,3.98,7.88,6.79,11.78,5.17,17.56,9.63,
1112,1_20251031_Pluto_spont_1,71.0,10_20251022_Pluto1,mouse B (Pluto),2025-10-22,2.0,40.0,540.0,12.64,19.03,0.0,0.985,8.85,6.9,12.87,3.65,7.93,8.93,13.75,13.3,
1112,2_20251031_Pluto_spont_3,71.0,10_20251022_Pluto1,mouse B (Pluto),2025-10-22,2.0,40.0,540.0,8.03,15.78,0.04,0.947,14.51,2.2,3.35,3.16,6.04,1.41,4.14,5.2,
1112,3_20251031_Pluto_spont_2,71.0,10_20251022_Pluto1,mouse B (Pluto),2025-10-22,2.0,40.0,540.0,4.02,22.5,0.0,0.95,3.01,3.77,2.72,2.24,1.87,2.39,2.95,2.08,
1112,4_20251030_Pluto_spont_1,71.0,10_20251022_Pluto1,mouse B (Pluto),2025-10-22,2.0,40.0,540.0,16.73,28.22,0.0,0.94,15.12,13.31,27.69,9.74,3.02,1.57,3.38,2.35,
1112,5_20251029_Pluto_spont_1,71.0,10_20251022_Pluto1,mouse B (Pluto),2025-10-22,2.0,40.0,540.0,15.66,19.27,0.0,0.967,38.18,1.62,1.64,2.56,4.74,1.61,3.67,8.59,
1112,6_20251028_Pluto_spont_1,71.0,10_20251022_Pluto1,mouse B (Pluto),2025-10-22,2.0,40.0,540.0,6.42,12.86,0.0,0.905,9.07,2.27,2.24,4.83,4.37,5.39,3.85,5.99,
1112,7_20251027_Pluto_spont1,71.0,10_20251022_Pluto1,mouse B (Pluto),2025-10-22,2.0,40.0,540.0,6.85,9.34,0.0,0.95,11.24,1.53,2.27,4.02,9.91,1.12,2.61,4.75,
1112,8_20251024_Pluto_spont1,71.0,10_20251022_Pluto1,mouse B (Pluto),2025-10-22,2.0,40.0,540.0,25.99,199.9,0.36,0.758,20.62,23.62,64.99,13.27,6.16,10.94,3.47,4.34,
1112,9_20251023_Pluto1,71.0,10_20251022_Pluto1,mouse B (Pluto),2025-10-22,2.0,40.0,540.0,8.08,15.19,0.0,0.885,7.78,9.77,9.93,6.62,3.61,5.24,5.26,4.73,
1112,10_20251022_Pluto1,71.0,10_20251022_Pluto1,mouse B (Pluto),2025-10-22,2.0,40.0,540.0,10.32,26.05,0.04,0.92,8.55,13.7,7.1,9.34,11.65,9.71,3.07,3.55,
2094,0_first5minvedio,64.0,9_20251023_Pluto1,mouse B (Pluto),2025-10-23,0.0,10.0,430.0,12.34,17.06,0.0,0.945,11.61,3.63,7.64,4.97,11.81,4.9,16.65,11.25,10b
2094,1_20251031_Pluto_spont_1,64.0,9_20251023_Pluto1,mouse B (Pluto),2025-10-23,0.0,10.0,430.0,11.57,18.89,0.0,0.993,8.78,5.91,12.37,2.92,8.01,9.55,12.99,11.77,10b
2094,2_20251031_Pluto_spont_3,64.0,9_20251023_Pluto1,mouse B (Pluto),2025-10-23,0.0,10.0,430.0,6.78,11.82,0.02,0.922,11.54,2.39,3.61,2.74,4.94,1.39,3.87,4.75,10b
2094,3_20251031_Pluto_spont_2,64.0,9_20251023_Pluto1,mouse B (Pluto),2025-10-23,0.0,10.0,430.0,3.97,23.19,0.0,0.965,4.12,2.67,2.67,1.66,1.96,2.38,2.02,1.91,10b
2094,4_20251030_Pluto_spont_1,64.0,9_20251023_Pluto1,mouse B (Pluto),2025-10-23,0.0,10.0,430.0,15.75,28.16,0.0,0.902,14.81,14.67,27.09,9.42,2.62,3.15,3.0,2.41,10b
2094,5_20251029_Pluto_spont_1,64.0,9_20251023_Pluto1,mouse B (Pluto),2025-10-23,0.0,10.0,430.0,13.57,19.64,0.0,0.892,34.31,2.39,1.45,3.38,3.73,1.03,3.88,10.13,10b
2094,6_20251028_Pluto_spont_1,64.0,9_20251023_Pluto1,mouse B (Pluto),2025-10-23,0.0,10.0,430.0,6.14,9.94,0.0,0.958,7.59,2.31,1.58,6.55,5.42,2.77,4.27,5.02,10b
2094,7_20251027_Pluto_spont1,64.0,9_20251023_Pluto1,mouse B (Pluto),2025-10-23,0.0,10.0,430.0,5.63,8.02,0.0,0.968,8.41,1.58,2.43,4.18,8.15,1.13,2.84,4.52,10b
2094,8_20251024_Pluto_spont1,64.0,9_20251023_Pluto1,mouse B (Pluto),2025-10-23,0.0,10.0,430.0,25.6,49.91,0.1,0.738,28.18,27.21,31.07,10.12,6.11,10.44,2.95,3.62,10b
2094,9_20251023_Pluto1,64.0,9_20251023_Pluto1,mouse B (Pluto),2025-10-23,0.0,10.0,430.0,11.07,23.82,0.0,0.66,4.99,18.41,13.32,4.42,3.48,4.5,5.61,3.13,10b
2094,10_20251022_Pluto1,64.0,9_20251023_Pluto1,mouse B (Pluto),2025-10-23,0.0,10.0,430.0,17.47,25.56,0.04,0.705,25.66,18.14,6.94,10.91,16.94,15.71,5.9,4.06,10b
1113,0_first5minvedio,73.0,10_20251022_Pluto1,mouse B (Pluto),2025-10-22,3.0,60.0,560.0,13.01,17.97,0.0,0.935,11.99,4.31,8.04,5.56,11.41,5.42,17.03,10.75,
1113,1_20251031_Pluto_spont_1,73.0,10_20251022_Pluto1,mouse B (Pluto),2025-10-22,3.0,60.0,560.0,11.78,20.72,0.0,0.985,8.77,5.8,12.75,3.42,8.01,8.18,13.36,12.09,
1113,2_20251031_Pluto_spont_3,73.0,10_20251022_Pluto1,mouse B (Pluto),2025-10-22,3.0,60.0,560.0,7.37,20.23,0.04,0.914,14.32,2.37,3.04,3.35,5.92,1.48,4.43,4.91,
1113,3_20251031_Pluto_spont_2,73.0,10_20251022_Pluto1,mouse B (Pluto),2025-10-22,3.0,60.0,560.0,3.83,23.22,0.0,0.96,3.65,3.0,2.81,2.4,1.36,1.93,2.59,1.66,
1113,4_20251030_Pluto_spont_1,73.0,10_20251022_Pluto1,mouse B (Pluto),2025-10-22,3.0,60.0,560.0,15.9,24.2,0.0,0.885,14.86,14.35,21.22,8.78,3.43,2.01,3.91,2.79,
1113,5_20251029_Pluto_spont_1,73.0,10_20251022_Pluto1,mouse B (Pluto),2025-10-22,3.0,60.0,560.0,12.42,18.79,0.0,0.902,31.93,1.92,1.4,2.79,3.89,1.72,3.73,9.39,
1113,6_20251028_Pluto_spont_1,73.0,10_20251022_Pluto1,mouse B (Pluto),2025-10-22,3.0,60.0,560.0,7.59,11.44,0.0,0.833,9.75,1.97,1.69,3.94,6.49,4.85,2.6,5.24,
1113,7_20251027_Pluto_spont1,73.0,10_20251022_Pluto1,mouse B (Pluto),2025-10-22,3.0,60.0,560.0,7.71,9.26,0.0,0.92,11.34,1.92,3.13,5.13,11.46,1.23,3.16,6.69,
1113,8_20251024_Pluto_spont1,73.0,10_20251022_Pluto1,mouse B (Pluto),2025-10-22,3.0,60.0,560.0,19.17,47.0,0.08,0.798,15.21,20.16,21.35,12.83,5.78,11.01,4.26,4.54,
1113,9_20251023_Pluto1,73.0,10_20251022_Pluto1,mouse B (Pluto),2025-10-22,3.0,60.0,560.0,8.5,15.13,0.0,0.902,7.04,16.6,7.99,6.87,3.03,3.95,6.3,3.54,
1113,10_20251022_Pluto1,73.0,10_20251022_Pluto1,mouse B (Pluto),2025-10-22,3.0,60.0,560.0,10.49,27.16,0.08,0.838,8.31,14.04,6.43,11.06,10.42,9.24,4.24,3.32,
2101,0_first5minvedio,71.0,10_20251022_Pluto1,mouse B (Pluto),2025-10-22,0.0,5.0,505.0,12.16,18.62,0.0,0.927,10.64,4.02,8.06,5.71,12.05,4.92,17.06,9.91,5a
2101,1_20251031_Pluto_spont_1,71.0,10_20251022_Pluto1,mouse B (Pluto),2025-10-22,0.0,5.0,505.0,11.77,18.7,0.0,0.963,9.47,5.47,12.42,3.36,7.6,8.51,13.36,12.48,5a
2101,2_20251031_Pluto_spont_3,71.0,10_20251022_Pluto1,mouse B (Pluto),2025-10-22,0.0,5.0,505.0,7.55,16.85,0.02,0.947,10.24,2.43,3.6,2.95,5.21,1.74,4.9,5.8,5a
2101,3_20251031_Pluto_spont_2,71.0,10_20251022_Pluto1,mouse B (Pluto),2025-10-22,0.0,5.0,505.0,3.61,22.42,0.0,0.965,2.9,2.86,3.05,2.09,1.64,3.31,2.54,2.06,5a
2101,4_20251030_Pluto_spont_1,71.0,10_20251022_Pluto1,mouse B (Pluto),2025-10-22,0.0,5.0,505.0,16.53,34.29,0.02,0.897,15.69,14.73,24.56,9.24,3.03,2.22,5.0,2.94,5a
2101,5_20251029_Pluto_spont_1,71.0,10_20251022_Pluto1,mouse B (Pluto),2025-10-22,0.0,5.0,505.0,12.61,18.76,0.0,0.945,32.93,1.75,1.18,2.77,6.63,1.66,3.59,7.39,5a
2101,6_20251028_Pluto_spont_1,71.0,10_20251022_Pluto1,mouse B (Pluto),2025-10-22,0.0,5.0,505.0,7.5,12.95,0.0,0.885,13.15,1.75,2.25,3.05,5.07,3.57,4.2,5.53,5a
2101,7_20251027_Pluto_spont1,71.0,10_20251022_Pluto1,mouse B (Pluto),2025-10-22,0.0,5.0,505.0,5.63,8.88,0.0,0.985,8.21,2.09,1.6,3.12,8.02,1.45,2.94,3.77,5a
2101,8_20251024_Pluto_spont1,71.0,10_20251022_Pluto1,mouse B (Pluto),2025-10-22,0.0,5.0,505.0,18.61,50.88,0.12,0.761,21.66,24.04,16.08,12.62,6.05,10.87,3.69,4.4,5a
2101,9_20251023_Pluto1,71.0,10_20251022_Pluto1,mouse B (Pluto),2025-10-22,0.0,5.0,505.0,8.26,14.66,0.0,0.807,8.69,11.07,8.24,5.36,4.03,5.8,5.21,4.69,5a
2101,10_20251022_Pluto1,71.0,10_20251022_Pluto1,mouse B (Pluto),2025-10-22,0.0,5.0,505.0,15.01,26.22,0.04,0.688,10.33,16.6,9.05,10.99,10.17,14.8,3.99,3.23,5a
2102,0_first5minvedio,72.0,10_20251022_Pluto1,mouse B (Pluto),2025-10-22,0.0,5.0,505.0,11.57,17.49,0.0,0.957,11.63,5.16,7.5,5.25,11.36,4.93,15.94,11.45,5b
2102,1_20251031_Pluto_spont_1,72.0,10_20251022_Pluto1,mouse B (Pluto),2025-10-22,0.0,5.0,505.0,12.11,19.39,0.0,0.988,9.55,5.7,13.12,3.23,7.72,8.13,13.88,13.1,5b
2102,2_20251031_Pluto_spont_3,72.0,10_20251022_Pluto1,mouse B (Pluto),2025-10-22,0.0,5.0,505.0,7.37,13.94,0.02,0.935,11.6,2.19,3.59,2.98,6.46,1.52,4.47,5.42,5b
2102,3_20251031_Pluto_spont_2,72.0,10_20251022_Pluto1,mouse B (Pluto),2025-10-22,0.0,5.0,505.0,3.54,16.79,0.0,0.96,3.2,2.96,2.48,1.95,1.72,2.56,2.12,2.2,5b
2102,4_20251030_Pluto_spont_1,72.0,10_20251022_Pluto1,mouse B (Pluto),2025-10-22,0.0,5.0,505.0,16.1,33.86,0.04,0.843,15.74,14.24,23.92,9.13,2.86,1.62,3.9,3.45,5b
2102,5_20251029_Pluto_spont_1,72.0,10_20251022_Pluto1,mouse B (Pluto),2025-10-22,0.0,5.0,505.0,11.82,17.77,0.0,0.882,30.49,1.56,2.03,3.73,5.06,1.68,2.45,7.32,5b
2102,6_20251028_Pluto_spont_1,72.0,10_20251022_Pluto1,mouse B (Pluto),2025-10-22,0.0,5.0,505.0,8.79,14.81,0.0,0.895,9.39,1.98,2.14,5.13,6.21,3.91,4.37,5.63,5b
2102,7_20251027_Pluto_spont1,72.0,10_20251022_Pluto1,mouse B (Pluto),2025-10-22,0.0,5.0,505.0,6.9,10.28,0.0,0.943,12.71,1.8,1.84,4.13,8.92,1.67,2.9,5.46,5b
2102,8_20251024_Pluto_spont1,72.0,10_20251022_Pluto1,mouse B (Pluto),2025-10-22,0.0,5.0,505.0,17.62,35.94,0.04,0.748,19.41,23.34,15.01,13.88,4.92,9.98,3.05,4.8,5b
2102,9_20251023_Pluto1,72.0,10_20251022_Pluto1,mouse B (Pluto),2025-10-22,0.0,5.0,505.0,8.67,16.0,0.0,0.792,9.75,10.8,8.99,5.22,3.9,6.23,5.47,3.81,5b
2102,10_20251022_Pluto1,72.0,10_20251022_Pluto1,mouse B (Pluto),2025-10-22,0.0,5.0,505.0,12.5,26.43,0.02,0.708,16.48,12.76,6.34,13.23,10.29,8.47,3.49,2.26,5b
2103,0_first5minvedio,73.0,10_20251022_Pluto1,mouse B (Pluto),2025-10-22,0.0,10.0,510.0,12.25,17.91,0.0,0.972,10.96,4.47,7.55,5.83,12.63,5.4,17.14,10.15,10a
2103,1_20251031_Pluto_spont_1,73.0,10_20251022_Pluto1,mouse B (Pluto),2025-10-22,0.0,10.0,510.0,11.93,18.33,0.0,0.983,9.13,6.21,11.27,3.59,7.83,7.73,12.99,11.95,10a
2103,2_20251031_Pluto_spont_3,73.0,10_20251022_Pluto1,mouse B (Pluto),2025-10-22,0.0,10.0,510.0,6.74,11.58,0.02,0.924,10.02,2.49,3.43,3.12,6.18,1.72,4.16,4.91,10a
2103,3_20251031_Pluto_spont_2,73.0,10_20251022_Pluto1,mouse B (Pluto),2025-10-22,0.0,10.0,510.0,3.74,16.96,0.0,0.965,3.23,3.07,2.85,2.77,1.97,3.26,2.43,2.01,10a
2103,4_20251030_Pluto_spont_1,73.0,10_20251022_Pluto1,mouse B (Pluto),2025-10-22,0.0,10.0,510.0,15.59,31.83,0.04,0.907,14.32,15.48,25.2,9.27,3.59,3.1,3.4,3.13,10a
2103,5_20251029_Pluto_spont_1,73.0,10_20251022_Pluto1,mouse B (Pluto),2025-10-22,0.0,10.0,510.0,13.34,18.8,0.0,0.927,34.59,2.21,1.75,3.33,4.11,1.35,3.62,8.73,10a
2103,6_20251028_Pluto_spont_1,73.0,10_20251022_Pluto1,mouse B (Pluto),2025-10-22,0.0,10.0,510.0,7.95,11.57,0.0,0.892,7.83,1.8,2.18,4.22,7.1,1.84,3.2,5.74,10a
2103,7_20251027_Pluto_spont1,73.0,10_20251022_Pluto1,mouse B (Pluto),2025-10-22,0.0,10.0,510.0,6.64,9.37,0.0,0.985,10.03,2.8,1.67,5.04,11.61,1.24,2.53,7.07,10a
2103,8_20251024_Pluto_spont1,73.0,10_20251022_Pluto1,mouse B (Pluto),2025-10-22,0.0,10.0,510.0,18.83,61.06,0.18,0.763,22.26,21.79,18.63,12.46,5.54,10.25,3.41,3.56,10a
2103,9_20251023_Pluto1,73.0,10_20251022_Pluto1,mouse B (Pluto),2025-10-22,0.0,10.0,510.0,8.19,15.13,0.02,0.845,9.48,10.37,9.58,5.55,4.68,4.81,5.33,3.99,10a
2103,10_20251022_Pluto1,73.0,10_20251022_Pluto1,mouse B (Pluto),2025-10-22,0.0,10.0,510.0,11.7,39.86,0.08,0.705,11.9,11.71,8.04,11.14,8.81,10.05,4.52,3.35,10a
1114,0_first5minvedio,77.0,10_20251022_Pluto1,mouse B (Pluto),2025-10-22,4.0,80.0,580.0,12.2,17.91,0.0,0.952,12.18,4.32,7.77,5.7,11.78,5.32,16.82,10.6,
1114,1_20251031_Pluto_spont_1,77.0,10_20251022_Pluto1,mouse B (Pluto),2025-10-22,4.0,80.0,580.0,12.26,19.24,0.0,0.993,9.53,6.73,11.79,4.09,7.91,10.21,13.01,12.56,
1114,2_20251031_Pluto_spont_3,77.0,10_20251022_Pluto1,mouse B (Pluto),2025-10-22,4.0,80.0,580.0,7.85,14.86,0.02,0.94,13.46,2.13,3.52,3.08,6.11,1.52,3.71,4.38,
1114,3_20251031_Pluto_spont_2,77.0,10_20251022_Pluto1,mouse B (Pluto),2025-10-22,4.0,80.0,580.0,3.96,22.94,0.0,0.97,5.23,2.83,3.05,2.36,1.93,3.03,2.23,2.14,
1114,4_20251030_Pluto_spont_1,77.0,10_20251022_Pluto1,mouse B (Pluto),2025-10-22,4.0,80.0,580.0,16.06,29.01,0.0,0.925,15.07,14.9,24.72,9.45,3.29,2.45,3.63,2.7,
1114,5_20251029_Pluto_spont_1,77.0,10_20251022_Pluto1,mouse B (Pluto),2025-10-22,4.0,80.0,580.0,12.07,18.48,0.02,0.88,30.36,1.98,1.58,3.08,4.44,3.06,4.2,8.44,
1114,6_20251028_Pluto_spont_1,77.0,10_20251022_Pluto1,mouse B (Pluto),2025-10-22,4.0,80.0,580.0,7.63,12.14,0.0,0.84,11.06,2.12,1.59,4.49,4.99,11.62,2.92,5.91,
1114,7_20251027_Pluto_spont1,77.0,10_20251022_Pluto1,mouse B (Pluto),2025-10-22,4.0,80.0,580.0,6.46,9.47,0.0,0.96,11.4,2.51,2.02,5.56,9.95,1.47,2.54,5.41,
1114,8_20251024_Pluto_spont1,77.0,10_20251022_Pluto1,mouse B (Pluto),2025-10-22,4.0,80.0,580.0,23.38,194.33,0.32,0.756,25.76,29.29,30.25,12.16,5.59,10.3,3.24,4.13,
1114,9_20251023_Pluto1,77.0,10_20251022_Pluto1,mouse B (Pluto),2025-10-22,4.0,80.0,580.0,8.17,16.61,0.0,0.848,7.68,13.53,8.72,6.85,3.97,4.87,6.01,4.58,
1114,10_20251022_Pluto1,77.0,10_20251022_Pluto1,mouse B (Pluto),2025-10-22,4.0,80.0,580.0,10.76,188.73,0.12,0.895,8.52,14.56,7.28,10.64,11.46,8.88,3.59,3.51,
2104,0_first5minvedio,74.0,10_20251022_Pluto1,mouse B (Pluto),2025-10-22,0.0,10.0,510.0,12.15,16.86,0.0,0.977,12.3,4.68,6.86,5.47,12.21,5.66,17.15,10.18,10b
2104,1_20251031_Pluto_spont_1,74.0,10_20251022_Pluto1,mouse B (Pluto),2025-10-22,0.0,10.0,510.0,11.67,18.95,0.0,0.99,8.92,5.93,13.11,3.65,7.97,7.06,13.32,11.74,10b
2104,2_20251031_Pluto_spont_3,74.0,10_20251022_Pluto1,mouse B (Pluto),2025-10-22,0.0,10.0,510.0,7.23,18.08,0.0,0.924,15.33,2.39,3.62,2.51,5.17,1.52,3.96,4.38,10b
2104,3_20251031_Pluto_spont_2,74.0,10_20251022_Pluto1,mouse B (Pluto),2025-10-22,0.0,10.0,510.0,3.68,10.14,0.0,0.96,4.07,3.11,2.56,1.79,1.05,2.75,2.04,2.05,10b
2104,4_20251030_Pluto_spont_1,74.0,10_20251022_Pluto1,mouse B (Pluto),2025-10-22,0.0,10.0,510.0,16.86,33.92,0.02,0.805,17.79,14.89,28.59,9.56,3.05,2.38,3.65,2.66,10b
2104,5_20251029_Pluto_spont_1,74.0,10_20251022_Pluto1,mouse B (Pluto),2025-10-22,0.0,10.0,510.0,12.06,18.41,0.02,0.955,31.76,1.91,1.81,2.54,3.74,2.02,5.18,7.36,10b
2104,6_20251028_Pluto_spont_1,74.0,10_20251022_Pluto1,mouse B (Pluto),2025-10-22,0.0,10.0,510.0,7.64,14.71,0.0,0.9,9.23,2.7,1.44,4.93,6.61,2.98,4.46,5.75,10b
2104,7_20251027_Pluto_spont1,74.0,10_20251022_Pluto1,mouse B (Pluto),2025-10-22,0.0,10.0,510.0,6.65,9.88,0.0,0.907,11.58,2.36,2.56,4.43,10.28,1.39,2.62,4.54,10b
2104,8_20251024_Pluto_spont1,74.0,10_20251022_Pluto1,mouse B (Pluto),2025-10-22,0.0,10.0,510.0,20.71,45.24,0.02,0.831,19.3,18.72,17.83,11.42,5.88,11.49,3.4,3.94,10b
2104,9_20251023_Pluto1,74.0,10_20251022_Pluto1,mouse B (Pluto),2025-10-22,0.0,10.0,510.0,9.32,15.01,0.0,0.86,9.57,14.47,8.36,4.31,5.28,5.16,5.68,3.32,10b
2104,10_20251022_Pluto1,74.0,10_20251022_Pluto1,mouse B (Pluto),2025-10-22,0.0,10.0,510.0,13.08,29.52,0.02,0.853,15.32,15.15,5.93,15.38,10.21,7.85,3.36,2.25,10b
2061,0_first5minvedio,49.0,6_20251028_Pluto_spont_1,mouse B (Pluto),2025-10-28,0.0,5.0,385.0,11.67,17.31,0.0,0.955,12.34,3.82,8.11,5.05,11.72,4.75,18.39,10.52,5a
2061,1_20251031_Pluto_spont_1,49.0,6_20251028_Pluto_spont_1,mouse B (Pluto),2025-10-28,0.0,5.0,385.0,11.69,19.18,0.0,0.98,9.54,5.43,11.89,3.48,8.4,7.89,13.38,11.76,5a
2061,2_20251031_Pluto_spont_3,49.0,6_20251028_Pluto_spont_1,mouse B (Pluto),2025-10-28,0.0,5.0,385.0,7.97,18.1,0.0,0.917,10.94,1.85,3.92,2.61,5.39,1.3,3.71,4.94,5a
2061,3_20251031_Pluto_spont_2,49.0,6_20251028_Pluto_spont_1,mouse B (Pluto),2025-10-28,0.0,5.0,385.0,3.6,22.84,0.0,0.965,4.27,2.71,2.41,2.05,1.76,2.04,1.98,1.97,5a
2061,4_20251030_Pluto_spont_1,49.0,6_20251028_Pluto_spont_1,mouse B (Pluto),2025-10-28,0.0,5.0,385.0,15.09,26.62,0.02,0.91,16.22,15.22,19.33,8.86,2.38,2.26,2.81,2.77,5a
2061,5_20251029_Pluto_spont_1,49.0,6_20251028_Pluto_spont_1,mouse B (Pluto),2025-10-28,0.0,5.0,385.0,13.23,18.68,0.0,0.907,34.27,2.62,1.39,2.85,3.07,1.5,4.43,7.45,5a
2061,6_20251028_Pluto_spont_1,49.0,6_20251028_Pluto_spont_1,mouse B (Pluto),2025-10-28,0.0,5.0,385.0,6.73,12.87,0.0,0.84,5.26,1.95,1.8,5.2,4.4,2.04,3.64,6.35,5a
2061,7_20251027_Pluto_spont1,49.0,6_20251028_Pluto_spont_1,mouse B (Pluto),2025-10-28,0.0,5.0,385.0,4.96,8.21,0.0,0.843,7.68,2.65,1.77,3.39,5.24,1.3,4.84,5.84,5a
2061,8_20251024_Pluto_spont1,49.0,6_20251028_Pluto_spont_1,mouse B (Pluto),2025-10-28,0.0,5.0,385.0,45.74,192.71,0.4,0.554,25.78,24.24,78.2,15.35,8.1,16.32,2.11,4.5,5a
2061,9_20251023_Pluto1,49.0,6_20251028_Pluto_spont_1,mouse B (Pluto),2025-10-28,0.0,5.0,385.0,23.43,131.08,0.36,0.497,5.41,20.88,54.02,4.13,4.8,3.44,13.21,3.9,5a
2061,10_20251022_Pluto1,49.0,6_20251028_Pluto_spont_1,mouse B (Pluto),2025-10-28,0.0,5.0,385.0,19.04,29.68,0.04,0.598,24.26,16.07,7.64,14.93,19.76,19.41,5.58,2.38,5a
2062,0_first5minvedio,50.0,6_20251028_Pluto_spont_1,mouse B (Pluto),2025-10-28,0.0,5.0,385.0,12.72,18.88,0.0,0.962,11.4,4.09,7.36,5.6,11.94,5.26,17.18,11.49,5b
2062,1_20251031_Pluto_spont_1,50.0,6_20251028_Pluto_spont_1,mouse B (Pluto),2025-10-28,0.0,5.0,385.0,11.31,19.89,0.0,0.99,9.26,6.78,12.11,3.67,7.97,8.41,12.68,12.45,5b
2062,2_20251031_Pluto_spont_3,50.0,6_20251028_Pluto_spont_1,mouse B (Pluto),2025-10-28,0.0,5.0,385.0,7.54,21.03,0.0,0.937,13.63,1.93,3.73,3.32,5.33,1.31,3.1,5.78,5b
2062,3_20251031_Pluto_spont_2,50.0,6_20251028_Pluto_spont_1,mouse B (Pluto),2025-10-28,0.0,5.0,385.0,3.56,16.64,0.0,0.965,4.3,2.88,2.49,1.78,1.81,2.94,1.97,1.65,5b
2062,4_20251030_Pluto_spont_1,50.0,6_20251028_Pluto_spont_1,mouse B (Pluto),2025-10-28,0.0,5.0,385.0,15.93,25.92,0.0,0.922,15.98,14.74,17.55,9.52,3.17,2.17,2.42,3.37,5b
2062,5_20251029_Pluto_spont_1,50.0,6_20251028_Pluto_spont_1,mouse B (Pluto),2025-10-28,0.0,5.0,385.0,15.76,19.88,0.0,0.872,34.17,1.85,1.58,4.81,3.86,1.64,3.36,5.09,5b
2062,6_20251028_Pluto_spont_1,50.0,6_20251028_Pluto_spont_1,mouse B (Pluto),2025-10-28,0.0,5.0,385.0,12.84,27.08,0.02,0.767,10.22,2.97,1.85,27.32,7.85,2.81,3.93,4.87,5b
2062,7_20251027_Pluto_spont1,50.0,6_20251028_Pluto_spont_1,mouse B (Pluto),2025-10-28,0.0,5.0,385.0,5.65,8.7,0.0,0.877,8.01,3.02,1.67,5.4,5.53,1.07,2.54,5.96,5b
2062,8_20251024_Pluto_spont1,50.0,6_20251028_Pluto_spont_1,mouse B (Pluto),2025-10-28,0.0,5.0,385.0,34.8,52.77,0.18,0.567,30.1,25.82,83.24,12.82,3.98,13.52,3.2,6.38,5b
2062,9_20251023_Pluto1,50.0,6_20251028_Pluto_spont_1,mouse B (Pluto),2025-10-28,0.0,5.0,385.0,12.7,133.09,0.2,0.46,7.49,16.63,12.84,4.47,5.74,5.74,9.3,3.27,5b
2062,10_20251022_Pluto1,50.0,6_20251028_Pluto_spont_1,mouse B (Pluto),2025-10-28,0.0,5.0,385.0,18.86,36.03,0.08,0.55,26.64,14.97,6.62,15.11,13.86,17.82,7.54,2.52,5b
2063,0_first5minvedio,51.0,6_20251028_Pluto_spont_1,mouse B (Pluto),2025-10-28,0.0,10.0,390.0,11.78,16.53,0.0,0.942,12.15,4.5,7.57,4.46,12.21,5.91,14.75,9.14,10a
2063,1_20251031_Pluto_spont_1,51.0,6_20251028_Pluto_spont_1,mouse B (Pluto),2025-10-28,0.0,10.0,390.0,11.64,19.53,0.0,0.99,9.07,5.68,12.21,3.32,8.65,7.63,13.15,13.28,10a
2063,2_20251031_Pluto_spont_3,51.0,6_20251028_Pluto_spont_1,mouse B (Pluto),2025-10-28,0.0,10.0,390.0,6.76,13.65,0.0,0.96,12.53,2.02,3.9,3.41,5.74,1.26,4.26,4.58,10a
2063,3_20251031_Pluto_spont_2,51.0,6_20251028_Pluto_spont_1,mouse B (Pluto),2025-10-28,0.0,10.0,390.0,3.57,21.44,0.0,0.957,4.46,2.26,2.08,1.76,1.84,2.61,1.77,1.76,10a
2063,4_20251030_Pluto_spont_1,51.0,6_20251028_Pluto_spont_1,mouse B (Pluto),2025-10-28,0.0,10.0,390.0,14.87,25.61,0.04,0.78,13.99,15.15,19.4,9.38,2.05,1.81,3.52,2.88,10a
2063,5_20251029_Pluto_spont_1,51.0,6_20251028_Pluto_spont_1,mouse B (Pluto),2025-10-28,0.0,10.0,390.0,14.51,19.39,0.0,0.93,33.93,1.65,1.78,3.37,5.17,1.5,4.53,8.55,10a
2063,6_20251028_Pluto_spont_1,51.0,6_20251028_Pluto_spont_1,mouse B (Pluto),2025-10-28,0.0,10.0,390.0,7.63,10.68,0.0,0.87,10.01,2.17,1.46,5.47,8.54,1.78,3.79,5.97,10a
2063,7_20251027_Pluto_spont1,51.0,6_20251028_Pluto_spont_1,mouse B (Pluto),2025-10-28,0.0,10.0,390.0,6.09,9.16,0.0,0.81,9.26,2.31,1.3,7.03,6.55,1.69,2.95,7.16,10a
2063,8_20251024_Pluto_spont1,51.0,6_20251028_Pluto_spont_1,mouse B (Pluto),2025-10-28,0.0,10.0,390.0,39.63,194.38,0.3,0.599,30.71,28.18,85.84,13.97,4.68,13.35,2.75,3.39,10a
2063,9_20251023_Pluto1,51.0,6_20251028_Pluto_spont_1,mouse B (Pluto),2025-10-28,0.0,10.0,390.0,19.16,156.35,0.28,0.455,6.77,19.4,15.63,5.19,4.86,3.55,10.08,4.32,10a
2063,10_20251022_Pluto1,51.0,6_20251028_Pluto_spont_1,mouse B (Pluto),2025-10-28,0.0,10.0,390.0,16.52,25.75,0.04,0.557,27.89,18.22,7.33,9.71,12.97,12.93,5.95,3.21,10a
2064,0_first5minvedio,52.0,6_20251028_Pluto_spont_1,mouse B (Pluto),2025-10-28,0.0,10.0,390.0,11.99,17.76,0.0,0.96,11.75,3.97,7.13,4.57,11.36,5.34,17.03,9.28,10b
2064,1_20251031_Pluto_spont_1,52.0,6_20251028_Pluto_spont_1,mouse B (Pluto),2025-10-28,0.0,10.0,390.0,11.68,19.33,0.0,0.99,8.99,7.24,12.72,3.57,8.34,8.27,13.24,12.1,10b
2064,2_20251031_Pluto_spont_3,52.0,6_20251028_Pluto_spont_1,mouse B (Pluto),2025-10-28,0.0,10.0,390.0,7.75,19.58,0.0,0.94,12.9,1.97,3.39,3.11,4.54,1.05,3.55,5.15,10b
2064,3_20251031_Pluto_spont_2,52.0,6_20251028_Pluto_spont_1,mouse B (Pluto),2025-10-28,0.0,10.0,390.0,3.72,22.27,0.0,0.967,4.83,2.18,2.35,1.5,1.75,2.9,2.05,1.49,10b
2064,4_20251030_Pluto_spont_1,52.0,6_20251028_Pluto_spont_1,mouse B (Pluto),2025-10-28,0.0,10.0,390.0,14.33,23.65,0.02,0.835,15.45,16.01,22.3,8.63,2.68,2.18,3.38,2.79,10b
2064,5_20251029_Pluto_spont_1,52.0,6_20251028_Pluto_spont_1,mouse B (Pluto),2025-10-28,0.0,10.0,390.0,12.47,18.45,0.0,0.922,30.9,1.69,1.52,4.06,4.44,1.41,3.83,6.86,10b
2064,6_20251028_Pluto_spont_1,52.0,6_20251028_Pluto_spont_1,mouse B (Pluto),2025-10-28,0.0,10.0,390.0,10.11,14.53,0.02,0.782,18.13,2.08,1.54,4.5,10.35,2.8,2.99,4.63,10b
2064,7_20251027_Pluto_spont1,52.0,6_20251028_Pluto_spont_1,mouse B (Pluto),2025-10-28,0.0,10.0,390.0,7.67,9.77,0.0,0.845,5.42,4.14,2.02,6.55,9.04,1.26,2.95,7.57,10b
2064,8_20251024_Pluto_spont1,52.0,6_20251028_Pluto_spont_1,mouse B (Pluto),2025-10-28,0.0,10.0,390.0,31.93,191.63,0.28,0.519,31.66,26.07,68.07,17.61,4.47,14.0,2.82,3.9,10b
2064,9_20251023_Pluto1,52.0,6_20251028_Pluto_spont_1,mouse B (Pluto),2025-10-28,0.0,10.0,390.0,16.4,155.63,0.2,0.37,7.66,18.71,17.48,3.7,6.58,4.17,9.35,4.83,10b
2064,10_20251022_Pluto1,52.0,6_20251028_Pluto_spont_1,mouse B (Pluto),2025-10-28,0.0,10.0,390.0,16.56,26.11,0.04,0.487,24.53,18.66,7.0,12.75,16.17,13.65,3.16,3.27,10b
971,11_20251017_Terra_spont_1,0.0,0_first5minvedio,mouse A,5-min recording,0.0,5.0,5.0,171.8,202.62,1.0,0.007,100.26,221.21,79.87,166.95,111.31,219.07,154.02,168.55,5a
972,11_20251017_Terra_spont_1,1.0,0_first5minvedio,mouse A,5-min recording,0.0,5.0,5.0,283.71,336.87,1.0,0.0,302.21,449.54,197.35,88.68,285.2,441.05,61.57,36.9,5b
973,11_20251017_Terra_spont_1,2.0,0_first5minvedio,mouse A,5-min recording,0.0,10.0,10.0,340.0,452.15,1.0,0.018,331.84,304.96,241.27,355.68,317.74,41.87,33.69,499.4,10a
974,11_20251017_Terra_spont_1,3.0,0_first5minvedio,mouse A,5-min recording,0.0,10.0,10.0,314.5,404.14,1.0,0.03,499.02,522.16,72.34,90.43,305.57,399.83,30.13,53.06,10b
111,11_20251017_Terra_spont_1,4.0,0_first5minvedio,mouse A,5-min recording,1.0,20.0,20.0,312.98,385.95,1.0,0.028,55.78,332.66,492.05,79.84,74.31,29.09,37.53,39.81,
112,11_20251017_Terra_spont_1,5.0,0_first5minvedio,mouse A,5-min recording,2.0,40.0,40.0,145.01,248.05,0.98,0.005,89.18,10.44,254.62,79.18,174.94,13.02,21.88,32.53,
113,11_20251017_Terra_spont_1,6.0,0_first5minvedio,mouse A,5-min recording,3.0,60.0,60.0,166.04,278.56,1.0,0.07,100.65,10.01,278.59,162.54,202.58,11.7,84.93,38.04,
114,11_20251017_Terra_spont_1,7.0,0_first5minvedio,mouse A,5-min recording,4.0,80.0,80.0,266.79,378.03,0.98,0.035,107.38,453.29,316.29,84.42,82.63,12.54,36.08,37.06,
115,11_20251017_Terra_spont_1,8.0,0_first5minvedio,mouse A,5-min recording,5.0,100.0,100.0,223.36,274.04,0.98,0.122,102.51,7.73,23.55,74.89,83.61,10.03,59.77,597.91,
967,11_20251017_Terra_spont_1,9.0,1_20251031_Pluto_spont_1,mouse B (Pluto),2025-10-31,0.0,5.0,105.0,206.37,295.68,1.0,0.072,228.89,8.79,298.42,76.0,163.4,7.71,25.48,49.67,5a
968,11_20251017_Terra_spont_1,10.0,1_20251031_Pluto_spont_1,mouse B (Pluto),2025-10-31,0.0,5.0,105.0,195.18,327.57,0.88,0.087,117.56,19.63,15.26,77.73,102.49,9.88,24.76,36.39,5b
969,11_20251017_Terra_spont_1,11.0,1_20251031_Pluto_spont_1,mouse B (Pluto),2025-10-31,0.0,10.0,110.0,226.79,312.63,1.0,0.077,312.6,4.82,297.43,46.04,301.62,12.53,41.28,28.13,10a
970,11_20251017_Terra_spont_1,12.0,1_20251031_Pluto_spont_1,mouse B (Pluto),2025-10-31,0.0,10.0,110.0,142.75,298.23,0.92,0.083,105.19,8.86,8.3,275.65,87.23,10.83,22.8,27.92,10b
211,11_20251017_Terra_spont_1,13.0,1_20251031_Pluto_spont_1,mouse B (Pluto),2025-10-31,1.0,20.0,120.0,281.63,335.25,0.98,0.165,315.82,5.39,10.66,74.83,293.15,11.37,83.24,605.28,
212,11_20251017_Terra_spont_1,14.0,1_20251031_Pluto_spont_1,mouse B (Pluto),2025-10-31,2.0,40.0,140.0,184.0,301.39,1.0,0.19,325.92,7.96,8.56,84.52,84.01,8.12,83.63,29.73,
213,11_20251017_Terra_spont_1,15.0,1_20251031_Pluto_spont_1,mouse B (Pluto),2025-10-31,3.0,60.0,160.0,165.55,229.85,0.86,0.233,156.79,10.6,4.28,84.63,43.28,6.59,21.78,21.62,
214,11_20251017_Terra_spont_1,16.0,1_20251031_Pluto_spont_1,mouse B (Pluto),2025-10-31,4.0,80.0,180.0,230.04,334.69,0.98,0.105,421.2,7.39,7.38,75.3,258.38,9.45,35.01,25.63,
225,11_20251017_Terra_spont_1,17.0,1_20251031_Pluto_spont_1,mouse B (Pluto),2025-10-31,5.0,100.0,200.0,153.09,246.31,0.84,0.245,149.88,12.15,3.66,81.62,47.09,8.88,19.39,24.13,
216,11_20251017_Terra_spont_1,18.0,1_20251031_Pluto_spont_1,mouse B (Pluto),2025-10-31,6.0,120.0,220.0,170.78,263.92,0.8,0.205,122.39,10.77,3.5,69.99,39.64,5.97,77.27,30.59,
217,11_20251017_Terra_spont_1,19.0,1_20251031_Pluto_spont_1,mouse B (Pluto),2025-10-31,7.0,140.0,240.0,76.23,172.66,0.78,0.305,9.02,11.81,4.64,52.32,25.15,5.55,206.36,22.2,
963,11_20251017_Terra_spont_1,20.0,2_20251031_Pluto_spont_3,mouse B (Pluto),2025-10-31,0.0,5.0,205.0,61.57,116.07,0.64,0.273,100.13,8.17,4.77,76.79,66.8,8.7,55.15,23.8,5a
964,11_20251017_Terra_spont_1,21.0,2_20251031_Pluto_spont_3,mouse B (Pluto),2025-10-31,0.0,5.0,205.0,73.47,266.23,0.74,0.287,113.76,11.62,4.91,82.85,88.6,8.31,39.06,24.97,5b
965,11_20251017_Terra_spont_1,22.0,2_20251031_Pluto_spont_3,mouse B (Pluto),2025-10-31,0.0,10.0,210.0,150.19,223.68,0.9,0.188,316.1,12.89,3.73,75.19,24.57,7.48,93.9,17.15,10a
966,11_20251017_Terra_spont_1,23.0,2_20251031_Pluto_spont_3,mouse B (Pluto),2025-10-31,0.0,10.0,210.0,125.42,224.61,0.7,0.21,194.71,16.61,3.8,73.17,40.67,6.32,16.99,17.73,10b
321,11_20251017_Terra_spont_1,24.0,2_20251031_Pluto_spont_3,mouse B (Pluto),2025-10-31,1.0,20.0,220.0,102.87,306.77,0.78,0.168,37.68,10.35,3.88,76.75,41.36,8.22,42.06,37.19,
322,11_20251017_Terra_spont_1,25.0,2_20251031_Pluto_spont_3,mouse B (Pluto),2025-10-31,2.0,40.0,240.0,48.93,172.65,0.48,0.19,35.27,11.17,6.01,78.87,35.85,6.86,25.37,21.59,
323,11_20251017_Terra_spont_1,26.0,2_20251031_Pluto_spont_3,mouse B (Pluto),2025-10-31,3.0,60.0,260.0,183.32,250.53,0.9,0.365,120.39,12.96,6.97,392.57,95.78,5.52,25.29,17.85,
324,11_20251017_Terra_spont_1,27.0,2_20251031_Pluto_spont_3,mouse B (Pluto),2025-10-31,4.0,80.0,280.0,61.29,176.6,0.66,0.285,34.59,13.12,6.99,72.44,48.98,7.49,24.34,20.22,
959,11_20251017_Terra_spont_1,28.0,3_20251031_Pluto_spont_2,mouse B (Pluto),2025-10-31,0.0,5.0,265.0,57.71,212.92,0.58,0.25,91.66,9.33,4.23,73.44,12.25,7.67,21.77,21.15,5a
960,11_20251017_Terra_spont_1,29.0,3_20251031_Pluto_spont_2,mouse B (Pluto),2025-10-31,0.0,5.0,265.0,104.42,226.82,0.58,0.26,25.99,10.34,4.32,75.78,35.8,8.63,16.96,25.28,5b
961,11_20251017_Terra_spont_1,30.0,3_20251031_Pluto_spont_2,mouse B (Pluto),2025-10-31,0.0,10.0,270.0,85.12,219.59,0.58,0.177,35.15,15.07,4.28,76.28,39.79,5.49,32.71,19.42,10a
962,11_20251017_Terra_spont_1,31.0,3_20251031_Pluto_spont_2,mouse B (Pluto),2025-10-31,0.0,10.0,270.0,175.42,275.46,0.76,0.098,34.43,7.99,3.18,73.68,409.77,8.15,16.84,23.8,10b
411,11_20251017_Terra_spont_1,32.0,3_20251031_Pluto_spont_2,mouse B (Pluto),2025-10-31,1.0,20.0,280.0,52.49,219.46,0.52,0.33,89.48,10.22,4.48,71.56,29.39,8.14,18.12,18.9,
422,11_20251017_Terra_spont_1,33.0,3_20251031_Pluto_spont_2,mouse B (Pluto),2025-10-31,2.0,40.0,300.0,75.7,221.16,0.6,0.253,35.62,13.59,2.58,23.22,40.21,8.34,14.69,20.63,
423,11_20251017_Terra_spont_1,34.0,3_20251031_Pluto_spont_2,mouse B (Pluto),2025-10-31,3.0,60.0,320.0,154.42,238.95,0.64,0.318,26.38,9.61,5.28,63.93,16.05,6.17,90.85,22.07,
955,11_20251017_Terra_spont_1,35.0,4_20251030_Pluto_spont_1,mouse B (Pluto),2025-10-30,0.0,5.0,325.0,55.3,169.46,0.54,0.38,116.91,9.09,4.96,18.18,28.8,4.52,13.75,19.58,5a
956,11_20251017_Terra_spont_1,36.0,4_20251030_Pluto_spont_1,mouse B (Pluto),2025-10-30,0.0,5.0,325.0,28.19,151.36,0.26,0.307,22.48,10.21,3.43,16.08,12.03,5.86,13.52,21.47,5b
957,11_20251017_Terra_spont_1,37.0,4_20251030_Pluto_spont_1,mouse B (Pluto),2025-10-30,0.0,10.0,330.0,46.73,192.15,0.46,0.32,34.17,10.39,3.58,17.53,12.53,6.65,19.84,21.67,10a
958,11_20251017_Terra_spont_1,38.0,4_20251030_Pluto_spont_1,mouse B (Pluto),2025-10-30,0.0,10.0,330.0,49.33,154.93,0.48,0.367,34.93,7.89,4.72,22.85,33.13,6.85,15.89,22.54,10b
531,11_20251017_Terra_spont_1,39.0,4_20251030_Pluto_spont_1,mouse B (Pluto),2025-10-30,1.0,20.0,340.0,104.17,178.53,0.84,0.287,138.36,10.89,5.13,20.09,101.01,6.98,114.02,14.91,
532,11_20251017_Terra_spont_1,40.0,4_20251030_Pluto_spont_1,mouse B (Pluto),2025-10-30,2.0,40.0,360.0,169.13,246.72,0.7,0.26,144.58,9.01,4.13,79.93,31.02,7.17,16.58,20.93,
533,11_20251017_Terra_spont_1,41.0,4_20251030_Pluto_spont_1,mouse B (Pluto),2025-10-30,3.0,60.0,380.0,52.91,177.61,0.58,0.32,123.17,8.82,4.85,19.46,39.47,6.0,13.36,20.54,
534,11_20251017_Terra_spont_1,42.0,4_20251030_Pluto_spont_1,mouse B (Pluto),2025-10-30,4.0,80.0,400.0,164.55,227.86,0.66,0.282,11.21,9.75,7.27,28.13,23.24,8.53,251.89,20.49,
951,11_20251017_Terra_spont_1,43.0,5_20251029_Pluto_spont_1,mouse B (Pluto),2025-10-29,0.0,5.0,365.0,28.82,77.01,0.26,0.37,13.62,9.18,5.13,20.1,10.45,8.12,25.81,19.25,5a
952,11_20251017_Terra_spont_1,44.0,5_20251029_Pluto_spont_1,mouse B (Pluto),2025-10-29,0.0,5.0,365.0,170.36,209.2,0.8,0.237,104.86,7.64,5.1,34.28,11.5,8.49,462.77,23.02,5b
953,11_20251017_Terra_spont_1,45.0,5_20251029_Pluto_spont_1,mouse B (Pluto),2025-10-29,0.0,10.0,370.0,32.09,162.69,0.18,0.25,13.55,8.17,4.1,73.22,15.58,7.51,11.08,24.94,10a
954,11_20251017_Terra_spont_1,46.0,5_20251029_Pluto_spont_1,mouse B (Pluto),2025-10-29,0.0,10.0,370.0,20.41,57.5,0.18,0.255,9.96,7.61,3.47,26.9,16.47,6.49,19.47,21.76,10b
631,11_20251017_Terra_spont_1,47.0,5_20251029_Pluto_spont_1,mouse B (Pluto),2025-10-29,1.0,20.0,380.0,52.99,193.42,0.52,0.205,12.66,5.55,5.94,76.95,22.88,8.29,17.82,20.27,
632,11_20251017_Terra_spont_1,48.0,5_20251029_Pluto_spont_1,mouse B (Pluto),2025-10-29,2.0,40.0,400.0,73.5,179.02,0.54,0.212,13.0,6.05,3.94,70.92,12.22,9.78,14.75,21.92,
2061,11_20251017_Terra_spont_1,49.0,6_20251028_Pluto_spont_1,mouse B (Pluto),2025-10-28,0.0,5.0,385.0,24.1,92.43,0.16,0.535,23.05,9.45,5.02,21.35,13.63,5.37,20.15,20.2,5a
2062,11_20251017_Terra_spont_1,50.0,6_20251028_Pluto_spont_1,mouse B (Pluto),2025-10-28,0.0,5.0,385.0,50.57,132.19,0.5,0.427,106.12,4.88,3.98,13.21,28.93,7.26,11.52,15.27,5b
2063,11_20251017_Terra_spont_1,51.0,6_20251028_Pluto_spont_1,mouse B (Pluto),2025-10-28,0.0,10.0,390.0,34.14,199.84,0.36,0.328,20.05,6.7,4.19,25.19,32.87,7.1,22.14,16.88,10a
2064,11_20251017_Terra_spont_1,52.0,6_20251028_Pluto_spont_1,mouse B (Pluto),2025-10-28,0.0,10.0,390.0,166.95,177.57,0.68,0.393,50.51,6.14,4.33,28.99,40.86,6.41,460.61,18.27,10b
711,11_20251017_Terra_spont_1,53.0,6_20251028_Pluto_spont_1,mouse B (Pluto),2025-10-28,1.0,20.0,400.0,64.12,180.49,0.52,0.188,15.94,7.78,3.52,29.07,16.85,7.45,25.68,18.11,
712,11_20251017_Terra_spont_1,54.0,6_20251028_Pluto_spont_1,mouse B (Pluto),2025-10-28,2.0,40.0,420.0,31.79,170.81,0.32,0.468,37.56,5.45,3.91,25.66,38.35,7.63,10.53,16.16,
713,11_20251017_Terra_spont_1,55.0,6_20251028_Pluto_spont_1,mouse B (Pluto),2025-10-28,3.0,60.0,440.0,31.04,164.94,0.36,0.207,17.38,9.35,3.9,37.21,8.89,7.15,12.64,18.7,
811,11_20251017_Terra_spont_1,56.0,7_20251027_Pluto_spont1,mouse B (Pluto),2025-10-27,1.0,20.0,420.0,45.43,125.96,0.38,0.33,84.72,8.31,4.39,25.18,37.99,5.79,19.06,15.95,
812,11_20251017_Terra_spont_1,57.0,7_20251027_Pluto_spont1,mouse B (Pluto),2025-10-27,2.0,40.0,440.0,39.27,171.9,0.16,0.318,50.68,7.46,3.62,72.1,38.01,5.84,14.99,22.34,
2081,11_20251017_Terra_spont_1,58.0,8_20251024_Pluto_spont1,mouse B (Pluto),2025-10-24,0.0,5.0,405.0,34.85,142.73,0.26,0.362,33.63,8.23,4.16,18.74,13.61,7.54,14.74,23.25,5a
2082,11_20251017_Terra_spont_1,59.0,8_20251024_Pluto_spont1,mouse B (Pluto),2025-10-24,0.0,5.0,405.0,135.22,204.39,0.62,0.233,19.32,6.49,4.8,15.94,241.46,7.78,12.28,23.99,5b
2083,11_20251017_Terra_spont_1,60.0,8_20251024_Pluto_spont1,mouse B (Pluto),2025-10-24,0.0,10.0,410.0,23.2,95.56,0.28,0.438,16.39,8.67,4.68,18.8,32.29,5.96,20.62,20.12,10a
2084,11_20251017_Terra_spont_1,61.0,8_20251024_Pluto_spont1,mouse B (Pluto),2025-10-24,0.0,10.0,410.0,31.58,111.17,0.22,0.412,9.26,9.88,4.45,72.48,12.79,4.62,15.86,20.62,10b
911,11_20251017_Terra_spont_1,62.0,8_20251024_Pluto_spont1,mouse B (Pluto),2025-10-24,1.0,20.0,420.0,19.01,163.83,0.14,0.295,7.16,8.92,5.74,16.31,11.18,6.49,16.32,20.78,
912,11_20251017_Terra_spont_1,63.0,8_20251024_Pluto_spont1,mouse B (Pluto),2025-10-24,2.0,40.0,440.0,136.52,142.89,0.7,0.312,17.53,7.26,4.06,378.79,32.72,6.35,14.63,18.49,
913,11_20251017_Terra_spont_1,64.0,8_20251024_Pluto_spont1,mouse B (Pluto),2025-10-24,3.0,60.0,460.0,52.42,74.74,0.6,0.28,112.27,7.19,3.25,10.19,90.81,6.14,15.01,25.03,
2091,11_20251017_Terra_spont_1,65.0,9_20251023_Pluto1,mouse B (Pluto),2025-10-23,0.0,5.0,425.0,32.53,172.78,0.4,0.297,8.03,6.87,5.05,16.68,33.6,7.42,21.05,18.34,5a
2092,11_20251017_Terra_spont_1,66.0,9_20251023_Pluto1,mouse B (Pluto),2025-10-23,0.0,5.0,425.0,21.75,172.91,0.24,0.443,14.73,6.85,5.13,20.05,13.9,10.33,17.59,19.91,5b
2093,11_20251017_Terra_spont_1,67.0,9_20251023_Pluto1,mouse B (Pluto),2025-10-23,0.0,10.0,430.0,20.38,169.94,0.2,0.33,8.78,7.15,2.98,30.75,22.43,5.31,17.01,21.5,10a
2094,11_20251017_Terra_spont_1,68.0,9_20251023_Pluto1,mouse B (Pluto),2025-10-23,0.0,10.0,430.0,29.86,172.35,0.36,0.35,9.66,6.82,3.22,25.88,11.5,7.63,19.09,20.29,10b
1011,11_20251017_Terra_spont_1,69.0,9_20251023_Pluto1,mouse B (Pluto),2025-10-23,1.0,20.0,440.0,19.79,38.72,0.08,0.355,10.66,8.26,3.48,27.58,18.48,3.89,12.49,18.75,
1012,11_20251017_Terra_spont_1,70.0,9_20251023_Pluto1,mouse B (Pluto),2025-10-23,2.0,40.0,460.0,108.28,182.35,0.68,0.295,40.79,6.61,4.91,22.43,32.5,7.05,20.2,19.88,
1013,11_20251017_Terra_spont_1,71.0,9_20251023_Pluto1,mouse B (Pluto),2025-10-23,3.0,60.0,480.0,18.72,165.01,0.24,0.242,8.84,5.32,4.57,13.95,25.95,5.84,16.77,20.77,
1014,11_20251017_Terra_spont_1,72.0,9_20251023_Pluto1,mouse B (Pluto),2025-10-23,4.0,80.0,500.0,30.76,136.61,0.42,0.42,31.71,6.7,3.12,28.25,11.74,6.44,17.7,17.83,
1015,11_20251017_Terra_spont_1,73.0,9_20251023_Pluto1,mouse B (Pluto),2025-10-23,5.0,100.0,520.0,23.12,165.64,0.24,0.405,13.41,5.84,3.79,10.8,27.05,6.28,29.23,20.07,
1016,11_20251017_Terra_spont_1,74.0,9_20251023_Pluto1,mouse B (Pluto),2025-10-23,6.0,120.0,540.0,24.27,164.59,0.16,0.425,25.97,3.55,3.53,8.58,36.55,4.87,15.97,16.69,
2101,11_20251017_Terra_spont_1,75.0,10_20251022_Pluto1,mouse B (Pluto),2025-10-22,0.0,5.0,505.0,21.98,88.18,0.16,0.345,17.48,6.53,4.44,17.69,13.22,4.81,11.81,20.2,5a
2102,11_20251017_Terra_spont_1,76.0,10_20251022_Pluto1,mouse B (Pluto),2025-10-22,0.0,5.0,505.0,24.47,174.63,0.36,0.297,8.22,6.3,4.72,18.27,38.8,9.86,12.65,19.74,5b
2103,11_20251017_Terra_spont_1,77.0,10_20251022_Pluto1,mouse B (Pluto),2025-10-22,0.0,10.0,510.0,41.03,148.6,0.26,0.472,83.81,8.24,3.51,18.18,31.14,7.45,17.62,16.44,10a
2104,11_20251017_Terra_spont_1,78.0,10_20251022_Pluto1,mouse B (Pluto),2025-10-22,0.0,10.0,510.0,27.79,168.23,0.26,0.3,12.37,4.46,3.45,14.05,29.03,6.89,13.78,17.18,10b
1111,11_20251017_Terra_spont_1,79.0,10_20251022_Pluto1,mouse B (Pluto),2025-10-22,1.0,20.0,520.0,16.54,167.5,0.22,0.522,6.89,5.11,4.01,18.95,9.77,3.77,19.44,19.03,
1112,11_20251017_Terra_spont_1,80.0,10_20251022_Pluto1,mouse B (Pluto),2025-10-22,2.0,40.0,540.0,25.96,80.07,0.16,0.415,7.43,0.0,0.0,17.49,7.08,0.0,11.34,18.93,
1113,11_20251017_Terra_spont_1,81.0,10_20251022_Pluto1,mouse B (Pluto),2025-10-22,3.0,60.0,560.0,29.18,177.34,0.46,0.343,7.54,6.29,6.65,15.43,13.68,7.13,17.05,20.03,
1114,11_20251017_Terra_spont_1,82.0,10_20251022_Pluto1,mouse B (Pluto),2025-10-22,4.0,80.0,580.0,33.41,167.76,0.36,0.31,19.87,5.07,4.94,22.12,22.56,4.36,21.73,18.61,
2071,0_first5minvedio,56.0,7_20251027_Pluto_spont1,mouse B (Pluto),2025-10-27,0.0,5.0,405.0,11.81,16.28,0.0,0.96,11.67,4.24,9.03,4.94,10.84,5.36,15.89,10.14,5a
2071,1_20251031_Pluto_spont_1,56.0,7_20251027_Pluto_spont1,mouse B (Pluto),2025-10-27,0.0,5.0,405.0,11.88,19.9,0.02,0.985,8.82,5.97,13.8,3.91,7.89,8.13,13.29,12.94,5a
2071,2_20251031_Pluto_spont_3,56.0,7_20251027_Pluto_spont1,mouse B (Pluto),2025-10-27,0.0,5.0,405.0,7.04,13.29,0.02,0.95,12.66,2.13,3.86,2.96,5.22,1.54,4.24,5.25,5a
2071,3_20251031_Pluto_spont_2,56.0,7_20251027_Pluto_spont1,mouse B (Pluto),2025-10-27,0.0,5.0,405.0,3.47,16.91,0.0,0.967,4.28,2.52,2.67,2.04,2.38,2.47,1.73,1.91,5a
2071,4_20251030_Pluto_spont_1,56.0,7_20251027_Pluto_spont1,mouse B (Pluto),2025-10-27,0.0,5.0,405.0,16.66,27.34,0.02,0.86,14.91,15.1,25.93,9.03,2.51,1.4,3.62,2.14,5a
2071,5_20251029_Pluto_spont_1,56.0,7_20251027_Pluto_spont1,mouse B (Pluto),2025-10-27,0.0,5.0,405.0,12.45,18.47,0.0,0.932,32.41,2.02,1.13,2.47,4.46,1.43,2.99,7.37,5a
2071,6_20251028_Pluto_spont_1,56.0,7_20251027_Pluto_spont1,mouse B (Pluto),2025-10-27,0.0,5.0,405.0,10.12,14.12,0.0,0.902,20.7,2.44,1.65,5.58,10.25,4.02,3.51,5.88,5a
2071,7_20251027_Pluto_spont1,56.0,7_20251027_Pluto_spont1,mouse B (Pluto),2025-10-27,0.0,5.0,405.0,6.38,9.0,0.0,0.922,9.07,2.46,1.6,7.27,7.01,0.88,3.82,5.92,5a
2071,8_20251024_Pluto_spont1,56.0,7_20251027_Pluto_spont1,mouse B (Pluto),2025-10-27,0.0,5.0,405.0,41.57,197.15,0.42,0.511,26.9,25.81,85.86,13.53,3.11,14.91,2.79,3.34,5a
2071,9_20251023_Pluto1,56.0,7_20251027_Pluto_spont1,mouse B (Pluto),2025-10-27,0.0,5.0,405.0,18.28,156.76,0.22,0.417,8.08,21.2,19.02,3.09,7.77,5.08,12.78,2.87,5a
2071,10_20251022_Pluto1,56.0,7_20251027_Pluto_spont1,mouse B (Pluto),2025-10-27,0.0,5.0,405.0,17.65,29.98,0.04,0.657,25.54,17.34,7.08,12.86,14.48,12.37,6.98,4.14,5a
2071,11_20251017_Terra_spont_1,56.0,7_20251027_Pluto_spont1,mouse B (Pluto),2025-10-27,0.0,5.0,405.0,162.57,237.75,0.64,0.287,16.39,8.06,4.33,30.83,11.92,4.93,22.19,20.69,5a
1211,0_first5minvedio,84.0,11_20251017_Terra_spont_1,mouse C (Terra),2025-10-17,1.0,20.0,560.0,13.02,18.24,0.0,0.892,11.15,3.63,7.24,6.02,12.83,4.87,15.82,10.86,
1211,1_20251031_Pluto_spont_1,84.0,11_20251017_Terra_spont_1,mouse C (Terra),2025-10-17,1.0,20.0,560.0,11.92,19.93,0.0,0.98,8.97,5.87,12.82,3.37,8.19,9.35,14.24,12.79,
1211,2_20251031_Pluto_spont_3,84.0,11_20251017_Terra_spont_1,mouse C (Terra),2025-10-17,1.0,20.0,560.0,7.38,12.76,0.02,0.937,12.01,2.12,3.35,3.08,5.95,1.41,4.4,5.11,
1211,3_20251031_Pluto_spont_2,84.0,11_20251017_Terra_spont_1,mouse C (Terra),2025-10-17,1.0,20.0,560.0,3.97,21.24,0.0,0.947,4.06,3.01,3.3,2.17,1.65,2.82,2.91,1.92,
1211,4_20251030_Pluto_spont_1,84.0,11_20251017_Terra_spont_1,mouse C (Terra),2025-10-17,1.0,20.0,560.0,16.14,27.2,0.0,0.87,15.46,15.48,29.4,9.01,4.41,2.14,3.91,2.17,
1211,5_20251029_Pluto_spont_1,84.0,11_20251017_Terra_spont_1,mouse C (Terra),2025-10-17,1.0,20.0,560.0,12.97,19.02,0.0,0.862,33.35,2.15,1.66,3.22,5.65,1.44,4.13,8.46,
1211,6_20251028_Pluto_spont_1,84.0,11_20251017_Terra_spont_1,mouse C (Terra),2025-10-17,1.0,20.0,560.0,6.79,10.06,0.0,0.912,9.91,2.68,1.55,5.55,6.55,4.27,2.38,5.13,
1211,7_20251027_Pluto_spont1,84.0,11_20251017_Terra_spont_1,mouse C (Terra),2025-10-17,1.0,20.0,560.0,6.54,8.05,0.0,0.97,9.18,1.67,2.06,5.05,9.87,1.17,2.67,4.54,
1211,8_20251024_Pluto_spont1,84.0,11_20251017_Terra_spont_1,mouse C (Terra),2025-10-17,1.0,20.0,560.0,20.29,52.11,0.16,0.844,18.39,25.32,20.94,13.77,6.04,9.92,3.91,4.3,
1211,9_20251023_Pluto1,84.0,11_20251017_Terra_spont_1,mouse C (Terra),2025-10-17,1.0,20.0,560.0,9.3,14.57,0.0,0.853,7.88,18.14,8.23,7.08,2.98,4.69,6.72,3.92,
1211,10_20251022_Pluto1,84.0,11_20251017_Terra_spont_1,mouse C (Terra),2025-10-17,1.0,20.0,560.0,11.08,24.7,0.02,0.9,7.03,13.11,6.5,10.1,8.99,9.65,3.96,2.37,
1211,11_20251017_Terra_spont_1,84.0,11_20251017_Terra_spont_1,mouse C (Terra),2025-10-17,1.0,20.0,560.0,9.24,166.39,0.2,0.863,7.6,3.87,2.86,6.56,5.47,5.75,10.36,9.68,
2072,0_first5minvedio,57.0,7_20251027_Pluto_spont1,mouse B (Pluto),2025-10-27,0.0,5.0,405.0,12.04,18.88,0.0,0.967,11.34,4.39,6.61,5.14,11.83,5.47,16.29,9.73,5b
2072,1_20251031_Pluto_spont_1,57.0,7_20251027_Pluto_spont1,mouse B (Pluto),2025-10-27,0.0,5.0,405.0,11.35,19.81,0.0,0.985,8.97,5.54,12.56,3.42,7.83,7.8,13.69,12.19,5b
2072,2_20251031_Pluto_spont_3,57.0,7_20251027_Pluto_spont1,mouse B (Pluto),2025-10-27,0.0,5.0,405.0,6.96,14.36,0.02,0.965,12.24,2.07,3.31,2.67,4.88,1.51,4.1,4.74,5b
2072,3_20251031_Pluto_spont_2,57.0,7_20251027_Pluto_spont1,mouse B (Pluto),2025-10-27,0.0,5.0,405.0,3.51,19.12,0.0,0.955,3.89,2.47,2.23,1.67,1.89,2.94,1.67,2.18,5b
2072,4_20251030_Pluto_spont_1,57.0,7_20251027_Pluto_spont1,mouse B (Pluto),2025-10-27,0.0,5.0,405.0,16.81,28.55,0.04,0.877,14.96,14.97,27.78,8.3,2.61,1.42,3.78,2.18,5b
2072,5_20251029_Pluto_spont_1,57.0,7_20251027_Pluto_spont1,mouse B (Pluto),2025-10-27,0.0,5.0,405.0,13.45,19.49,0.0,0.925,34.64,1.89,1.82,2.83,6.25,2.15,3.0,8.43,5b
2072,6_20251028_Pluto_spont_1,57.0,7_20251027_Pluto_spont1,mouse B (Pluto),2025-10-27,0.0,5.0,405.0,8.12,11.95,0.0,0.84,14.7,3.37,2.42,4.89,8.19,6.62,4.08,5.06,5b
2072,7_20251027_Pluto_spont1,57.0,7_20251027_Pluto_spont1,mouse B (Pluto),2025-10-27,0.0,5.0,405.0,6.07,7.85,0.0,0.983,8.99,2.39,1.69,4.68,10.27,0.7,3.05,3.93,5b
2072,8_20251024_Pluto_spont1,57.0,7_20251027_Pluto_spont1,mouse B (Pluto),2025-10-27,0.0,5.0,405.0,40.99,58.07,0.32,0.504,39.54,28.21,84.41,13.63,10.07,14.02,1.97,4.02,5b
2072,9_20251023_Pluto1,57.0,7_20251027_Pluto_spont1,mouse B (Pluto),2025-10-27,0.0,5.0,405.0,13.77,152.37,0.14,0.468,11.03,21.23,13.18,3.1,6.13,7.4,7.5,3.51,5b
2072,10_20251022_Pluto1,57.0,7_20251027_Pluto_spont1,mouse B (Pluto),2025-10-27,0.0,5.0,405.0,17.67,26.71,0.04,0.593,23.22,20.71,5.29,14.41,10.66,19.25,5.4,2.7,5b
2072,11_20251017_Terra_spont_1,57.0,7_20251027_Pluto_spont1,mouse B (Pluto),2025-10-27,0.0,5.0,405.0,22.55,80.23,0.12,0.355,13.85,6.63,4.27,17.43,31.75,6.26,15.06,17.8,5b
1212,0_first5minvedio,86.0,11_20251017_Terra_spont_1,mouse C (Terra),2025-10-17,2.0,40.0,580.0,12.26,17.07,0.0,0.935,12.95,3.82,7.58,5.47,12.13,5.5,15.69,11.07,
1212,1_20251031_Pluto_spont_1,86.0,11_20251017_Terra_spont_1,mouse C (Terra),2025-10-17,2.0,40.0,580.0,12.05,19.49,0.0,0.988,9.82,6.61,12.4,3.9,8.13,9.0,13.08,12.85,
1212,2_20251031_Pluto_spont_3,86.0,11_20251017_Terra_spont_1,mouse C (Terra),2025-10-17,2.0,40.0,580.0,6.91,20.4,0.02,0.942,11.36,2.03,3.5,2.81,5.38,1.6,4.29,4.6,
1212,3_20251031_Pluto_spont_2,86.0,11_20251017_Terra_spont_1,mouse C (Terra),2025-10-17,2.0,40.0,580.0,3.77,22.86,0.0,0.967,3.5,2.93,2.53,2.23,1.55,2.88,2.44,2.68,
1212,4_20251030_Pluto_spont_1,86.0,11_20251017_Terra_spont_1,mouse C (Terra),2025-10-17,2.0,40.0,580.0,16.41,31.0,0.04,0.9,14.99,13.86,29.28,8.22,3.56,2.16,2.52,2.83,
1212,5_20251029_Pluto_spont_1,86.0,11_20251017_Terra_spont_1,mouse C (Terra),2025-10-17,2.0,40.0,580.0,11.49,18.15,0.02,0.897,31.1,2.1,1.75,2.81,4.32,1.78,2.96,8.3,
1212,6_20251028_Pluto_spont_1,86.0,11_20251017_Terra_spont_1,mouse C (Terra),2025-10-17,2.0,40.0,580.0,8.93,13.74,0.0,0.88,18.78,1.31,1.28,5.64,6.76,7.38,2.71,5.73,
1212,7_20251027_Pluto_spont1,86.0,11_20251017_Terra_spont_1,mouse C (Terra),2025-10-17,2.0,40.0,580.0,6.64,9.21,0.0,0.98,10.25,1.8,2.15,4.77,9.32,1.95,3.02,4.53,
1212,8_20251024_Pluto_spont1,86.0,11_20251017_Terra_spont_1,mouse C (Terra),2025-10-17,2.0,40.0,580.0,20.54,45.22,0.08,0.801,24.95,23.12,20.87,12.2,6.82,10.43,2.98,3.98,
1212,9_20251023_Pluto1,86.0,11_20251017_Terra_spont_1,mouse C (Terra),2025-10-17,2.0,40.0,580.0,7.75,17.89,0.0,0.895,6.95,12.42,7.27,6.09,2.98,6.16,6.66,4.64,
1212,10_20251022_Pluto1,86.0,11_20251017_Terra_spont_1,mouse C (Terra),2025-10-17,2.0,40.0,580.0,11.24,26.08,0.02,0.905,9.09,14.18,6.21,10.55,9.83,9.62,4.19,2.13,
1212,11_20251017_Terra_spont_1,86.0,11_20251017_Terra_spont_1,mouse C (Terra),2025-10-17,2.0,40.0,580.0,8.86,17.52,0.04,0.938,6.59,4.31,2.91,5.93,4.7,5.25,10.38,9.14,
2073,0_first5minvedio,58.0,7_20251027_Pluto_spont1,mouse B (Pluto),2025-10-27,0.0,10.0,410.0,11.73,16.64,0.0,0.975,11.52,3.78,7.35,5.03,12.13,4.81,18.37,10.92,10a
2073,1_20251031_Pluto_spont_1,58.0,7_20251027_Pluto_spont1,mouse B (Pluto),2025-10-27,0.0,10.0,410.0,12.16,19.96,0.0,0.973,9.48,5.62,12.8,3.61,7.8,8.39,14.22,11.56,10a
2073,2_20251031_Pluto_spont_3,58.0,7_20251027_Pluto_spont1,mouse B (Pluto),2025-10-27,0.0,10.0,410.0,7.29,13.21,0.0,0.957,12.12,2.33,3.62,3.15,5.17,1.17,5.02,4.84,10a
2073,3_20251031_Pluto_spont_2,58.0,7_20251027_Pluto_spont1,mouse B (Pluto),2025-10-27,0.0,10.0,410.0,3.82,16.58,0.0,0.965,5.42,2.93,2.82,2.15,1.35,2.26,2.76,1.75,10a
2073,4_20251030_Pluto_spont_1,58.0,7_20251027_Pluto_spont1,mouse B (Pluto),2025-10-27,0.0,10.0,410.0,15.48,24.79,0.0,0.8,15.46,14.79,22.21,8.3,2.54,2.06,4.0,3.26,10a
2073,5_20251029_Pluto_spont_1,58.0,7_20251027_Pluto_spont1,mouse B (Pluto),2025-10-27,0.0,10.0,410.0,13.54,19.1,0.0,0.91,36.76,2.89,1.68,2.1,4.48,2.27,3.22,8.48,10a
2073,6_20251028_Pluto_spont_1,58.0,7_20251027_Pluto_spont1,mouse B (Pluto),2025-10-27,0.0,10.0,410.0,6.89,13.94,0.0,0.812,9.01,3.09,1.95,4.99,6.77,6.83,3.44,5.29,10a
2073,7_20251027_Pluto_spont1,58.0,7_20251027_Pluto_spont1,mouse B (Pluto),2025-10-27,0.0,10.0,410.0,5.83,7.83,0.0,0.955,9.64,2.32,1.86,3.92,9.35,1.28,4.42,4.54,10a
2073,8_20251024_Pluto_spont1,58.0,7_20251027_Pluto_spont1,mouse B (Pluto),2025-10-27,0.0,10.0,410.0,28.0,196.25,0.22,0.547,24.31,24.95,36.58,14.72,5.04,12.2,2.35,4.05,10a
2073,9_20251023_Pluto1,58.0,7_20251027_Pluto_spont1,mouse B (Pluto),2025-10-27,0.0,10.0,410.0,21.59,155.37,0.2,0.463,7.6,19.97,52.01,2.92,6.95,5.95,7.38,2.86,10a
2073,10_20251022_Pluto1,58.0,7_20251027_Pluto_spont1,mouse B (Pluto),2025-10-27,0.0,10.0,410.0,16.74,26.27,0.04,0.505,24.88,14.1,6.88,14.79,13.96,16.14,4.69,3.2,10a
2073,11_20251017_Terra_spont_1,58.0,7_20251027_Pluto_spont1,mouse B (Pluto),2025-10-27,0.0,10.0,410.0,25.41,138.19,0.22,0.278,8.99,5.32,3.71,22.2,27.73,6.28,12.05,19.26,10a
2074,0_first5minvedio,59.0,7_20251027_Pluto_spont1,mouse B (Pluto),2025-10-27,0.0,10.0,410.0,12.14,18.24,0.0,0.952,11.49,3.96,8.39,4.58,12.45,5.36,15.99,10.64,10b
2074,1_20251031_Pluto_spont_1,59.0,7_20251027_Pluto_spont1,mouse B (Pluto),2025-10-27,0.0,10.0,410.0,11.91,19.73,0.0,0.993,9.19,6.56,12.88,3.21,7.32,6.86,14.01,11.76,10b
2074,2_20251031_Pluto_spont_3,59.0,7_20251027_Pluto_spont1,mouse B (Pluto),2025-10-27,0.0,10.0,410.0,6.71,12.89,0.02,0.929,9.91,2.34,3.38,3.4,4.95,1.35,4.36,4.37,10b
2074,3_20251031_Pluto_spont_2,59.0,7_20251027_Pluto_spont1,mouse B (Pluto),2025-10-27,0.0,10.0,410.0,3.56,9.18,0.0,0.967,4.21,2.92,2.45,1.93,1.91,1.93,2.38,2.07,10b
2074,4_20251030_Pluto_spont_1,59.0,7_20251027_Pluto_spont1,mouse B (Pluto),2025-10-27,0.0,10.0,410.0,16.88,25.24,0.0,0.887,14.81,14.94,28.2,8.75,3.57,1.65,4.53,2.43,10b
2074,5_20251029_Pluto_spont_1,59.0,7_20251027_Pluto_spont1,mouse B (Pluto),2025-10-27,0.0,10.0,410.0,13.5,19.86,0.0,0.94,36.18,2.26,1.49,2.84,5.8,2.06,2.89,7.68,10b
2074,6_20251028_Pluto_spont_1,59.0,7_20251027_Pluto_spont1,mouse B (Pluto),2025-10-27,0.0,10.0,410.0,7.51,12.09,0.0,0.87,10.73,2.86,1.47,6.17,7.21,6.85,2.89,5.5,10b
2074,7_20251027_Pluto_spont1,59.0,7_20251027_Pluto_spont1,mouse B (Pluto),2025-10-27,0.0,10.0,410.0,5.83,7.94,0.0,0.978,8.76,3.28,2.5,3.65,9.57,1.87,2.79,4.65,10b
2074,8_20251024_Pluto_spont1,59.0,7_20251027_Pluto_spont1,mouse B (Pluto),2025-10-27,0.0,10.0,410.0,43.64,193.12,0.32,0.504,28.15,25.97,81.22,17.08,4.84,13.35,2.92,4.32,10b
2074,9_20251023_Pluto1,59.0,7_20251027_Pluto_spont1,mouse B (Pluto),2025-10-27,0.0,10.0,410.0,12.86,120.69,0.22,0.545,5.79,23.16,15.61,3.12,4.93,5.22,8.87,2.42,10b
2074,10_20251022_Pluto1,59.0,7_20251027_Pluto_spont1,mouse B (Pluto),2025-10-27,0.0,10.0,410.0,18.71,33.16,0.04,0.542,23.79,16.98,7.66,16.95,13.73,15.19,4.44,2.79,10b
2074,11_20251017_Terra_spont_1,59.0,7_20251027_Pluto_spont1,mouse B (Pluto),2025-10-27,0.0,10.0,410.0,35.33,162.54,0.4,0.365,42.58,6.89,5.88,30.84,38.91,6.81,15.73,19.85,10b
1213,0_first5minvedio,89.0,11_20251017_Terra_spont_1,mouse C (Terra),2025-10-17,3.0,60.0,600.0,12.55,17.55,0.0,0.942,12.35,4.23,9.04,4.67,11.46,5.16,16.51,11.15,
1213,1_20251031_Pluto_spont_1,89.0,11_20251017_Terra_spont_1,mouse C (Terra),2025-10-17,3.0,60.0,600.0,12.06,18.9,0.0,0.993,8.85,7.44,12.64,3.25,8.17,7.21,13.41,13.13,
1213,2_20251031_Pluto_spont_3,89.0,11_20251017_Terra_spont_1,mouse C (Terra),2025-10-17,3.0,60.0,600.0,7.12,13.53,0.0,0.952,11.54,2.06,3.22,3.2,5.44,1.63,4.31,4.51,
1213,3_20251031_Pluto_spont_2,89.0,11_20251017_Terra_spont_1,mouse C (Terra),2025-10-17,3.0,60.0,600.0,4.01,14.88,0.0,0.97,4.78,3.05,2.51,2.68,1.55,2.71,2.09,2.26,
1213,4_20251030_Pluto_spont_1,89.0,11_20251017_Terra_spont_1,mouse C (Terra),2025-10-17,3.0,60.0,600.0,16.17,32.67,0.02,0.943,14.54,14.59,21.44,8.72,2.63,1.86,4.83,3.75,
1213,5_20251029_Pluto_spont_1,89.0,11_20251017_Terra_spont_1,mouse C (Terra),2025-10-17,3.0,60.0,600.0,13.67,19.67,0.0,0.882,34.35,2.59,1.44,3.8,4.3,2.32,4.89,8.26,
1213,6_20251028_Pluto_spont_1,89.0,11_20251017_Terra_spont_1,mouse C (Terra),2025-10-17,3.0,60.0,600.0,8.23,13.41,0.0,0.86,12.22,1.81,1.34,4.6,5.13,8.07,5.17,6.25,
1213,7_20251027_Pluto_spont1,89.0,11_20251017_Terra_spont_1,mouse C (Terra),2025-10-17,3.0,60.0,600.0,6.62,8.82,0.0,0.925,8.61,2.36,2.25,5.03,8.68,1.13,3.52,6.52,
1213,8_20251024_Pluto_spont1,89.0,11_20251017_Terra_spont_1,mouse C (Terra),2025-10-17,3.0,60.0,600.0,19.54,48.01,0.1,0.798,18.45,28.55,15.93,12.39,7.84,10.37,3.1,4.44,
1213,9_20251023_Pluto1,89.0,11_20251017_Terra_spont_1,mouse C (Terra),2025-10-17,3.0,60.0,600.0,9.27,18.91,0.02,0.825,8.38,14.85,8.75,6.11,3.06,4.85,6.04,3.07,
1213,10_20251022_Pluto1,89.0,11_20251017_Terra_spont_1,mouse C (Terra),2025-10-17,3.0,60.0,600.0,11.12,25.6,0.02,0.945,7.47,13.3,6.56,10.31,11.38,10.33,4.71,2.58,
1213,11_20251017_Terra_spont_1,89.0,11_20251017_Terra_spont_1,mouse C (Terra),2025-10-17,3.0,60.0,600.0,8.77,12.92,0.02,0.973,7.28,4.75,3.32,5.86,5.55,5.53,9.28,8.92,
2111,0_first5minvedio,87.0,11_20251017_Terra_spont_1,mouse C (Terra),2025-10-17,0.0,5.0,545.0,12.33,19.22,0.0,0.937,11.05,4.25,7.78,5.65,11.8,5.7,16.3,11.85,5a
2111,1_20251031_Pluto_spont_1,87.0,11_20251017_Terra_spont_1,mouse C (Terra),2025-10-17,0.0,5.0,545.0,12.24,19.75,0.0,0.99,9.12,6.73,12.95,3.24,7.42,8.52,14.01,12.29,5a
2111,2_20251031_Pluto_spont_3,87.0,11_20251017_Terra_spont_1,mouse C (Terra),2025-10-17,0.0,5.0,545.0,7.3,16.17,0.02,0.957,12.73,1.91,3.62,2.63,5.65,1.55,4.1,5.07,5a
2111,3_20251031_Pluto_spont_2,87.0,11_20251017_Terra_spont_1,mouse C (Terra),2025-10-17,0.0,5.0,545.0,3.76,12.48,0.0,0.96,4.11,3.25,2.5,2.36,1.69,2.55,2.12,1.98,5a
2111,4_20251030_Pluto_spont_1,87.0,11_20251017_Terra_spont_1,mouse C (Terra),2025-10-17,0.0,5.0,545.0,16.26,31.99,0.0,0.925,15.84,13.7,25.14,8.43,3.3,2.39,4.4,3.02,5a
2111,5_20251029_Pluto_spont_1,87.0,11_20251017_Terra_spont_1,mouse C (Terra),2025-10-17,0.0,5.0,545.0,16.24,19.85,0.0,0.945,32.36,2.21,1.38,4.38,6.47,2.65,3.52,9.4,5a
2111,6_20251028_Pluto_spont_1,87.0,11_20251017_Terra_spont_1,mouse C (Terra),2025-10-17,0.0,5.0,545.0,7.98,11.18,0.0,0.877,6.92,2.1,2.53,11.54,5.11,7.08,3.39,5.54,5a
2111,7_20251027_Pluto_spont1,87.0,11_20251017_Terra_spont_1,mouse C (Terra),2025-10-17,0.0,5.0,545.0,6.17,8.99,0.0,0.98,9.35,2.84,1.97,3.53,10.89,1.23,3.16,3.44,5a
2111,8_20251024_Pluto_spont1,87.0,11_20251017_Terra_spont_1,mouse C (Terra),2025-10-17,0.0,5.0,545.0,21.4,49.79,0.1,0.73,22.24,23.12,17.14,12.67,6.47,9.62,2.61,4.71,5a
2111,9_20251023_Pluto1,87.0,11_20251017_Terra_spont_1,mouse C (Terra),2025-10-17,0.0,5.0,545.0,8.23,14.76,0.0,0.8,6.37,13.95,9.03,5.86,3.23,4.73,5.75,3.63,5a
2111,10_20251022_Pluto1,87.0,11_20251017_Terra_spont_1,mouse C (Terra),2025-10-17,0.0,5.0,545.0,10.99,24.94,0.02,0.927,8.42,12.64,5.81,11.18,9.12,10.93,3.23,3.86,5a
2111,11_20251017_Terra_spont_1,87.0,11_20251017_Terra_spont_1,mouse C (Terra),2025-10-17,0.0,5.0,545.0,9.69,22.92,0.02,0.853,6.28,5.82,3.47,7.77,8.72,5.18,11.38,11.76,5a
2112,0_first5minvedio,88.0,11_20251017_Terra_spont_1,mouse C (Terra),2025-10-17,0.0,5.0,545.0,11.94,17.21,0.0,0.962,11.54,4.36,7.42,5.68,11.91,5.32,15.77,10.68,5b
2112,1_20251031_Pluto_spont_1,88.0,11_20251017_Terra_spont_1,mouse C (Terra),2025-10-17,0.0,5.0,545.0,12.52,20.15,0.0,0.993,9.13,6.8,12.25,3.27,8.5,8.53,13.15,13.14,5b
2112,2_20251031_Pluto_spont_3,88.0,11_20251017_Terra_spont_1,mouse C (Terra),2025-10-17,0.0,5.0,545.0,7.69,16.13,0.0,0.96,12.96,1.82,3.56,2.82,4.47,1.82,4.18,4.8,5b
2112,3_20251031_Pluto_spont_2,88.0,11_20251017_Terra_spont_1,mouse C (Terra),2025-10-17,0.0,5.0,545.0,3.73,17.17,0.0,0.962,4.17,2.64,2.67,2.15,1.88,2.73,2.01,2.07,5b
2112,4_20251030_Pluto_spont_1,88.0,11_20251017_Terra_spont_1,mouse C (Terra),2025-10-17,0.0,5.0,545.0,17.46,35.78,0.0,0.922,14.64,13.71,35.7,7.94,3.15,2.0,3.83,3.47,5b
2112,5_20251029_Pluto_spont_1,88.0,11_20251017_Terra_spont_1,mouse C (Terra),2025-10-17,0.0,5.0,545.0,12.93,18.8,0.0,0.947,32.9,1.8,1.12,3.64,3.66,2.77,4.39,9.26,5b
2112,6_20251028_Pluto_spont_1,88.0,11_20251017_Terra_spont_1,mouse C (Terra),2025-10-17,0.0,5.0,545.0,8.04,12.44,0.04,0.895,10.82,2.22,2.46,5.97,5.17,7.96,3.59,6.06,5b
2112,7_20251027_Pluto_spont1,88.0,11_20251017_Terra_spont_1,mouse C (Terra),2025-10-17,0.0,5.0,545.0,6.46,8.32,0.0,0.993,8.69,2.22,1.78,4.16,11.5,1.3,2.79,3.78,5b
2112,8_20251024_Pluto_spont1,88.0,11_20251017_Terra_spont_1,mouse C (Terra),2025-10-17,0.0,5.0,545.0,20.73,47.57,0.08,0.736,22.53,26.18,23.34,12.97,6.39,11.02,2.5,4.64,5b
2112,9_20251023_Pluto1,88.0,11_20251017_Terra_spont_1,mouse C (Terra),2025-10-17,0.0,5.0,545.0,9.15,20.04,0.0,0.902,9.1,14.3,8.44,6.4,4.64,4.49,6.22,4.32,5b
2112,10_20251022_Pluto1,88.0,11_20251017_Terra_spont_1,mouse C (Terra),2025-10-17,0.0,5.0,545.0,11.57,26.71,0.04,0.935,9.97,12.28,6.92,10.77,10.12,10.47,3.63,2.89,5b
2112,11_20251017_Terra_spont_1,88.0,11_20251017_Terra_spont_1,mouse C (Terra),2025-10-17,0.0,5.0,545.0,9.97,23.98,0.02,0.8,6.47,5.89,3.6,9.15,8.22,5.8,9.22,10.11,5b
2113,0_first5minvedio,89.0,11_20251017_Terra_spont_1,mouse C (Terra),2025-10-17,0.0,10.0,550.0,11.65,17.06,0.0,0.96,11.98,3.77,8.19,5.68,11.08,5.32,17.66,9.18,10a
2113,1_20251031_Pluto_spont_1,89.0,11_20251017_Terra_spont_1,mouse C (Terra),2025-10-17,0.0,10.0,550.0,11.43,19.75,0.0,0.993,7.98,6.47,12.88,3.34,7.76,7.48,12.09,12.16,10a
2113,2_20251031_Pluto_spont_3,89.0,11_20251017_Terra_spont_1,mouse C (Terra),2025-10-17,0.0,10.0,550.0,6.93,13.35,0.02,0.965,10.77,2.61,3.53,3.02,5.78,1.22,4.0,4.34,10a
2113,3_20251031_Pluto_spont_2,89.0,11_20251017_Terra_spont_1,mouse C (Terra),2025-10-17,0.0,10.0,550.0,3.71,22.55,0.0,0.967,4.33,2.81,2.37,2.66,1.61,1.88,2.04,2.18,10a
2113,4_20251030_Pluto_spont_1,89.0,11_20251017_Terra_spont_1,mouse C (Terra),2025-10-17,0.0,10.0,550.0,15.89,29.06,0.0,0.932,15.89,14.48,23.88,9.74,3.59,1.46,3.35,3.24,10a
2113,5_20251029_Pluto_spont_1,89.0,11_20251017_Terra_spont_1,mouse C (Terra),2025-10-17,0.0,10.0,550.0,15.32,19.29,0.0,0.937,37.2,2.09,1.31,3.4,3.62,1.36,3.03,9.26,10a
2113,6_20251028_Pluto_spont_1,89.0,11_20251017_Terra_spont_1,mouse C (Terra),2025-10-17,0.0,10.0,550.0,8.9,13.62,0.0,0.85,12.15,2.74,2.11,5.12,7.47,6.31,3.9,4.89,10a
2113,7_20251027_Pluto_spont1,89.0,11_20251017_Terra_spont_1,mouse C (Terra),2025-10-17,0.0,10.0,550.0,6.3,8.52,0.0,0.983,11.02,2.82,1.53,5.41,8.97,1.02,3.28,3.22,10a
2113,8_20251024_Pluto_spont1,89.0,11_20251017_Terra_spont_1,mouse C (Terra),2025-10-17,0.0,10.0,550.0,21.01,51.43,0.18,0.781,23.86,27.8,23.18,11.54,6.7,10.66,4.02,3.76,10a
2113,9_20251023_Pluto1,89.0,11_20251017_Terra_spont_1,mouse C (Terra),2025-10-17,0.0,10.0,550.0,9.15,15.2,0.0,0.9,8.96,14.72,8.65,6.86,3.33,6.14,5.76,3.87,10a
2113,10_20251022_Pluto1,89.0,11_20251017_Terra_spont_1,mouse C (Terra),2025-10-17,0.0,10.0,550.0,10.83,26.07,0.02,0.94,8.47,15.89,5.44,9.41,9.89,9.14,2.49,2.26,10a
2113,11_20251017_Terra_spont_1,89.0,11_20251017_Terra_spont_1,mouse C (Terra),2025-10-17,0.0,10.0,550.0,9.54,17.14,0.0,0.848,8.24,4.45,2.75,7.92,5.19,5.45,11.41,9.12,10a
2114,0_first5minvedio,90.0,11_20251017_Terra_spont_1,mouse C (Terra),2025-10-17,0.0,10.0,550.0,11.58,16.49,0.0,0.987,10.96,3.47,6.74,5.63,12.62,4.76,16.23,10.19,10b
2114,1_20251031_Pluto_spont_1,90.0,11_20251017_Terra_spont_1,mouse C (Terra),2025-10-17,0.0,10.0,550.0,11.8,18.97,0.0,0.998,8.9,6.34,12.96,3.75,7.68,7.93,13.87,13.21,10b
2114,2_20251031_Pluto_spont_3,90.0,11_20251017_Terra_spont_1,mouse C (Terra),2025-10-17,0.0,10.0,550.0,6.9,14.09,0.0,0.97,11.54,2.26,2.86,3.74,5.9,1.4,3.92,4.8,10b
2114,3_20251031_Pluto_spont_2,90.0,11_20251017_Terra_spont_1,mouse C (Terra),2025-10-17,0.0,10.0,550.0,3.91,22.78,0.0,0.967,4.64,3.25,2.76,2.53,1.62,2.18,2.1,1.87,10b
2114,4_20251030_Pluto_spont_1,90.0,11_20251017_Terra_spont_1,mouse C (Terra),2025-10-17,0.0,10.0,550.0,14.97,25.49,0.0,0.943,14.38,14.72,19.53,8.85,3.09,2.04,3.3,3.13,10b
2114,5_20251029_Pluto_spont_1,90.0,11_20251017_Terra_spont_1,mouse C (Terra),2025-10-17,0.0,10.0,550.0,13.32,18.43,0.0,0.91,33.97,2.17,1.52,3.21,4.66,1.39,3.97,8.13,10b
2114,6_20251028_Pluto_spont_1,90.0,11_20251017_Terra_spont_1,mouse C (Terra),2025-10-17,0.0,10.0,550.0,8.84,13.46,0.0,0.9,10.36,2.43,1.36,8.52,8.01,7.29,3.51,5.05,10b
2114,7_20251027_Pluto_spont1,90.0,11_20251017_Terra_spont_1,mouse C (Terra),2025-10-17,0.0,10.0,550.0,6.66,8.81,0.0,0.948,9.46,2.99,1.88,5.91,10.41,0.81,4.04,4.51,10b
2114,8_20251024_Pluto_spont1,90.0,11_20251017_Terra_spont_1,mouse C (Terra),2025-10-17,0.0,10.0,550.0,20.62,51.34,0.16,0.821,26.78,20.68,16.62,14.52,6.83,10.2,2.67,4.01,10b
2114,9_20251023_Pluto1,90.0,11_20251017_Terra_spont_1,mouse C (Terra),2025-10-17,0.0,10.0,550.0,8.62,19.41,0.0,0.915,9.24,12.4,7.81,6.82,3.47,5.48,5.82,3.35,10b
2114,10_20251022_Pluto1,90.0,11_20251017_Terra_spont_1,mouse C (Terra),2025-10-17,0.0,10.0,550.0,11.41,25.5,0.02,0.93,9.81,14.73,6.41,9.95,10.18,8.02,3.19,2.5,10b
2114,11_20251017_Terra_spont_1,90.0,11_20251017_Terra_spont_1,mouse C (Terra),2025-10-17,0.0,10.0,550.0,8.87,14.81,0.02,0.865,5.41,4.58,2.71,7.29,6.88,7.3,9.33,10.2,10b
971,12_20251016_Terra_spont_2,0.0,0_first5minvedio,mouse A,5-min recording,0.0,5.0,5.0,285.63,341.96,1.0,0.0,454.03,181.84,63.88,50.15,217.42,550.44,173.48,82.08,5a
972,12_20251016_Terra_spont_2,1.0,0_first5minvedio,mouse A,5-min recording,0.0,5.0,5.0,337.73,391.79,1.0,0.007,321.47,504.93,229.57,46.64,270.93,504.73,176.07,25.36,5b
973,12_20251016_Terra_spont_2,2.0,0_first5minvedio,mouse A,5-min recording,0.0,10.0,10.0,275.62,399.16,1.0,0.005,142.84,506.07,84.1,107.05,159.94,511.19,63.93,36.04,10a
974,12_20251016_Terra_spont_2,3.0,0_first5minvedio,mouse A,5-min recording,0.0,10.0,10.0,342.21,418.25,1.0,0.015,402.41,182.0,43.28,513.82,417.81,496.06,116.19,68.87,10b
111,12_20251016_Terra_spont_2,4.0,0_first5minvedio,mouse A,5-min recording,1.0,20.0,20.0,351.02,439.03,1.0,0.003,162.0,675.83,54.77,48.53,150.04,324.76,42.15,614.15,
112,12_20251016_Terra_spont_2,5.0,0_first5minvedio,mouse A,5-min recording,2.0,40.0,40.0,229.1,339.41,1.0,0.028,132.85,8.13,500.05,27.08,151.28,14.42,42.27,41.86,
113,12_20251016_Terra_spont_2,6.0,0_first5minvedio,mouse A,5-min recording,3.0,60.0,60.0,288.33,401.48,1.0,0.083,192.3,7.32,507.92,21.71,277.29,12.85,74.41,37.17,
114,12_20251016_Terra_spont_2,7.0,0_first5minvedio,mouse A,5-min recording,4.0,80.0,80.0,319.35,412.8,1.0,0.022,58.19,507.29,497.04,25.36,150.52,510.9,45.6,27.45,
115,12_20251016_Terra_spont_2,8.0,0_first5minvedio,mouse A,5-min recording,5.0,100.0,100.0,242.61,347.85,1.0,0.06,307.98,503.1,23.53,25.5,359.4,7.01,45.47,33.41,
967,12_20251016_Terra_spont_2,9.0,1_20251031_Pluto_spont_1,mouse B (Pluto),2025-10-31,0.0,5.0,105.0,330.19,370.06,1.0,0.04,164.55,9.67,504.51,703.49,112.59,15.0,246.27,37.29,5a
968,12_20251016_Terra_spont_2,10.0,1_20251031_Pluto_spont_1,mouse B (Pluto),2025-10-31,0.0,5.0,105.0,302.9,424.87,0.94,0.035,41.01,270.49,35.27,26.69,57.59,499.65,31.06,44.38,5b
969,12_20251016_Terra_spont_2,11.0,1_20251031_Pluto_spont_1,mouse B (Pluto),2025-10-31,0.0,10.0,110.0,276.91,403.9,1.0,0.11,223.91,10.4,505.18,20.66,163.2,506.52,9.01,25.54,10a
970,12_20251016_Terra_spont_2,12.0,1_20251031_Pluto_spont_1,mouse B (Pluto),2025-10-31,0.0,10.0,110.0,276.42,368.87,0.92,0.113,224.87,6.93,14.33,21.34,212.51,13.38,9.44,22.46,10b
211,12_20251016_Terra_spont_2,13.0,1_20251031_Pluto_spont_1,mouse B (Pluto),2025-10-31,1.0,20.0,120.0,277.36,398.19,1.0,0.13,101.74,5.83,13.9,25.21,206.63,507.16,150.28,24.64,
212,12_20251016_Terra_spont_2,14.0,1_20251031_Pluto_spont_1,mouse B (Pluto),2025-10-31,2.0,40.0,140.0,300.31,368.01,0.98,0.23,470.94,5.57,7.43,26.73,478.74,11.21,12.5,24.28,
213,12_20251016_Terra_spont_2,15.0,1_20251031_Pluto_spont_1,mouse B (Pluto),2025-10-31,3.0,60.0,160.0,71.66,222.21,0.54,0.188,75.58,4.84,11.0,32.28,30.57,6.69,14.7,17.57,
214,12_20251016_Terra_spont_2,16.0,1_20251031_Pluto_spont_1,mouse B (Pluto),2025-10-31,4.0,80.0,180.0,168.45,254.56,0.82,0.185,191.07,6.07,6.81,17.0,25.87,12.2,16.74,16.95,
225,12_20251016_Terra_spont_2,17.0,1_20251031_Pluto_spont_1,mouse B (Pluto),2025-10-31,5.0,100.0,200.0,77.01,191.04,0.64,0.237,54.61,4.88,4.22,19.75,55.28,13.54,7.52,18.01,
216,12_20251016_Terra_spont_2,18.0,1_20251031_Pluto_spont_1,mouse B (Pluto),2025-10-31,6.0,120.0,220.0,79.0,190.01,0.62,0.185,60.28,5.4,5.04,14.33,15.65,7.75,15.13,20.84,
217,12_20251016_Terra_spont_2,19.0,1_20251031_Pluto_spont_1,mouse B (Pluto),2025-10-31,7.0,140.0,240.0,30.89,239.68,0.42,0.253,23.35,3.93,5.03,20.81,17.85,6.33,8.63,14.87,
963,12_20251016_Terra_spont_2,20.0,2_20251031_Pluto_spont_3,mouse B (Pluto),2025-10-31,0.0,5.0,205.0,76.62,196.65,0.72,0.315,69.28,3.54,4.42,16.46,48.98,10.54,15.96,18.06,5a
964,12_20251016_Terra_spont_2,21.0,2_20251031_Pluto_spont_3,mouse B (Pluto),2025-10-31,0.0,5.0,205.0,134.99,271.21,0.78,0.24,164.48,3.46,5.66,21.15,16.04,6.05,9.12,18.65,5b
965,12_20251016_Terra_spont_2,22.0,2_20251031_Pluto_spont_3,mouse B (Pluto),2025-10-31,0.0,10.0,210.0,114.99,206.27,0.84,0.24,71.99,4.16,5.2,15.4,198.4,9.45,16.91,13.87,10a
966,12_20251016_Terra_spont_2,23.0,2_20251031_Pluto_spont_3,mouse B (Pluto),2025-10-31,0.0,10.0,210.0,104.02,197.52,0.7,0.235,76.16,3.93,3.1,17.13,42.38,9.02,11.58,19.38,10b
321,12_20251016_Terra_spont_2,24.0,2_20251031_Pluto_spont_3,mouse B (Pluto),2025-10-31,1.0,20.0,220.0,61.87,252.56,0.52,0.205,26.53,3.97,5.04,18.49,13.12,8.57,10.73,23.2,
322,12_20251016_Terra_spont_2,25.0,2_20251031_Pluto_spont_3,mouse B (Pluto),2025-10-31,2.0,40.0,240.0,113.39,202.76,0.9,0.188,75.68,4.52,7.02,19.96,54.92,10.25,150.53,16.7,
323,12_20251016_Terra_spont_2,26.0,2_20251031_Pluto_spont_3,mouse B (Pluto),2025-10-31,3.0,60.0,260.0,46.02,194.75,0.48,0.29,68.68,4.36,5.88,14.32,18.54,5.49,20.14,17.79,
324,12_20251016_Terra_spont_2,27.0,2_20251031_Pluto_spont_3,mouse B (Pluto),2025-10-31,4.0,80.0,280.0,35.52,165.48,0.28,0.335,65.68,3.33,4.14,21.52,53.51,8.06,7.71,17.13,
959,12_20251016_Terra_spont_2,28.0,3_20251031_Pluto_spont_2,mouse B (Pluto),2025-10-31,0.0,5.0,265.0,69.25,285.01,0.68,0.38,72.14,3.85,3.48,20.09,58.62,9.02,16.85,16.98,5a
960,12_20251016_Terra_spont_2,29.0,3_20251031_Pluto_spont_2,mouse B (Pluto),2025-10-31,0.0,5.0,265.0,56.32,187.08,0.52,0.328,75.61,6.51,3.27,26.13,82.14,11.72,16.36,19.12,5b
961,12_20251016_Terra_spont_2,30.0,3_20251031_Pluto_spont_2,mouse B (Pluto),2025-10-31,0.0,10.0,270.0,36.5,186.41,0.4,0.23,27.95,4.64,3.82,18.05,16.77,7.54,11.21,14.18,10a
962,12_20251016_Terra_spont_2,31.0,3_20251031_Pluto_spont_2,mouse B (Pluto),2025-10-31,0.0,10.0,270.0,110.04,315.66,0.92,0.263,80.83,3.41,3.9,18.43,166.99,8.36,12.13,14.36,10b
411,12_20251016_Terra_spont_2,32.0,3_20251031_Pluto_spont_2,mouse B (Pluto),2025-10-31,1.0,20.0,280.0,38.04,72.94,0.38,0.455,52.9,3.54,3.8,19.32,17.8,11.89,4.87,13.16,
422,12_20251016_Terra_spont_2,33.0,3_20251031_Pluto_spont_2,mouse B (Pluto),2025-10-31,2.0,40.0,300.0,25.03,95.84,0.26,0.3,56.94,3.8,4.25,17.67,17.18,5.79,5.28,15.6,
423,12_20251016_Terra_spont_2,34.0,3_20251031_Pluto_spont_2,mouse B (Pluto),2025-10-31,3.0,60.0,320.0,72.08,282.25,0.62,0.512,68.08,4.02,4.75,18.75,54.21,7.74,5.71,14.43,
955,12_20251016_Terra_spont_2,35.0,4_20251030_Pluto_spont_1,mouse B (Pluto),2025-10-30,0.0,5.0,325.0,25.96,60.07,0.24,0.443,51.89,3.36,5.57,10.68,28.99,6.78,8.19,13.12,5a
956,12_20251016_Terra_spont_2,36.0,4_20251030_Pluto_spont_1,mouse B (Pluto),2025-10-30,0.0,5.0,325.0,32.51,285.22,0.3,0.393,64.21,3.47,4.48,15.19,35.39,7.47,9.73,12.63,5b
957,12_20251016_Terra_spont_2,37.0,4_20251030_Pluto_spont_1,mouse B (Pluto),2025-10-30,0.0,10.0,330.0,31.58,66.11,0.22,0.355,68.08,5.26,7.16,15.04,37.81,7.08,13.97,18.18,10a
958,12_20251016_Terra_spont_2,38.0,4_20251030_Pluto_spont_1,mouse B (Pluto),2025-10-30,0.0,10.0,330.0,36.82,54.21,0.14,0.49,75.9,3.52,3.83,19.22,55.13,11.89,10.6,17.22,10b
531,12_20251016_Terra_spont_2,39.0,4_20251030_Pluto_spont_1,mouse B (Pluto),2025-10-30,1.0,20.0,340.0,35.41,195.23,0.48,0.383,57.98,4.8,4.92,8.71,32.88,7.23,12.4,15.88,
532,12_20251016_Terra_spont_2,40.0,4_20251030_Pluto_spont_1,mouse B (Pluto),2025-10-30,2.0,40.0,360.0,14.09,79.06,0.26,0.318,24.15,3.31,3.95,10.18,11.55,7.33,11.33,17.16,
533,12_20251016_Terra_spont_2,41.0,4_20251030_Pluto_spont_1,mouse B (Pluto),2025-10-30,3.0,60.0,380.0,72.28,195.55,0.68,0.367,52.23,4.3,3.45,6.24,56.36,14.16,13.48,13.13,
534,12_20251016_Terra_spont_2,42.0,4_20251030_Pluto_spont_1,mouse B (Pluto),2025-10-30,4.0,80.0,400.0,24.71,74.33,0.26,0.343,23.51,4.98,4.57,8.36,13.71,11.46,8.38,13.44,
951,12_20251016_Terra_spont_2,43.0,5_20251029_Pluto_spont_1,mouse B (Pluto),2025-10-29,0.0,5.0,365.0,18.18,58.83,0.12,0.34,31.99,5.15,6.77,13.56,16.24,11.78,6.73,14.21,5a
952,12_20251016_Terra_spont_2,44.0,5_20251029_Pluto_spont_1,mouse B (Pluto),2025-10-29,0.0,5.0,365.0,30.35,119.95,0.36,0.39,31.28,5.11,4.93,9.59,14.98,5.97,10.21,13.37,5b
953,12_20251016_Terra_spont_2,45.0,5_20251029_Pluto_spont_1,mouse B (Pluto),2025-10-29,0.0,10.0,370.0,47.69,101.77,0.46,0.273,34.17,4.7,4.17,9.08,26.96,8.09,17.97,19.02,10a
954,12_20251016_Terra_spont_2,46.0,5_20251029_Pluto_spont_1,mouse B (Pluto),2025-10-29,0.0,10.0,370.0,42.23,182.2,0.42,0.367,25.95,4.87,5.02,12.22,11.4,7.28,10.38,16.9,10b
631,12_20251016_Terra_spont_2,47.0,5_20251029_Pluto_spont_1,mouse B (Pluto),2025-10-29,1.0,20.0,380.0,37.31,185.35,0.36,0.4,62.04,7.76,3.37,15.39,52.18,15.59,13.94,15.81,
632,12_20251016_Terra_spont_2,48.0,5_20251029_Pluto_spont_1,mouse B (Pluto),2025-10-29,2.0,40.0,400.0,27.94,110.06,0.22,0.28,34.84,5.41,3.42,16.65,16.33,9.87,6.77,14.69,
2061,12_20251016_Terra_spont_2,49.0,6_20251028_Pluto_spont_1,mouse B (Pluto),2025-10-28,0.0,5.0,385.0,17.25,39.26,0.08,0.482,29.16,5.11,4.09,14.03,18.57,6.03,6.99,14.29,5a
2062,12_20251016_Terra_spont_2,50.0,6_20251028_Pluto_spont_1,mouse B (Pluto),2025-10-28,0.0,5.0,385.0,14.15,50.44,0.12,0.52,17.59,4.56,3.53,5.87,18.55,9.61,6.69,13.82,5b
2063,12_20251016_Terra_spont_2,51.0,6_20251028_Pluto_spont_1,mouse B (Pluto),2025-10-28,0.0,10.0,390.0,47.27,182.56,0.46,0.357,37.11,4.44,4.19,11.09,18.64,8.42,8.52,15.33,10a
2064,12_20251016_Terra_spont_2,52.0,6_20251028_Pluto_spont_1,mouse B (Pluto),2025-10-28,0.0,10.0,390.0,33.86,56.81,0.14,0.39,65.36,6.19,3.99,10.96,61.32,6.5,7.35,15.47,10b
711,12_20251016_Terra_spont_2,53.0,6_20251028_Pluto_spont_1,mouse B (Pluto),2025-10-28,1.0,20.0,400.0,24.76,146.82,0.16,0.307,29.08,5.91,3.06,11.67,14.84,8.09,9.74,14.37,
712,12_20251016_Terra_spont_2,54.0,6_20251028_Pluto_spont_1,mouse B (Pluto),2025-10-28,2.0,40.0,420.0,18.43,38.03,0.06,0.46,30.12,4.61,4.07,8.71,17.67,9.28,7.0,12.9,
713,12_20251016_Terra_spont_2,55.0,6_20251028_Pluto_spont_1,mouse B (Pluto),2025-10-28,3.0,60.0,440.0,30.12,67.75,0.16,0.39,36.24,3.68,4.88,10.82,23.69,13.16,12.52,12.42,
2071,12_20251016_Terra_spont_2,56.0,7_20251027_Pluto_spont1,mouse B (Pluto),2025-10-27,0.0,5.0,405.0,16.22,70.76,0.14,0.378,34.16,4.64,3.76,5.76,11.64,9.43,11.18,14.5,5a
2072,12_20251016_Terra_spont_2,57.0,7_20251027_Pluto_spont1,mouse B (Pluto),2025-10-27,0.0,5.0,405.0,18.25,180.94,0.32,0.448,32.43,4.31,2.89,8.4,15.84,6.78,14.13,11.3,5b
2073,12_20251016_Terra_spont_2,58.0,7_20251027_Pluto_spont1,mouse B (Pluto),2025-10-27,0.0,10.0,410.0,29.02,61.97,0.12,0.33,51.7,5.04,4.1,11.53,21.85,7.77,7.52,13.94,10a
2074,12_20251016_Terra_spont_2,59.0,7_20251027_Pluto_spont1,mouse B (Pluto),2025-10-27,0.0,10.0,410.0,15.07,66.29,0.12,0.35,21.07,5.92,7.1,17.78,14.64,8.53,12.93,13.42,10b
811,12_20251016_Terra_spont_2,60.0,7_20251027_Pluto_spont1,mouse B (Pluto),2025-10-27,1.0,20.0,420.0,15.96,85.73,0.18,0.333,29.07,4.37,4.0,8.45,17.74,7.34,9.33,11.01,
812,12_20251016_Terra_spont_2,61.0,7_20251027_Pluto_spont1,mouse B (Pluto),2025-10-27,2.0,40.0,440.0,29.01,44.92,0.04,0.405,46.31,4.56,3.65,7.13,19.13,10.72,12.85,13.61,
2081,12_20251016_Terra_spont_2,62.0,8_20251024_Pluto_spont1,mouse B (Pluto),2025-10-24,0.0,5.0,405.0,16.42,47.99,0.08,0.48,29.26,4.36,3.77,6.38,15.75,11.43,8.93,13.71,5a
2082,12_20251016_Terra_spont_2,63.0,8_20251024_Pluto_spont1,mouse B (Pluto),2025-10-24,0.0,5.0,405.0,26.26,111.35,0.32,0.403,26.59,6.43,6.02,6.49,21.22,10.64,8.45,14.77,5b
2083,12_20251016_Terra_spont_2,64.0,8_20251024_Pluto_spont1,mouse B (Pluto),2025-10-24,0.0,10.0,410.0,35.95,134.9,0.34,0.34,56.29,4.58,4.41,8.69,22.12,6.75,11.91,17.29,10a
2084,12_20251016_Terra_spont_2,65.0,8_20251024_Pluto_spont1,mouse B (Pluto),2025-10-24,0.0,10.0,410.0,105.21,116.93,0.88,0.323,85.26,3.77,3.97,7.41,199.88,5.18,11.4,14.81,10b
911,12_20251016_Terra_spont_2,66.0,8_20251024_Pluto_spont1,mouse B (Pluto),2025-10-24,1.0,20.0,420.0,30.2,42.92,0.1,0.43,75.1,4.03,4.05,4.53,18.52,6.73,14.38,15.63,
912,12_20251016_Terra_spont_2,67.0,8_20251024_Pluto_spont1,mouse B (Pluto),2025-10-24,2.0,40.0,440.0,60.45,87.95,0.56,0.407,19.29,6.39,4.33,4.56,144.71,10.78,9.73,15.23,
913,12_20251016_Terra_spont_2,68.0,8_20251024_Pluto_spont1,mouse B (Pluto),2025-10-24,3.0,60.0,460.0,24.33,84.27,0.26,0.39,28.73,6.84,3.51,4.44,16.07,7.14,9.93,18.72,
2091,12_20251016_Terra_spont_2,69.0,9_20251023_Pluto1,mouse B (Pluto),2025-10-23,0.0,5.0,425.0,31.21,38.19,0.04,0.29,76.42,3.61,4.82,5.21,23.03,7.04,13.08,15.24,5a
2092,12_20251016_Terra_spont_2,70.0,9_20251023_Pluto1,mouse B (Pluto),2025-10-23,0.0,5.0,425.0,27.51,40.55,0.08,0.55,51.96,5.03,4.5,6.25,32.07,11.55,10.62,15.38,5b
2093,12_20251016_Terra_spont_2,71.0,9_20251023_Pluto1,mouse B (Pluto),2025-10-23,0.0,10.0,430.0,13.73,50.69,0.12,0.355,7.96,3.52,5.52,11.26,12.75,6.64,8.68,17.88,10a
2094,12_20251016_Terra_spont_2,72.0,9_20251023_Pluto1,mouse B (Pluto),2025-10-23,0.0,10.0,430.0,199.85,215.89,0.62,0.35,26.52,7.9,3.91,9.17,12.5,10.97,431.17,13.37,10b
1011,12_20251016_Terra_spont_2,73.0,9_20251023_Pluto1,mouse B (Pluto),2025-10-23,1.0,20.0,440.0,15.37,40.63,0.06,0.385,23.17,3.85,4.57,3.51,16.28,9.5,9.08,13.66,
1012,12_20251016_Terra_spont_2,74.0,9_20251023_Pluto1,mouse B (Pluto),2025-10-23,2.0,40.0,460.0,19.89,182.18,0.2,0.407,42.29,3.21,3.6,4.75,15.34,8.62,15.5,13.33,
1013,12_20251016_Terra_spont_2,75.0,9_20251023_Pluto1,mouse B (Pluto),2025-10-23,3.0,60.0,480.0,28.28,42.81,0.06,0.427,67.11,10.15,3.32,4.05,17.77,13.79,9.6,16.16,
1014,12_20251016_Terra_spont_2,76.0,9_20251023_Pluto1,mouse B (Pluto),2025-10-23,4.0,80.0,500.0,40.53,211.05,0.48,0.42,55.33,4.27,4.88,6.48,31.62,5.85,16.74,12.53,
1015,12_20251016_Terra_spont_2,77.0,9_20251023_Pluto1,mouse B (Pluto),2025-10-23,5.0,100.0,520.0,18.26,35.18,0.06,0.507,38.49,4.18,3.55,3.7,19.0,11.2,13.27,14.81,
1016,12_20251016_Terra_spont_2,78.0,9_20251023_Pluto1,mouse B (Pluto),2025-10-23,6.0,120.0,540.0,34.02,131.58,0.2,0.47,41.64,7.88,3.5,4.34,61.82,12.94,10.26,11.03,
2101,12_20251016_Terra_spont_2,79.0,10_20251022_Pluto1,mouse B (Pluto),2025-10-22,0.0,5.0,505.0,30.4,44.41,0.08,0.357,72.78,7.02,4.73,3.26,18.49,8.8,11.12,14.64,5a
2102,12_20251016_Terra_spont_2,80.0,10_20251022_Pluto1,mouse B (Pluto),2025-10-22,0.0,5.0,505.0,30.02,65.3,0.14,0.415,62.17,7.15,5.89,3.29,22.18,12.05,9.12,12.38,5b
2103,12_20251016_Terra_spont_2,81.0,10_20251022_Pluto1,mouse B (Pluto),2025-10-22,0.0,10.0,510.0,14.92,36.76,0.06,0.545,27.41,7.07,2.93,3.87,14.93,11.59,11.08,12.39,10a
2104,12_20251016_Terra_spont_2,82.0,10_20251022_Pluto1,mouse B (Pluto),2025-10-22,0.0,10.0,510.0,40.77,61.08,0.24,0.335,41.58,5.85,5.74,2.98,17.42,9.97,11.48,13.49,10b
1111,12_20251016_Terra_spont_2,83.0,10_20251022_Pluto1,mouse B (Pluto),2025-10-22,1.0,20.0,520.0,12.15,32.89,0.06,0.407,10.81,3.64,3.18,4.12,15.17,8.96,12.44,17.2,
1112,12_20251016_Terra_spont_2,84.0,10_20251022_Pluto1,mouse B (Pluto),2025-10-22,2.0,40.0,540.0,39.9,51.29,0.12,0.45,102.28,4.52,3.33,4.9,17.99,6.31,11.56,17.13,
1113,12_20251016_Terra_spont_2,85.0,10_20251022_Pluto1,mouse B (Pluto),2025-10-22,3.0,60.0,560.0,13.91,51.17,0.18,0.475,17.67,6.83,5.62,3.45,16.66,6.34,9.0,12.2,
1114,12_20251016_Terra_spont_2,86.0,10_20251022_Pluto1,mouse B (Pluto),2025-10-22,4.0,80.0,580.0,27.1,53.08,0.12,0.54,31.47,4.95,4.11,2.68,20.32,10.49,18.48,13.37,
2111,12_20251016_Terra_spont_2,87.0,11_20251017_Terra_spont_1,mouse C (Terra),2025-10-17,0.0,5.0,545.0,11.71,73.64,0.18,0.522,10.47,4.07,4.31,3.19,15.86,5.11,6.81,10.41,5a
2112,12_20251016_Terra_spont_2,88.0,11_20251017_Terra_spont_1,mouse C (Terra),2025-10-17,0.0,5.0,545.0,10.99,40.64,0.08,0.562,10.5,5.17,5.69,3.83,16.73,5.87,6.87,10.87,5b
2113,12_20251016_Terra_spont_2,89.0,11_20251017_Terra_spont_1,mouse C (Terra),2025-10-17,0.0,10.0,550.0,10.15,31.33,0.02,0.64,17.0,4.12,2.8,4.45,8.24,6.44,10.27,6.14,10a
2114,12_20251016_Terra_spont_2,90.0,11_20251017_Terra_spont_1,mouse C (Terra),2025-10-17,0.0,10.0,550.0,7.26,48.61,0.1,0.708,7.42,4.46,3.32,4.11,6.03,3.86,5.6,3.53,10b
1211,12_20251016_Terra_spont_2,91.0,11_20251017_Terra_spont_1,mouse C (Terra),2025-10-17,1.0,20.0,560.0,10.66,28.99,0.04,0.55,16.23,3.58,4.75,3.23,15.08,4.34,5.58,3.72,
1212,12_20251016_Terra_spont_2,92.0,11_20251017_Terra_spont_1,mouse C (Terra),2025-10-17,2.0,40.0,580.0,5.13,9.42,0.0,0.77,8.62,0.0,0.0,0.0,3.2,0.0,0.0,0.0,
1213,12_20251016_Terra_spont_2,93.0,11_20251017_Terra_spont_1,mouse C (Terra),2025-10-17,3.0,60.0,600.0,8.29,10.89,0.0,0.785,7.06,2.15,2.08,3.77,16.64,3.35,4.1,3.34,
1214,0_first5minvedio,94.0,11_20251017_Terra_spont_1,mouse C (Terra),2025-10-17,4.0,80.0,620.0,12.23,16.52,0.0,0.955,11.34,4.18,8.12,6.1,11.8,5.86,15.96,10.5,
1214,1_20251031_Pluto_spont_1,94.0,11_20251017_Terra_spont_1,mouse C (Terra),2025-10-17,4.0,80.0,620.0,11.8,17.73,0.0,0.98,9.17,6.28,12.77,2.94,8.05,8.88,13.28,11.86,
1214,2_20251031_Pluto_spont_3,94.0,11_20251017_Terra_spont_1,mouse C (Terra),2025-10-17,4.0,80.0,620.0,8.68,27.98,0.1,0.945,12.96,2.18,3.13,3.19,6.22,1.68,5.01,4.43,
1214,3_20251031_Pluto_spont_2,94.0,11_20251017_Terra_spont_1,mouse C (Terra),2025-10-17,4.0,80.0,620.0,4.13,22.99,0.0,0.967,5.74,3.62,2.38,2.12,1.63,3.67,2.16,1.88,
1214,4_20251030_Pluto_spont_1,94.0,11_20251017_Terra_spont_1,mouse C (Terra),2025-10-17,4.0,80.0,620.0,15.67,32.22,0.02,0.86,14.77,14.33,19.5,9.18,2.48,2.8,3.4,2.61,
1214,5_20251029_Pluto_spont_1,94.0,11_20251017_Terra_spont_1,mouse C (Terra),2025-10-17,4.0,80.0,620.0,12.12,19.24,0.0,0.92,32.36,2.53,1.27,2.88,4.52,2.01,5.68,5.42,
1214,6_20251028_Pluto_spont_1,94.0,11_20251017_Terra_spont_1,mouse C (Terra),2025-10-17,4.0,80.0,620.0,7.61,13.45,0.02,0.83,10.13,1.78,1.19,4.13,7.1,8.25,3.9,5.58,
1214,7_20251027_Pluto_spont1,94.0,11_20251017_Terra_spont_1,mouse C (Terra),2025-10-17,4.0,80.0,620.0,6.71,9.52,0.0,0.955,10.65,3.96,1.75,5.37,8.14,1.22,2.9,4.34,
1214,8_20251024_Pluto_spont1,94.0,11_20251017_Terra_spont_1,mouse C (Terra),2025-10-17,4.0,80.0,620.0,25.01,48.47,0.1,0.768,25.48,16.39,26.01,12.61,6.72,10.18,3.7,4.8,
1214,9_20251023_Pluto1,94.0,11_20251017_Terra_spont_1,mouse C (Terra),2025-10-17,4.0,80.0,620.0,8.5,14.83,0.0,0.85,8.12,15.91,7.5,5.68,3.84,4.9,5.46,4.08,
1214,10_20251022_Pluto1,94.0,11_20251017_Terra_spont_1,mouse C (Terra),2025-10-17,4.0,80.0,620.0,10.9,25.83,0.02,0.853,8.61,13.49,6.4,10.48,10.21,10.36,2.76,2.83,
1214,11_20251017_Terra_spont_1,94.0,11_20251017_Terra_spont_1,mouse C (Terra),2025-10-17,4.0,80.0,620.0,8.65,13.14,0.02,0.975,6.81,4.21,3.3,6.07,5.15,5.42,9.17,8.43,
1214,12_20251016_Terra_spont_2,94.0,11_20251017_Terra_spont_1,mouse C (Terra),2025-10-17,4.0,80.0,620.0,8.99,18.5,0.02,0.75,12.39,2.25,2.93,3.37,10.97,2.05,7.78,4.59,
1311,0_first5minvedio,95.0,12_20251016_Terra_spont_2,mouse C (Terra),2025-10-16,1.0,20.0,600.0,11.76,17.4,0.0,0.98,12.38,4.04,7.2,5.57,11.51,5.15,15.19,11.23,
1311,1_20251031_Pluto_spont_1,95.0,12_20251016_Terra_spont_2,mouse C (Terra),2025-10-16,1.0,20.0,600.0,12.5,19.37,0.0,0.985,9.35,6.61,12.92,4.02,7.58,8.15,13.53,12.15,
1311,2_20251031_Pluto_spont_3,95.0,12_20251016_Terra_spont_2,mouse C (Terra),2025-10-16,1.0,20.0,600.0,7.7,18.71,0.06,0.942,13.34,2.14,3.63,3.55,5.75,1.68,4.64,4.45,
1311,3_20251031_Pluto_spont_2,95.0,12_20251016_Terra_spont_2,mouse C (Terra),2025-10-16,1.0,20.0,600.0,3.91,12.62,0.0,0.97,4.35,3.7,2.77,2.53,1.42,2.37,2.3,2.15,
1311,4_20251030_Pluto_spont_1,95.0,12_20251016_Terra_spont_2,mouse C (Terra),2025-10-16,1.0,20.0,600.0,15.57,28.54,0.0,0.935,14.72,14.56,26.73,9.67,4.94,1.56,4.05,3.88,
1311,5_20251029_Pluto_spont_1,95.0,12_20251016_Terra_spont_2,mouse C (Terra),2025-10-16,1.0,20.0,600.0,13.04,17.71,0.0,0.9,33.41,2.74,1.56,2.52,5.0,2.62,4.08,7.87,
1311,6_20251028_Pluto_spont_1,95.0,12_20251016_Terra_spont_2,mouse C (Terra),2025-10-16,1.0,20.0,600.0,10.09,16.18,0.0,0.87,16.45,1.65,1.23,5.37,4.38,7.82,2.92,5.06,
1311,7_20251027_Pluto_spont1,95.0,12_20251016_Terra_spont_2,mouse C (Terra),2025-10-16,1.0,20.0,600.0,6.8,9.29,0.0,0.917,10.04,1.68,2.06,4.74,9.39,1.28,3.53,8.67,
1311,8_20251024_Pluto_spont1,95.0,12_20251016_Terra_spont_2,mouse C (Terra),2025-10-16,1.0,20.0,600.0,18.35,47.95,0.04,0.819,18.45,22.14,23.2,12.07,6.81,10.53,2.12,4.39,
1311,9_20251023_Pluto1,95.0,12_20251016_Terra_spont_2,mouse C (Terra),2025-10-16,1.0,20.0,600.0,8.3,14.0,0.0,0.9,8.54,12.09,8.3,6.98,3.94,5.01,6.43,4.61,
1311,10_20251022_Pluto1,95.0,12_20251016_Terra_spont_2,mouse C (Terra),2025-10-16,1.0,20.0,600.0,10.52,26.94,0.02,0.925,8.58,14.95,6.57,10.7,10.98,9.04,4.79,2.99,
1311,11_20251017_Terra_spont_1,95.0,12_20251016_Terra_spont_2,mouse C (Terra),2025-10-16,1.0,20.0,600.0,8.87,12.78,0.02,0.95,7.05,3.98,3.63,6.69,6.04,4.28,10.14,8.62,
1311,12_20251016_Terra_spont_2,95.0,12_20251016_Terra_spont_2,mouse C (Terra),2025-10-16,1.0,20.0,600.0,5.77,7.67,0.0,0.988,8.43,2.25,2.53,2.66,5.34,2.66,4.27,4.36,
971,13_20251015_Terra_spont_1,0.0,0_first5minvedio,mouse A,5-min recording,0.0,5.0,5.0,171.79,221.18,1.0,0.0,342.92,8.33,128.37,27.72,59.92,43.36,206.8,204.98,5a
972,13_20251015_Terra_spont_1,1.0,0_first5minvedio,mouse A,5-min recording,0.0,5.0,5.0,291.16,376.82,1.0,0.02,347.48,484.06,125.28,22.4,342.09,54.29,97.54,363.74,5b
973,13_20251015_Terra_spont_1,2.0,0_first5minvedio,mouse A,5-min recording,0.0,10.0,10.0,198.02,329.59,1.0,0.125,349.41,5.95,111.69,24.95,347.09,56.6,70.59,193.31,10a
974,13_20251015_Terra_spont_1,3.0,0_first5minvedio,mouse A,5-min recording,0.0,10.0,10.0,187.31,280.86,1.0,0.142,344.3,7.48,77.61,20.91,201.73,58.0,90.78,77.72,10b
111,13_20251015_Terra_spont_1,4.0,0_first5minvedio,mouse A,5-min recording,1.0,20.0,20.0,304.36,385.98,1.0,0.133,345.61,11.65,468.91,22.46,342.92,59.26,98.95,692.98,
112,13_20251015_Terra_spont_1,5.0,0_first5minvedio,mouse A,5-min recording,2.0,40.0,40.0,318.17,370.75,1.0,0.198,183.93,5.52,510.81,14.19,182.82,53.79,18.92,695.7,
113,13_20251015_Terra_spont_1,6.0,0_first5minvedio,mouse A,5-min recording,3.0,60.0,60.0,262.99,279.59,1.0,0.245,178.26,6.66,33.9,10.02,173.34,51.3,17.37,691.93,
114,13_20251015_Terra_spont_1,7.0,0_first5minvedio,mouse A,5-min recording,4.0,80.0,80.0,329.99,366.34,1.0,0.325,282.79,4.19,36.6,9.72,191.26,55.94,18.01,884.03,
115,13_20251015_Terra_spont_1,8.0,0_first5minvedio,mouse A,5-min recording,5.0,100.0,100.0,108.42,296.21,1.0,0.398,188.79,5.55,51.08,11.55,185.46,54.11,19.26,34.98,
967,13_20251015_Terra_spont_1,9.0,1_20251031_Pluto_spont_1,mouse B (Pluto),2025-10-31,0.0,5.0,105.0,289.32,350.92,1.0,0.09,294.19,5.01,37.89,11.69,278.81,56.47,12.04,695.8,5a
968,13_20251015_Terra_spont_1,10.0,1_20251031_Pluto_spont_1,mouse B (Pluto),2025-10-31,0.0,5.0,105.0,262.87,296.8,1.0,0.278,173.4,5.6,38.09,11.42,179.37,55.66,14.65,695.55,5b
969,13_20251015_Terra_spont_1,11.0,1_20251031_Pluto_spont_1,mouse B (Pluto),2025-10-31,0.0,10.0,110.0,252.98,325.52,1.0,0.19,303.23,6.36,44.96,13.45,196.25,56.19,10.96,88.23,10a
970,13_20251015_Terra_spont_1,12.0,1_20251031_Pluto_spont_1,mouse B (Pluto),2025-10-31,0.0,10.0,110.0,123.85,254.97,0.94,0.265,179.15,4.65,45.42,15.35,173.34,55.71,15.03,70.32,10b
211,13_20251015_Terra_spont_1,13.0,1_20251031_Pluto_spont_1,mouse B (Pluto),2025-10-31,1.0,20.0,120.0,260.83,378.77,1.0,0.147,352.89,4.77,45.53,13.39,344.22,55.35,14.17,283.86,
212,13_20251015_Terra_spont_1,14.0,1_20251031_Pluto_spont_1,mouse B (Pluto),2025-10-31,2.0,40.0,140.0,125.11,236.38,0.92,0.188,221.93,5.34,41.17,16.22,204.67,52.86,16.23,17.59,
213,13_20251015_Terra_spont_1,15.0,1_20251031_Pluto_spont_1,mouse B (Pluto),2025-10-31,3.0,60.0,160.0,116.72,204.79,0.88,0.087,224.06,7.33,32.03,11.88,125.89,50.02,8.97,22.27,
214,13_20251015_Terra_spont_1,16.0,1_20251031_Pluto_spont_1,mouse B (Pluto),2025-10-31,4.0,80.0,180.0,37.44,125.4,0.24,0.165,29.81,8.09,32.47,11.22,34.12,52.24,5.57,24.84,
225,13_20251015_Terra_spont_1,17.0,1_20251031_Pluto_spont_1,mouse B (Pluto),2025-10-31,5.0,100.0,200.0,85.59,147.07,0.6,0.302,162.8,5.01,40.17,10.98,40.63,57.01,6.23,18.51,
216,13_20251015_Terra_spont_1,18.0,1_20251031_Pluto_spont_1,mouse B (Pluto),2025-10-31,6.0,120.0,220.0,131.66,224.88,0.86,0.098,73.71,7.28,39.68,14.9,209.62,55.4,12.48,14.12,
217,13_20251015_Terra_spont_1,19.0,1_20251031_Pluto_spont_1,mouse B (Pluto),2025-10-31,7.0,140.0,240.0,37.57,228.25,0.38,0.217,33.29,5.45,30.0,13.22,39.18,55.08,11.78,15.17,
963,13_20251015_Terra_spont_1,20.0,2_20251031_Pluto_spont_3,mouse B (Pluto),2025-10-31,0.0,5.0,205.0,81.81,191.52,0.66,0.278,34.69,6.77,63.33,10.66,35.68,51.43,9.18,15.89,5a
964,13_20251015_Terra_spont_1,21.0,2_20251031_Pluto_spont_3,mouse B (Pluto),2025-10-31,0.0,5.0,205.0,97.89,209.39,0.7,0.185,165.4,5.11,22.31,12.06,97.36,51.73,12.95,17.41,5b
965,13_20251015_Terra_spont_1,22.0,2_20251031_Pluto_spont_3,mouse B (Pluto),2025-10-31,0.0,10.0,210.0,213.73,284.93,0.92,0.265,490.33,4.62,69.78,11.66,362.16,55.52,5.67,18.31,10a
966,13_20251015_Terra_spont_1,23.0,2_20251031_Pluto_spont_3,mouse B (Pluto),2025-10-31,0.0,10.0,210.0,114.06,145.65,0.7,0.207,227.22,5.8,26.51,13.01,217.35,57.05,7.19,17.51,10b
321,13_20251015_Terra_spont_1,24.0,2_20251031_Pluto_spont_3,mouse B (Pluto),2025-10-31,1.0,20.0,220.0,109.06,226.53,0.8,0.1,47.9,11.63,19.88,14.9,39.1,52.83,12.27,17.28,
322,13_20251015_Terra_spont_1,25.0,2_20251031_Pluto_spont_3,mouse B (Pluto),2025-10-31,2.0,40.0,240.0,86.62,231.62,0.58,0.14,95.56,4.37,25.84,12.71,33.35,50.92,5.66,35.74,
323,13_20251015_Terra_spont_1,26.0,2_20251031_Pluto_spont_3,mouse B (Pluto),2025-10-31,3.0,60.0,260.0,44.63,185.86,0.44,0.165,27.47,10.18,66.76,10.51,34.79,52.89,8.26,15.73,
324,13_20251015_Terra_spont_1,27.0,2_20251031_Pluto_spont_3,mouse B (Pluto),2025-10-31,4.0,80.0,280.0,70.85,183.12,0.56,0.19,43.14,5.44,47.45,11.74,46.3,53.12,8.95,16.06,
959,13_20251015_Terra_spont_1,28.0,3_20251031_Pluto_spont_2,mouse B (Pluto),2025-10-31,0.0,5.0,265.0,73.82,192.53,0.58,0.29,40.59,5.68,25.89,9.32,41.15,53.47,7.8,17.3,5a
960,13_20251015_Terra_spont_1,29.0,3_20251031_Pluto_spont_2,mouse B (Pluto),2025-10-31,0.0,5.0,265.0,44.17,166.1,0.48,0.27,37.15,7.01,69.59,9.89,39.13,51.78,8.8,27.82,5b
961,13_20251015_Terra_spont_1,30.0,3_20251031_Pluto_spont_2,mouse B (Pluto),2025-10-31,0.0,10.0,270.0,75.38,189.23,0.58,0.175,39.27,9.38,11.77,12.79,37.99,53.13,7.06,16.68,10a
962,13_20251015_Terra_spont_1,31.0,3_20251031_Pluto_spont_2,mouse B (Pluto),2025-10-31,0.0,10.0,270.0,300.93,314.43,0.96,0.102,501.72,462.87,21.5,9.73,502.21,62.03,6.64,22.43,10b
411,13_20251015_Terra_spont_1,32.0,3_20251031_Pluto_spont_2,mouse B (Pluto),2025-10-31,1.0,20.0,280.0,50.65,117.41,0.5,0.33,46.4,7.79,60.45,12.33,45.23,50.73,6.89,12.56,
422,13_20251015_Terra_spont_1,33.0,3_20251031_Pluto_spont_2,mouse B (Pluto),2025-10-31,2.0,40.0,300.0,169.6,264.76,0.78,0.125,53.22,33.37,51.43,9.68,37.02,65.61,5.54,16.15,
423,13_20251015_Terra_spont_1,34.0,3_20251031_Pluto_spont_2,mouse B (Pluto),2025-10-31,3.0,60.0,320.0,109.24,192.47,0.86,0.198,198.9,9.42,15.72,10.47,189.05,52.15,9.35,17.65,
955,13_20251015_Terra_spont_1,35.0,4_20251030_Pluto_spont_1,mouse B (Pluto),2025-10-30,0.0,5.0,325.0,98.02,137.95,0.86,0.295,181.45,11.61,63.33,9.2,174.22,52.5,9.03,19.05,5a
956,13_20251015_Terra_spont_1,36.0,4_20251030_Pluto_spont_1,mouse B (Pluto),2025-10-30,0.0,5.0,325.0,57.78,199.88,0.5,0.302,46.14,8.15,17.08,10.04,37.42,55.35,7.83,14.71,5b
957,13_20251015_Terra_spont_1,37.0,4_20251030_Pluto_spont_1,mouse B (Pluto),2025-10-30,0.0,10.0,330.0,71.88,109.46,0.6,0.177,144.96,5.74,49.86,12.48,45.64,56.36,8.05,20.06,10a
958,13_20251015_Terra_spont_1,38.0,4_20251030_Pluto_spont_1,mouse B (Pluto),2025-10-30,0.0,10.0,330.0,99.77,112.7,0.96,0.225,192.02,4.57,40.29,8.85,190.14,57.19,5.8,16.26,10b
531,13_20251015_Terra_spont_1,39.0,4_20251030_Pluto_spont_1,mouse B (Pluto),2025-10-30,1.0,20.0,340.0,96.3,107.77,0.74,0.193,187.38,7.64,47.66,11.38,175.32,52.88,7.35,17.04,
532,13_20251015_Terra_spont_1,40.0,4_20251030_Pluto_spont_1,mouse B (Pluto),2025-10-30,2.0,40.0,360.0,96.3,188.93,0.78,0.098,30.2,8.47,17.22,12.51,58.59,57.98,5.66,16.89,
533,13_20251015_Terra_spont_1,41.0,4_20251030_Pluto_spont_1,mouse B (Pluto),2025-10-30,3.0,60.0,380.0,104.34,121.74,0.84,0.152,229.74,8.54,48.13,9.8,62.93,51.8,6.83,12.77,
534,13_20251015_Terra_spont_1,42.0,4_20251030_Pluto_spont_1,mouse B (Pluto),2025-10-30,4.0,80.0,400.0,34.5,117.83,0.16,0.282,30.62,7.27,41.87,9.55,37.02,50.16,4.95,12.66,
951,13_20251015_Terra_spont_1,43.0,5_20251029_Pluto_spont_1,mouse B (Pluto),2025-10-29,0.0,5.0,365.0,83.2,201.6,0.58,0.225,153.74,6.18,58.2,13.51,28.97,54.13,6.68,18.59,5a
952,13_20251015_Terra_spont_1,44.0,5_20251029_Pluto_spont_1,mouse B (Pluto),2025-10-29,0.0,5.0,365.0,100.82,142.65,0.86,0.235,200.5,7.98,56.2,14.76,119.6,55.55,4.92,11.42,5b
953,13_20251015_Terra_spont_1,45.0,5_20251029_Pluto_spont_1,mouse B (Pluto),2025-10-29,0.0,10.0,370.0,108.51,128.47,0.68,0.152,211.59,6.73,19.97,10.75,201.4,51.88,11.65,17.19,10a
954,13_20251015_Terra_spont_1,46.0,5_20251029_Pluto_spont_1,mouse B (Pluto),2025-10-29,0.0,10.0,370.0,103.25,195.51,1.0,0.083,193.24,8.07,59.7,13.15,197.54,50.59,6.84,15.52,10b
631,13_20251015_Terra_spont_1,47.0,5_20251029_Pluto_spont_1,mouse B (Pluto),2025-10-29,1.0,20.0,380.0,60.24,127.99,0.54,0.175,72.75,7.79,53.8,9.31,36.86,53.13,6.9,19.6,
632,13_20251015_Terra_spont_1,48.0,5_20251029_Pluto_spont_1,mouse B (Pluto),2025-10-29,2.0,40.0,400.0,41.54,160.66,0.38,0.172,43.04,5.49,59.5,11.48,40.23,58.6,5.66,16.71,
2061,13_20251015_Terra_spont_1,49.0,6_20251028_Pluto_spont_1,mouse B (Pluto),2025-10-28,0.0,5.0,385.0,38.79,80.66,0.26,0.312,38.54,7.33,48.51,9.36,36.4,61.42,6.25,15.03,5a
2062,13_20251015_Terra_spont_1,50.0,6_20251028_Pluto_spont_1,mouse B (Pluto),2025-10-28,0.0,5.0,385.0,197.4,301.52,0.88,0.282,226.98,45.34,55.68,9.6,200.87,59.53,8.93,18.89,5b
2063,13_20251015_Terra_spont_1,51.0,6_20251028_Pluto_spont_1,mouse B (Pluto),2025-10-28,0.0,10.0,390.0,120.01,169.3,0.68,0.177,316.97,7.07,22.81,9.96,47.41,54.27,6.28,17.51,10a
2064,13_20251015_Terra_spont_1,52.0,6_20251028_Pluto_spont_1,mouse B (Pluto),2025-10-28,0.0,10.0,390.0,73.48,104.43,0.7,0.188,178.59,10.15,51.11,9.73,40.42,52.71,8.23,16.5,10b
711,13_20251015_Terra_spont_1,53.0,6_20251028_Pluto_spont_1,mouse B (Pluto),2025-10-28,1.0,20.0,400.0,49.44,109.62,0.5,0.105,70.55,8.04,58.06,12.26,35.87,61.39,5.41,19.72,
712,13_20251015_Terra_spont_1,54.0,6_20251028_Pluto_spont_1,mouse B (Pluto),2025-10-28,2.0,40.0,420.0,80.36,111.77,0.76,0.328,76.42,6.11,26.72,10.95,192.72,55.47,5.28,19.19,
713,13_20251015_Terra_spont_1,55.0,6_20251028_Pluto_spont_1,mouse B (Pluto),2025-10-28,3.0,60.0,440.0,78.59,171.39,0.64,0.188,78.52,6.91,52.02,11.14,63.0,59.18,9.08,21.11,
2071,13_20251015_Terra_spont_1,56.0,7_20251027_Pluto_spont1,mouse B (Pluto),2025-10-27,0.0,5.0,405.0,100.4,199.93,0.9,0.095,216.83,9.58,26.46,11.41,47.39,68.05,9.71,11.91,5a
2072,13_20251015_Terra_spont_1,57.0,7_20251027_Pluto_spont1,mouse B (Pluto),2025-10-27,0.0,5.0,405.0,124.7,231.1,0.92,0.135,219.69,11.79,19.3,12.84,198.05,61.34,9.12,17.1,5b
2073,13_20251015_Terra_spont_1,58.0,7_20251027_Pluto_spont1,mouse B (Pluto),2025-10-27,0.0,10.0,410.0,97.58,207.45,0.92,0.135,183.77,6.56,17.41,11.56,185.52,58.81,6.72,17.56,10a
2074,13_20251015_Terra_spont_1,59.0,7_20251027_Pluto_spont1,mouse B (Pluto),2025-10-27,0.0,10.0,410.0,193.79,218.13,0.96,0.172,181.49,535.59,46.63,11.01,176.31,67.43,7.93,14.66,10b
811,13_20251015_Terra_spont_1,60.0,7_20251027_Pluto_spont1,mouse B (Pluto),2025-10-27,1.0,20.0,420.0,95.02,123.41,0.92,0.17,182.58,5.89,37.91,10.24,180.46,60.7,14.87,14.87,
812,13_20251015_Terra_spont_1,61.0,7_20251027_Pluto_spont1,mouse B (Pluto),2025-10-27,2.0,40.0,440.0,45.99,94.16,0.46,0.12,21.06,7.53,56.57,9.93,40.49,67.79,7.01,14.54,
2081,13_20251015_Terra_spont_1,62.0,8_20251024_Pluto_spont1,mouse B (Pluto),2025-10-24,0.0,5.0,405.0,76.55,113.16,0.8,0.182,185.46,6.65,19.53,10.94,45.31,62.84,10.08,13.47,5a
2082,13_20251015_Terra_spont_1,63.0,8_20251024_Pluto_spont1,mouse B (Pluto),2025-10-24,0.0,5.0,405.0,111.64,222.62,0.9,0.105,50.7,16.66,27.68,9.94,200.13,69.61,7.53,17.48,5b
2083,13_20251015_Terra_spont_1,64.0,8_20251024_Pluto_spont1,mouse B (Pluto),2025-10-24,0.0,10.0,410.0,59.64,94.2,0.66,0.215,107.03,4.9,21.88,16.26,47.4,62.75,8.95,19.72,10a
2084,13_20251015_Terra_spont_1,65.0,8_20251024_Pluto_spont1,mouse B (Pluto),2025-10-24,0.0,10.0,410.0,93.55,201.74,0.82,0.325,176.89,10.69,48.62,11.14,181.67,60.67,9.2,18.75,10b
911,13_20251015_Terra_spont_1,66.0,8_20251024_Pluto_spont1,mouse B (Pluto),2025-10-24,1.0,20.0,420.0,105.01,117.83,0.98,0.145,198.57,6.15,18.21,11.3,204.09,57.98,5.42,15.86,
912,13_20251015_Terra_spont_1,67.0,8_20251024_Pluto_spont1,mouse B (Pluto),2025-10-24,2.0,40.0,440.0,50.75,110.63,0.5,0.258,25.7,6.37,50.43,13.3,72.56,59.29,7.65,16.45,
913,13_20251015_Terra_spont_1,68.0,8_20251024_Pluto_spont1,mouse B (Pluto),2025-10-24,3.0,60.0,460.0,116.7,140.86,1.0,0.258,226.93,7.04,55.41,14.84,214.07,63.14,10.69,18.62,
2091,13_20251015_Terra_spont_1,69.0,9_20251023_Pluto1,mouse B (Pluto),2025-10-23,0.0,5.0,425.0,50.16,86.83,0.5,0.128,14.51,5.12,17.44,9.23,41.03,60.91,8.16,17.84,5a
2092,13_20251015_Terra_spont_1,70.0,9_20251023_Pluto1,mouse B (Pluto),2025-10-23,0.0,5.0,425.0,39.97,150.76,0.38,0.302,23.9,5.55,27.14,14.04,34.7,61.36,8.32,17.67,5b
2093,13_20251015_Terra_spont_1,71.0,9_20251023_Pluto1,mouse B (Pluto),2025-10-23,0.0,10.0,430.0,79.27,119.15,0.7,0.163,68.06,10.55,57.79,10.7,187.9,59.26,4.99,18.99,10a
2094,13_20251015_Terra_spont_1,72.0,9_20251023_Pluto1,mouse B (Pluto),2025-10-23,0.0,10.0,430.0,81.54,117.32,0.66,0.092,70.11,6.16,50.09,13.47,174.3,60.88,7.04,18.57,10b
1011,13_20251015_Terra_spont_1,73.0,9_20251023_Pluto1,mouse B (Pluto),2025-10-23,1.0,20.0,440.0,45.07,182.4,0.36,0.292,55.57,9.38,24.93,12.82,48.42,63.3,5.71,18.13,
1012,13_20251015_Terra_spont_1,74.0,9_20251023_Pluto1,mouse B (Pluto),2025-10-23,2.0,40.0,460.0,117.14,180.13,0.88,0.185,199.25,8.75,52.48,8.62,230.92,56.72,9.49,20.41,
1013,13_20251015_Terra_spont_1,75.0,9_20251023_Pluto1,mouse B (Pluto),2025-10-23,3.0,60.0,480.0,44.74,211.4,0.4,0.253,74.82,6.99,48.9,9.65,48.56,55.34,4.69,16.79,
1014,13_20251015_Terra_spont_1,76.0,9_20251023_Pluto1,mouse B (Pluto),2025-10-23,4.0,80.0,500.0,86.81,114.98,0.96,0.398,83.71,8.34,57.54,9.93,205.77,54.94,6.45,18.84,
1015,13_20251015_Terra_spont_1,77.0,9_20251023_Pluto1,mouse B (Pluto),2025-10-23,5.0,100.0,520.0,104.79,209.35,0.72,0.253,60.62,8.58,43.75,10.38,42.23,64.57,9.94,17.43,
1016,13_20251015_Terra_spont_1,78.0,9_20251023_Pluto1,mouse B (Pluto),2025-10-23,6.0,120.0,540.0,101.06,167.47,0.88,0.165,185.42,5.75,33.64,10.74,199.97,55.91,5.26,20.92,
2101,13_20251015_Terra_spont_1,79.0,10_20251022_Pluto1,mouse B (Pluto),2025-10-22,0.0,5.0,505.0,106.32,193.8,0.84,0.235,79.82,54.2,50.35,9.43,109.9,60.61,6.99,19.39,5a
2102,13_20251015_Terra_spont_1,80.0,10_20251022_Pluto1,mouse B (Pluto),2025-10-22,0.0,5.0,505.0,196.92,214.36,0.98,0.15,41.35,531.98,20.3,11.37,180.2,59.45,6.06,18.51,5b
2103,13_20251015_Terra_spont_1,81.0,10_20251022_Pluto1,mouse B (Pluto),2025-10-22,0.0,10.0,510.0,100.64,110.07,0.98,0.285,193.79,8.31,47.9,10.62,192.67,52.56,7.09,16.58,10a
2104,13_20251015_Terra_spont_1,82.0,10_20251022_Pluto1,mouse B (Pluto),2025-10-22,0.0,10.0,510.0,85.94,126.86,0.86,0.182,195.71,7.58,49.4,10.22,45.02,51.69,4.72,22.21,10b
1111,13_20251015_Terra_spont_1,83.0,10_20251022_Pluto1,mouse B (Pluto),2025-10-22,1.0,20.0,520.0,78.82,112.41,0.74,0.098,70.84,9.74,55.51,12.08,193.77,54.37,6.4,20.23,
1112,13_20251015_Terra_spont_1,84.0,10_20251022_Pluto1,mouse B (Pluto),2025-10-22,2.0,40.0,540.0,89.22,142.57,0.78,0.195,75.42,38.24,19.67,11.66,196.28,66.91,6.57,18.95,
1113,13_20251015_Terra_spont_1,85.0,10_20251022_Pluto1,mouse B (Pluto),2025-10-22,3.0,60.0,560.0,95.51,114.21,0.96,0.14,192.2,6.2,47.25,8.23,200.8,61.64,8.04,19.02,
1114,13_20251015_Terra_spont_1,86.0,10_20251022_Pluto1,mouse B (Pluto),2025-10-22,4.0,80.0,580.0,98.89,198.81,0.82,0.15,179.87,15.81,27.51,9.67,57.3,56.88,5.81,14.85,
2111,13_20251015_Terra_spont_1,87.0,11_20251017_Terra_spont_1,mouse C (Terra),2025-10-17,0.0,5.0,545.0,83.6,102.92,0.84,0.203,72.02,5.86,55.88,13.45,200.08,40.97,8.27,20.85,5a
2112,13_20251015_Terra_spont_1,88.0,11_20251017_Terra_spont_1,mouse C (Terra),2025-10-17,0.0,5.0,545.0,167.45,239.57,0.84,0.305,24.1,446.9,53.1,11.01,28.92,62.74,4.47,22.37,5b
2113,13_20251015_Terra_spont_1,89.0,11_20251017_Terra_spont_1,mouse C (Terra),2025-10-17,0.0,10.0,550.0,98.67,111.94,0.88,0.415,184.27,7.73,60.37,9.04,197.67,53.95,5.75,16.04,10a
2114,13_20251015_Terra_spont_1,90.0,11_20251017_Terra_spont_1,mouse C (Terra),2025-10-17,0.0,10.0,550.0,104.59,207.05,0.98,0.357,188.81,7.85,49.97,10.82,207.24,49.83,5.8,10.5,10b
1211,13_20251015_Terra_spont_1,91.0,11_20251017_Terra_spont_1,mouse C (Terra),2025-10-17,1.0,20.0,560.0,75.12,125.79,0.7,0.245,67.22,3.92,15.41,14.1,174.92,37.54,4.39,19.28,
1212,13_20251015_Terra_spont_1,92.0,11_20251017_Terra_spont_1,mouse C (Terra),2025-10-17,2.0,40.0,580.0,69.13,116.64,0.56,0.237,18.55,0.0,11.86,12.01,73.44,40.07,0.0,5.65,
1213,13_20251015_Terra_spont_1,93.0,11_20251017_Terra_spont_1,mouse C (Terra),2025-10-17,3.0,60.0,600.0,66.69,95.99,0.78,0.34,65.82,7.41,41.17,15.63,158.67,30.85,4.62,11.71,
1214,13_20251015_Terra_spont_1,94.0,11_20251017_Terra_spont_1,mouse C (Terra),2025-10-17,4.0,80.0,620.0,79.44,98.12,0.94,0.34,65.9,10.0,19.87,12.22,183.73,38.97,4.04,15.76,
2121,0_first5minvedio,95.0,12_20251016_Terra_spont_2,mouse C (Terra),2025-10-16,0.0,5.0,585.0,12.24,15.92,0.0,0.975,10.38,3.63,8.82,5.24,12.21,4.93,16.28,10.37,5a
2121,1_20251031_Pluto_spont_1,95.0,12_20251016_Terra_spont_2,mouse C (Terra),2025-10-16,0.0,5.0,585.0,11.76,19.08,0.0,0.993,8.62,6.42,12.66,3.23,7.87,8.79,13.76,11.99,5a
2121,2_20251031_Pluto_spont_3,95.0,12_20251016_Terra_spont_2,mouse C (Terra),2025-10-16,0.0,5.0,585.0,7.41,13.02,0.04,0.924,11.56,2.31,3.59,3.15,5.42,1.29,4.63,4.67,5a
2121,3_20251031_Pluto_spont_2,95.0,12_20251016_Terra_spont_2,mouse C (Terra),2025-10-16,0.0,5.0,585.0,3.76,8.33,0.0,0.97,3.56,3.53,3.34,2.09,1.59,3.1,2.61,1.99,5a
2121,4_20251030_Pluto_spont_1,95.0,12_20251016_Terra_spont_2,mouse C (Terra),2025-10-16,0.0,5.0,585.0,15.5,26.39,0.0,0.905,14.88,14.08,22.97,8.48,2.54,1.99,4.04,3.67,5a
2121,5_20251029_Pluto_spont_1,95.0,12_20251016_Terra_spont_2,mouse C (Terra),2025-10-16,0.0,5.0,585.0,13.72,19.12,0.0,0.872,35.7,1.8,1.37,3.83,3.68,1.49,3.48,6.99,5a
2121,6_20251028_Pluto_spont_1,95.0,12_20251016_Terra_spont_2,mouse C (Terra),2025-10-16,0.0,5.0,585.0,8.01,13.17,0.0,0.902,16.98,2.09,1.81,3.04,7.04,6.59,4.4,5.59,5a
2121,7_20251027_Pluto_spont1,95.0,12_20251016_Terra_spont_2,mouse C (Terra),2025-10-16,0.0,5.0,585.0,6.75,9.39,0.0,0.975,11.09,2.05,1.67,5.58,10.46,1.08,2.89,6.57,5a
2121,8_20251024_Pluto_spont1,95.0,12_20251016_Terra_spont_2,mouse C (Terra),2025-10-16,0.0,5.0,585.0,20.0,51.42,0.18,0.733,24.74,28.81,31.19,11.31,5.53,13.26,2.73,4.55,5a
2121,9_20251023_Pluto1,95.0,12_20251016_Terra_spont_2,mouse C (Terra),2025-10-16,0.0,5.0,585.0,9.17,15.83,0.02,0.86,7.14,16.27,9.48,5.73,3.55,4.18,6.65,4.81,5a
2121,10_20251022_Pluto1,95.0,12_20251016_Terra_spont_2,mouse C (Terra),2025-10-16,0.0,5.0,585.0,10.95,24.64,0.02,0.843,7.82,14.6,7.02,10.05,9.51,8.75,2.9,2.85,5a
2121,11_20251017_Terra_spont_1,95.0,12_20251016_Terra_spont_2,mouse C (Terra),2025-10-16,0.0,5.0,585.0,9.01,13.49,0.02,0.943,6.56,3.53,3.15,5.83,5.26,5.24,9.19,8.86,5a
2121,12_20251016_Terra_spont_2,95.0,12_20251016_Terra_spont_2,mouse C (Terra),2025-10-16,0.0,5.0,585.0,5.79,7.99,0.0,0.843,7.23,3.0,2.76,2.23,6.01,2.94,6.13,4.48,5a
2121,13_20251015_Terra_spont_1,95.0,12_20251016_Terra_spont_2,mouse C (Terra),2025-10-16,0.0,5.0,585.0,27.5,84.39,0.32,0.51,9.0,10.98,16.66,8.6,24.67,30.28,4.83,13.94,5a
1311,13_20251015_Terra_spont_1,96.0,12_20251016_Terra_spont_2,mouse C (Terra),2025-10-16,1.0,20.0,600.0,31.48,68.07,0.44,0.562,7.79,17.85,15.99,8.87,65.0,11.05,4.15,10.6,
1312,0_first5minvedio,97.0,12_20251016_Terra_spont_2,mouse C (Terra),2025-10-16,2.0,40.0,620.0,12.42,15.72,0.0,0.975,11.93,4.18,7.24,6.11,12.32,5.24,16.27,11.97,
1312,1_20251031_Pluto_spont_1,97.0,12_20251016_Terra_spont_2,mouse C (Terra),2025-10-16,2.0,40.0,620.0,11.79,19.08,0.0,0.975,9.58,6.82,13.37,3.11,7.8,8.34,13.51,12.53,
1312,2_20251031_Pluto_spont_3,97.0,12_20251016_Terra_spont_2,mouse C (Terra),2025-10-16,2.0,40.0,620.0,6.84,19.21,0.02,0.95,11.52,1.68,3.21,3.19,5.46,1.38,4.07,4.54,
1312,3_20251031_Pluto_spont_2,97.0,12_20251016_Terra_spont_2,mouse C (Terra),2025-10-16,2.0,40.0,620.0,4.14,23.13,0.0,0.955,4.25,3.58,2.52,2.21,1.48,3.0,2.37,2.21,
1312,4_20251030_Pluto_spont_1,97.0,12_20251016_Terra_spont_2,mouse C (Terra),2025-10-16,2.0,40.0,620.0,15.85,33.64,0.02,0.885,14.71,14.25,28.5,8.84,3.31,2.1,4.63,2.64,
1312,5_20251029_Pluto_spont_1,97.0,12_20251016_Terra_spont_2,mouse C (Terra),2025-10-16,2.0,40.0,620.0,11.63,18.25,0.0,0.855,29.56,1.57,1.58,3.32,4.66,2.35,3.78,7.89,
1312,6_20251028_Pluto_spont_1,97.0,12_20251016_Terra_spont_2,mouse C (Terra),2025-10-16,2.0,40.0,620.0,7.61,13.65,0.0,0.948,8.01,1.57,2.32,5.09,5.71,7.02,2.46,5.26,
1312,7_20251027_Pluto_spont1,97.0,12_20251016_Terra_spont_2,mouse C (Terra),2025-10-16,2.0,40.0,620.0,5.93,8.29,0.0,0.968,8.83,1.76,1.85,5.63,5.87,1.06,2.78,5.28,
1312,8_20251024_Pluto_spont1,97.0,12_20251016_Terra_spont_2,mouse C (Terra),2025-10-16,2.0,40.0,620.0,19.84,42.61,0.06,0.786,29.09,26.41,14.24,12.73,6.73,11.37,3.57,3.74,
1312,9_20251023_Pluto1,97.0,12_20251016_Terra_spont_2,mouse C (Terra),2025-10-16,2.0,40.0,620.0,9.45,18.61,0.0,0.863,6.76,14.44,9.02,6.63,3.42,5.61,7.13,5.22,
1312,10_20251022_Pluto1,97.0,12_20251016_Terra_spont_2,mouse C (Terra),2025-10-16,2.0,40.0,620.0,10.67,25.41,0.02,0.9,7.77,12.01,6.8,9.31,9.41,10.29,3.04,2.38,
1312,11_20251017_Terra_spont_1,97.0,12_20251016_Terra_spont_2,mouse C (Terra),2025-10-16,2.0,40.0,620.0,8.94,13.03,0.02,0.96,6.08,3.93,3.42,6.06,5.71,5.86,9.85,8.45,
1312,12_20251016_Terra_spont_2,97.0,12_20251016_Terra_spont_2,mouse C (Terra),2025-10-16,2.0,40.0,620.0,5.84,7.65,0.0,0.963,7.57,1.91,2.92,4.34,4.76,2.45,6.9,3.73,
1312,13_20251015_Terra_spont_1,97.0,12_20251016_Terra_spont_2,mouse C (Terra),2025-10-16,2.0,40.0,620.0,58.07,69.85,0.56,0.637,10.34,18.17,50.49,12.37,157.9,7.48,5.38,8.35,
1411,0_first5minvedio,98.0,13_20251015_Terra_spont_1,mouse C (Terra),2025-10-15,1.0,20.0,600.0,12.01,16.99,0.0,0.975,10.63,3.89,7.36,5.11,11.58,5.15,16.49,10.61,
1411,1_20251031_Pluto_spont_1,98.0,13_20251015_Terra_spont_1,mouse C (Terra),2025-10-15,1.0,20.0,600.0,12.06,18.69,0.0,0.975,8.86,7.37,12.84,3.86,7.81,8.3,13.92,12.14,
1411,2_20251031_Pluto_spont_3,98.0,13_20251015_Terra_spont_1,mouse C (Terra),2025-10-15,1.0,20.0,600.0,7.39,13.49,0.02,0.955,11.67,2.84,3.72,3.28,5.21,1.33,4.22,4.49,
1411,3_20251031_Pluto_spont_2,98.0,13_20251015_Terra_spont_1,mouse C (Terra),2025-10-15,1.0,20.0,600.0,4.09,22.5,0.0,0.957,6.26,3.03,2.64,2.25,1.6,3.16,2.44,2.93,
1411,4_20251030_Pluto_spont_1,98.0,13_20251015_Terra_spont_1,mouse C (Terra),2025-10-15,1.0,20.0,600.0,15.48,31.11,0.0,0.88,14.27,14.43,24.03,9.43,3.17,1.49,4.38,2.9,
1411,5_20251029_Pluto_spont_1,98.0,13_20251015_Terra_spont_1,mouse C (Terra),2025-10-15,1.0,20.0,600.0,13.68,21.11,0.02,0.927,35.5,1.81,1.29,2.6,3.8,1.61,4.05,7.46,
1411,6_20251028_Pluto_spont_1,98.0,13_20251015_Terra_spont_1,mouse C (Terra),2025-10-15,1.0,20.0,600.0,11.86,15.4,0.0,0.83,18.51,1.87,1.33,3.51,5.82,6.99,3.04,5.03,
1411,7_20251027_Pluto_spont1,98.0,13_20251015_Terra_spont_1,mouse C (Terra),2025-10-15,1.0,20.0,600.0,6.64,9.26,0.0,0.975,9.44,2.38,1.75,4.7,10.98,1.16,3.48,6.01,
1411,8_20251024_Pluto_spont1,98.0,13_20251015_Terra_spont_1,mouse C (Terra),2025-10-15,1.0,20.0,600.0,19.11,49.74,0.08,0.801,21.67,19.96,26.86,11.64,8.25,10.46,3.83,3.91,
1411,9_20251023_Pluto1,98.0,13_20251015_Terra_spont_1,mouse C (Terra),2025-10-15,1.0,20.0,600.0,8.85,19.14,0.0,0.868,9.98,12.44,8.85,6.43,3.63,5.63,6.18,3.48,
1411,10_20251022_Pluto1,98.0,13_20251015_Terra_spont_1,mouse C (Terra),2025-10-15,1.0,20.0,600.0,11.12,25.89,0.02,0.948,8.35,13.72,7.38,11.04,11.85,10.01,3.74,2.13,
1411,11_20251017_Terra_spont_1,98.0,13_20251015_Terra_spont_1,mouse C (Terra),2025-10-15,1.0,20.0,600.0,8.77,13.48,0.02,0.958,6.42,3.91,3.07,6.98,5.58,4.23,9.55,8.8,
1411,12_20251016_Terra_spont_2,98.0,13_20251015_Terra_spont_1,mouse C (Terra),2025-10-15,1.0,20.0,600.0,7.57,10.19,0.0,0.945,8.39,3.02,2.08,4.91,13.8,2.96,5.23,2.6,
1411,13_20251015_Terra_spont_1,98.0,13_20251015_Terra_spont_1,mouse C (Terra),2025-10-15,1.0,20.0,600.0,9.43,16.04,0.0,0.863,6.1,3.35,9.93,6.93,6.77,7.24,3.3,12.32,
2122,0_first5minvedio,96.0,12_20251016_Terra_spont_2,mouse C (Terra),2025-10-16,0.0,5.0,585.0,11.88,15.24,0.0,0.957,10.57,4.3,8.1,5.3,12.43,5.09,15.87,9.93,5b
2122,1_20251031_Pluto_spont_1,96.0,12_20251016_Terra_spont_2,mouse C (Terra),2025-10-16,0.0,5.0,585.0,11.9,18.78,0.0,0.98,8.53,6.05,12.76,3.0,8.52,7.67,12.6,12.38,5b
2122,2_20251031_Pluto_spont_3,96.0,12_20251016_Terra_spont_2,mouse C (Terra),2025-10-16,0.0,5.0,585.0,7.11,13.75,0.02,0.952,12.84,1.98,3.61,3.08,5.04,1.74,4.29,4.81,5b
2122,3_20251031_Pluto_spont_2,96.0,12_20251016_Terra_spont_2,mouse C (Terra),2025-10-16,0.0,5.0,585.0,3.75,13.48,0.0,0.96,4.76,3.19,1.99,1.79,1.6,2.72,2.46,1.73,5b
2122,4_20251030_Pluto_spont_1,96.0,12_20251016_Terra_spont_2,mouse C (Terra),2025-10-16,0.0,5.0,585.0,15.67,25.58,0.02,0.895,13.96,14.74,25.48,8.91,4.02,2.66,4.83,3.41,5b
2122,5_20251029_Pluto_spont_1,96.0,12_20251016_Terra_spont_2,mouse C (Terra),2025-10-16,0.0,5.0,585.0,12.15,18.23,0.0,0.925,30.76,1.67,1.39,2.99,5.3,1.48,3.35,8.49,5b
2122,6_20251028_Pluto_spont_1,96.0,12_20251016_Terra_spont_2,mouse C (Terra),2025-10-16,0.0,5.0,585.0,7.08,12.87,0.02,0.907,10.3,2.07,1.6,3.06,5.6,4.93,2.38,5.07,5b
2122,7_20251027_Pluto_spont1,96.0,12_20251016_Terra_spont_2,mouse C (Terra),2025-10-16,0.0,5.0,585.0,6.63,8.77,0.0,0.99,10.21,1.43,1.66,4.47,11.24,1.16,2.54,3.62,5b
2122,8_20251024_Pluto_spont1,96.0,12_20251016_Terra_spont_2,mouse C (Terra),2025-10-16,0.0,5.0,585.0,18.48,50.71,0.12,0.796,20.7,26.19,21.7,11.43,5.38,9.71,4.02,4.39,5b
2122,9_20251023_Pluto1,96.0,12_20251016_Terra_spont_2,mouse C (Terra),2025-10-16,0.0,5.0,585.0,8.67,15.78,0.0,0.873,6.25,15.0,8.15,5.2,3.16,4.95,6.13,3.79,5b
2122,10_20251022_Pluto1,96.0,12_20251016_Terra_spont_2,mouse C (Terra),2025-10-16,0.0,5.0,585.0,10.93,25.91,0.02,0.927,7.23,14.58,6.47,10.1,9.79,11.22,2.96,2.26,5b
2122,11_20251017_Terra_spont_1,96.0,12_20251016_Terra_spont_2,mouse C (Terra),2025-10-16,0.0,5.0,585.0,8.85,14.36,0.0,0.978,6.48,4.44,3.29,6.82,5.62,5.15,9.49,8.79,5b
2122,12_20251016_Terra_spont_2,96.0,12_20251016_Terra_spont_2,mouse C (Terra),2025-10-16,0.0,5.0,585.0,6.63,8.73,0.0,0.927,5.33,2.21,2.69,2.41,12.0,2.64,3.43,3.55,5b
2122,13_20251015_Terra_spont_1,96.0,12_20251016_Terra_spont_2,mouse C (Terra),2025-10-16,0.0,5.0,585.0,69.3,103.59,0.62,0.43,12.11,9.35,15.56,9.87,54.93,17.26,4.71,13.19,5b
2123,0_first5minvedio,97.0,12_20251016_Terra_spont_2,mouse C (Terra),2025-10-16,0.0,10.0,590.0,12.84,19.01,0.0,0.887,11.51,3.72,8.04,4.97,12.61,4.69,16.58,12.3,10a
2123,1_20251031_Pluto_spont_1,97.0,12_20251016_Terra_spont_2,mouse C (Terra),2025-10-16,0.0,10.0,590.0,12.32,20.17,0.0,0.988,9.58,7.81,12.45,3.95,8.01,8.22,14.16,12.52,10a
2123,2_20251031_Pluto_spont_3,97.0,12_20251016_Terra_spont_2,mouse C (Terra),2025-10-16,0.0,10.0,590.0,7.38,13.22,0.02,0.929,12.55,2.06,3.72,3.04,5.5,1.63,4.81,4.41,10a
2123,3_20251031_Pluto_spont_2,97.0,12_20251016_Terra_spont_2,mouse C (Terra),2025-10-16,0.0,10.0,590.0,3.89,23.69,0.0,0.972,3.77,3.47,2.97,1.85,1.66,2.26,2.27,2.17,10a
2123,4_20251030_Pluto_spont_1,97.0,12_20251016_Terra_spont_2,mouse C (Terra),2025-10-16,0.0,10.0,590.0,16.27,29.81,0.08,0.855,13.53,15.22,22.87,8.92,3.96,1.95,3.78,3.76,10a
2123,5_20251029_Pluto_spont_1,97.0,12_20251016_Terra_spont_2,mouse C (Terra),2025-10-16,0.0,10.0,590.0,12.57,18.38,0.0,0.877,31.48,2.11,1.62,1.96,4.4,2.07,3.99,10.59,10a
2123,6_20251028_Pluto_spont_1,97.0,12_20251016_Terra_spont_2,mouse C (Terra),2025-10-16,0.0,10.0,590.0,10.94,14.51,0.0,0.772,24.43,2.76,1.71,5.16,4.89,9.12,3.83,5.51,10a
2123,7_20251027_Pluto_spont1,97.0,12_20251016_Terra_spont_2,mouse C (Terra),2025-10-16,0.0,10.0,590.0,6.96,9.46,0.0,0.99,10.44,1.77,1.77,5.5,10.67,2.46,3.23,4.08,10a
2123,8_20251024_Pluto_spont1,97.0,12_20251016_Terra_spont_2,mouse C (Terra),2025-10-16,0.0,10.0,590.0,17.6,37.7,0.04,0.781,19.59,29.32,14.17,11.87,5.34,11.56,4.82,4.78,10a
2123,9_20251023_Pluto1,97.0,12_20251016_Terra_spont_2,mouse C (Terra),2025-10-16,0.0,10.0,590.0,9.38,19.61,0.02,0.877,7.26,15.55,9.51,5.64,3.51,4.82,6.79,3.74,10a
2123,10_20251022_Pluto1,97.0,12_20251016_Terra_spont_2,mouse C (Terra),2025-10-16,0.0,10.0,590.0,11.11,26.48,0.06,0.855,8.04,11.09,6.52,10.12,9.07,9.82,3.33,3.08,10a
2123,11_20251017_Terra_spont_1,97.0,12_20251016_Terra_spont_2,mouse C (Terra),2025-10-16,0.0,10.0,590.0,9.06,14.65,0.02,0.955,6.83,4.12,2.89,6.28,5.88,4.98,8.87,9.32,10a
2123,12_20251016_Terra_spont_2,97.0,12_20251016_Terra_spont_2,mouse C (Terra),2025-10-16,0.0,10.0,590.0,5.99,7.7,0.0,0.97,7.94,3.04,2.16,2.59,5.78,5.95,4.23,4.26,10a
2123,13_20251015_Terra_spont_1,97.0,12_20251016_Terra_spont_2,mouse C (Terra),2025-10-16,0.0,10.0,590.0,20.52,60.85,0.18,0.42,8.4,13.73,14.88,10.83,18.09,32.54,4.3,13.28,10a
2124,0_first5minvedio,98.0,12_20251016_Terra_spont_2,mouse C (Terra),2025-10-16,0.0,10.0,590.0,12.48,18.32,0.0,0.9,11.16,3.51,8.24,5.3,10.78,5.37,14.24,10.38,10b
2124,1_20251031_Pluto_spont_1,98.0,12_20251016_Terra_spont_2,mouse C (Terra),2025-10-16,0.0,10.0,590.0,12.03,20.38,0.0,0.985,9.21,7.14,12.32,4.77,7.97,8.54,14.08,11.99,10b
2124,2_20251031_Pluto_spont_3,98.0,12_20251016_Terra_spont_2,mouse C (Terra),2025-10-16,0.0,10.0,590.0,7.5,28.4,0.1,0.919,15.07,2.53,3.01,3.11,4.79,1.28,4.32,5.39,10b
2124,3_20251031_Pluto_spont_2,98.0,12_20251016_Terra_spont_2,mouse C (Terra),2025-10-16,0.0,10.0,590.0,4.22,21.45,0.0,0.94,3.98,3.46,3.38,2.3,1.33,2.43,2.73,2.15,10b
2124,4_20251030_Pluto_spont_1,98.0,12_20251016_Terra_spont_2,mouse C (Terra),2025-10-16,0.0,10.0,590.0,15.87,30.74,0.04,0.917,15.06,14.38,25.55,9.89,3.23,1.91,4.62,3.48,10b
2124,5_20251029_Pluto_spont_1,98.0,12_20251016_Terra_spont_2,mouse C (Terra),2025-10-16,0.0,10.0,590.0,13.14,19.01,0.0,0.855,33.94,2.42,1.38,2.56,3.44,2.33,3.66,7.95,10b
2124,6_20251028_Pluto_spont_1,98.0,12_20251016_Terra_spont_2,mouse C (Terra),2025-10-16,0.0,10.0,590.0,6.16,10.02,0.0,0.877,6.75,2.5,1.95,4.13,4.53,9.0,2.51,5.01,10b
2124,7_20251027_Pluto_spont1,98.0,12_20251016_Terra_spont_2,mouse C (Terra),2025-10-16,0.0,10.0,590.0,6.91,9.97,0.0,0.915,10.74,2.18,2.89,7.01,10.69,1.54,2.97,4.61,10b
2124,8_20251024_Pluto_spont1,98.0,12_20251016_Terra_spont_2,mouse C (Terra),2025-10-16,0.0,10.0,590.0,21.4,45.74,0.08,0.776,28.03,26.65,15.92,12.86,6.92,10.11,3.63,5.13,10b
2124,9_20251023_Pluto1,98.0,12_20251016_Terra_spont_2,mouse C (Terra),2025-10-16,0.0,10.0,590.0,9.4,18.01,0.0,0.823,7.98,14.95,10.3,5.42,3.48,4.5,5.54,4.44,10b
2124,10_20251022_Pluto1,98.0,12_20251016_Terra_spont_2,mouse C (Terra),2025-10-16,0.0,10.0,590.0,10.77,26.46,0.04,0.812,7.41,12.39,5.81,10.96,8.83,10.18,3.35,3.09,10b
2124,11_20251017_Terra_spont_1,98.0,12_20251016_Terra_spont_2,mouse C (Terra),2025-10-16,0.0,10.0,590.0,9.23,14.7,0.02,0.917,7.46,4.68,2.67,7.13,5.12,5.29,9.41,9.07,10b
2124,12_20251016_Terra_spont_2,98.0,12_20251016_Terra_spont_2,mouse C (Terra),2025-10-16,0.0,10.0,590.0,5.96,8.14,0.0,0.91,6.74,2.49,2.97,2.53,7.51,3.09,5.29,4.12,10b
2124,13_20251015_Terra_spont_1,98.0,12_20251016_Terra_spont_2,mouse C (Terra),2025-10-16,0.0,10.0,590.0,88.67,120.93,0.86,0.318,175.39,5.13,15.91,10.46,173.42,15.57,5.8,14.58,10b
2131,0_first5minvedio,101.0,13_20251015_Terra_spont_1,mouse C (Terra),2025-10-15,0.0,5.0,585.0,12.0,16.41,0.0,0.972,10.36,3.98,8.8,5.53,12.35,5.44,16.17,10.7,5a
2131,1_20251031_Pluto_spont_1,101.0,13_20251015_Terra_spont_1,mouse C (Terra),2025-10-15,0.0,5.0,585.0,11.84,19.71,0.0,0.995,9.12,5.36,12.66,2.9,7.81,7.99,13.41,11.66,5a
2131,2_20251031_Pluto_spont_3,101.0,13_20251015_Terra_spont_1,mouse C (Terra),2025-10-15,0.0,5.0,585.0,7.18,13.58,0.02,0.955,12.53,2.3,3.3,3.04,5.47,1.47,4.72,4.89,5a
2131,3_20251031_Pluto_spont_2,101.0,13_20251015_Terra_spont_1,mouse C (Terra),2025-10-15,0.0,5.0,585.0,4.03,23.21,0.0,0.97,5.1,3.76,2.54,2.74,1.6,2.27,2.35,1.71,5a
2131,4_20251030_Pluto_spont_1,101.0,13_20251015_Terra_spont_1,mouse C (Terra),2025-10-15,0.0,5.0,585.0,15.48,29.57,0.0,0.845,15.05,15.52,25.9,8.67,2.89,1.91,3.79,2.9,5a
2131,5_20251029_Pluto_spont_1,101.0,13_20251015_Terra_spont_1,mouse C (Terra),2025-10-15,0.0,5.0,585.0,12.77,18.27,0.0,0.902,34.18,2.45,1.29,3.6,4.17,1.21,3.43,7.31,5a
2131,6_20251028_Pluto_spont_1,101.0,13_20251015_Terra_spont_1,mouse C (Terra),2025-10-15,0.0,5.0,585.0,11.1,15.51,0.0,0.88,27.24,2.31,1.58,3.74,6.81,8.28,3.37,5.68,5a
2131,7_20251027_Pluto_spont1,101.0,13_20251015_Terra_spont_1,mouse C (Terra),2025-10-15,0.0,5.0,585.0,6.92,9.67,0.0,0.985,12.19,2.1,1.83,5.28,10.03,0.97,2.55,4.01,5a
2131,8_20251024_Pluto_spont1,101.0,13_20251015_Terra_spont_1,mouse C (Terra),2025-10-15,0.0,5.0,585.0,22.23,50.61,0.12,0.71,27.72,29.17,21.01,12.29,6.59,10.03,4.46,4.56,5a
2131,9_20251023_Pluto1,101.0,13_20251015_Terra_spont_1,mouse C (Terra),2025-10-15,0.0,5.0,585.0,9.77,16.4,0.0,0.92,8.55,14.91,11.12,6.12,3.4,4.4,5.5,4.1,5a
2131,10_20251022_Pluto1,101.0,13_20251015_Terra_spont_1,mouse C (Terra),2025-10-15,0.0,5.0,585.0,10.15,25.13,0.02,0.873,8.17,12.9,6.98,9.3,8.61,9.02,3.75,2.86,5a
2131,11_20251017_Terra_spont_1,101.0,13_20251015_Terra_spont_1,mouse C (Terra),2025-10-15,0.0,5.0,585.0,9.05,13.25,0.0,0.963,6.8,5.04,3.58,6.18,5.64,5.82,9.55,9.02,5a
2131,12_20251016_Terra_spont_2,101.0,13_20251015_Terra_spont_1,mouse C (Terra),2025-10-15,0.0,5.0,585.0,7.45,13.26,0.0,0.815,5.74,3.21,3.19,3.7,13.85,3.21,3.36,2.63,5a
2131,13_20251015_Terra_spont_1,101.0,13_20251015_Terra_spont_1,mouse C (Terra),2025-10-15,0.0,5.0,585.0,10.46,30.41,0.08,0.72,6.22,3.5,10.87,6.62,8.52,7.98,4.01,8.94,5a
2132,0_first5minvedio,102.0,13_20251015_Terra_spont_1,mouse C (Terra),2025-10-15,0.0,5.0,585.0,12.09,16.02,0.0,0.967,11.12,3.35,7.46,5.24,12.08,5.6,15.02,10.82,5b
2132,1_20251031_Pluto_spont_1,102.0,13_20251015_Terra_spont_1,mouse C (Terra),2025-10-15,0.0,5.0,585.0,11.71,18.79,0.0,0.975,9.47,6.15,12.72,3.42,7.93,7.16,13.35,12.25,5b
2132,2_20251031_Pluto_spont_3,102.0,13_20251015_Terra_spont_1,mouse C (Terra),2025-10-15,0.0,5.0,585.0,6.9,11.91,0.02,0.942,12.05,2.79,3.41,3.1,5.21,1.58,4.68,4.56,5b
2132,3_20251031_Pluto_spont_2,102.0,13_20251015_Terra_spont_1,mouse C (Terra),2025-10-15,0.0,5.0,585.0,4.18,21.59,0.0,0.957,5.72,3.46,2.99,2.32,1.78,2.53,2.12,2.0,5b
2132,4_20251030_Pluto_spont_1,102.0,13_20251015_Terra_spont_1,mouse C (Terra),2025-10-15,0.0,5.0,585.0,16.25,30.92,0.02,0.853,14.67,13.45,25.98,9.04,3.14,1.62,4.7,2.9,5b
2132,5_20251029_Pluto_spont_1,102.0,13_20251015_Terra_spont_1,mouse C (Terra),2025-10-15,0.0,5.0,585.0,14.04,19.34,0.0,0.85,33.05,2.14,1.5,3.96,5.35,1.45,3.26,6.77,5b
2132,6_20251028_Pluto_spont_1,102.0,13_20251015_Terra_spont_1,mouse C (Terra),2025-10-15,0.0,5.0,585.0,8.57,12.64,0.0,0.877,14.41,1.8,1.76,4.79,6.59,4.91,2.94,4.9,5b
2132,7_20251027_Pluto_spont1,102.0,13_20251015_Terra_spont_1,mouse C (Terra),2025-10-15,0.0,5.0,585.0,6.14,9.2,0.0,0.998,9.46,2.06,1.32,4.96,10.27,1.19,2.53,4.2,5b
2132,8_20251024_Pluto_spont1,102.0,13_20251015_Terra_spont_1,mouse C (Terra),2025-10-15,0.0,5.0,585.0,18.41,45.89,0.04,0.846,17.75,24.23,16.74,11.8,6.04,11.21,3.38,4.26,5b
2132,9_20251023_Pluto1,102.0,13_20251015_Terra_spont_1,mouse C (Terra),2025-10-15,0.0,5.0,585.0,8.67,14.1,0.0,0.882,8.04,14.69,8.47,6.12,3.5,4.33,5.06,4.4,5b
2132,10_20251022_Pluto1,102.0,13_20251015_Terra_spont_1,mouse C (Terra),2025-10-15,0.0,5.0,585.0,10.3,26.67,0.02,0.917,8.1,12.25,5.1,11.12,9.68,9.78,2.74,2.37,5b
2132,11_20251017_Terra_spont_1,102.0,13_20251015_Terra_spont_1,mouse C (Terra),2025-10-15,0.0,5.0,585.0,8.84,13.6,0.02,0.96,6.43,4.85,3.49,6.5,5.49,5.13,10.05,9.12,5b
2132,12_20251016_Terra_spont_2,102.0,13_20251015_Terra_spont_1,mouse C (Terra),2025-10-15,0.0,5.0,585.0,5.45,11.59,0.0,0.875,6.13,2.39,2.6,2.48,5.96,2.67,4.65,3.88,5b
2132,13_20251015_Terra_spont_1,102.0,13_20251015_Terra_spont_1,mouse C (Terra),2025-10-15,0.0,5.0,585.0,16.03,68.37,0.14,0.743,7.19,4.14,14.54,7.9,11.09,11.44,5.18,11.31,5b
1412,0_first5minvedio,104.0,13_20251015_Terra_spont_1,mouse C (Terra),2025-10-15,2.0,40.0,620.0,12.48,15.91,0.0,0.952,10.55,3.6,7.97,5.46,12.24,5.4,16.35,11.67,
1412,1_20251031_Pluto_spont_1,104.0,13_20251015_Terra_spont_1,mouse C (Terra),2025-10-15,2.0,40.0,620.0,12.14,20.23,0.0,0.99,9.49,7.21,13.41,3.47,7.65,8.99,13.79,11.85,
1412,2_20251031_Pluto_spont_3,104.0,13_20251015_Terra_spont_1,mouse C (Terra),2025-10-15,2.0,40.0,620.0,7.19,15.04,0.0,0.947,12.7,1.71,3.75,3.46,6.4,1.88,4.24,4.7,
1412,3_20251031_Pluto_spont_2,104.0,13_20251015_Terra_spont_1,mouse C (Terra),2025-10-15,2.0,40.0,620.0,4.64,14.08,0.0,0.965,6.17,4.37,3.03,2.58,2.22,3.1,2.79,2.13,
1412,4_20251030_Pluto_spont_1,104.0,13_20251015_Terra_spont_1,mouse C (Terra),2025-10-15,2.0,40.0,620.0,15.23,26.42,0.02,0.93,13.62,15.36,22.04,9.33,3.25,3.8,3.25,2.51,
1412,5_20251029_Pluto_spont_1,104.0,13_20251015_Terra_spont_1,mouse C (Terra),2025-10-15,2.0,40.0,620.0,12.15,18.85,0.0,0.897,31.92,1.83,0.97,3.8,4.63,2.48,3.05,7.98,
1412,6_20251028_Pluto_spont_1,104.0,13_20251015_Terra_spont_1,mouse C (Terra),2025-10-15,2.0,40.0,620.0,8.43,14.29,0.0,0.877,14.38,2.44,1.87,7.42,4.91,5.58,2.74,4.86,
1412,7_20251027_Pluto_spont1,104.0,13_20251015_Terra_spont_1,mouse C (Terra),2025-10-15,2.0,40.0,620.0,6.34,8.8,0.0,0.953,9.36,1.99,1.85,5.22,8.91,1.19,3.18,4.56,
1412,8_20251024_Pluto_spont1,104.0,13_20251015_Terra_spont_1,mouse C (Terra),2025-10-15,2.0,40.0,620.0,20.76,50.02,0.1,0.834,21.64,27.78,18.32,11.9,6.43,11.3,3.46,4.54,
1412,9_20251023_Pluto1,104.0,13_20251015_Terra_spont_1,mouse C (Terra),2025-10-15,2.0,40.0,620.0,9.02,16.58,0.0,0.927,7.67,14.0,7.57,6.01,4.63,4.59,5.56,3.67,
1412,10_20251022_Pluto1,104.0,13_20251015_Terra_spont_1,mouse C (Terra),2025-10-15,2.0,40.0,620.0,10.38,25.82,0.02,0.943,8.63,11.92,6.58,9.49,10.52,9.28,3.65,3.12,
1412,11_20251017_Terra_spont_1,104.0,13_20251015_Terra_spont_1,mouse C (Terra),2025-10-15,2.0,40.0,620.0,9.15,13.08,0.04,0.965,7.21,4.08,4.0,5.88,6.22,5.55,9.05,8.36,
1412,12_20251016_Terra_spont_2,104.0,13_20251015_Terra_spont_1,mouse C (Terra),2025-10-15,2.0,40.0,620.0,8.78,11.36,0.0,0.88,11.31,1.61,2.7,2.97,14.99,3.34,8.14,4.13,
1412,13_20251015_Terra_spont_1,104.0,13_20251015_Terra_spont_1,mouse C (Terra),2025-10-15,2.0,40.0,620.0,9.44,14.1,0.0,0.93,6.71,4.18,10.62,7.91,7.26,7.95,3.61,8.57,
1413,0_first5minvedio,105.0,13_20251015_Terra_spont_1,mouse C (Terra),2025-10-15,3.0,60.0,640.0,12.33,17.56,0.0,0.992,11.21,4.44,7.12,5.51,11.94,5.33,15.4,11.76,
1413,1_20251031_Pluto_spont_1,105.0,13_20251015_Terra_spont_1,mouse C (Terra),2025-10-15,3.0,60.0,640.0,11.6,18.78,0.0,0.988,8.94,4.95,13.49,3.33,8.04,8.57,13.29,12.47,
1413,2_20251031_Pluto_spont_3,105.0,13_20251015_Terra_spont_1,mouse C (Terra),2025-10-15,3.0,60.0,640.0,6.92,12.85,0.0,0.957,10.67,1.77,3.35,3.34,4.73,1.58,3.98,4.59,
1413,3_20251031_Pluto_spont_2,105.0,13_20251015_Terra_spont_1,mouse C (Terra),2025-10-15,3.0,60.0,640.0,4.0,8.82,0.0,0.97,4.96,2.74,2.0,2.44,1.54,2.73,2.44,1.93,
1413,4_20251030_Pluto_spont_1,105.0,13_20251015_Terra_spont_1,mouse C (Terra),2025-10-15,3.0,60.0,640.0,16.1,31.37,0.02,0.877,15.9,14.7,28.27,9.1,3.63,2.62,3.75,2.91,
1413,5_20251029_Pluto_spont_1,105.0,13_20251015_Terra_spont_1,mouse C (Terra),2025-10-15,3.0,60.0,640.0,14.15,20.4,0.0,0.922,35.16,2.09,1.27,3.55,4.51,1.61,3.85,9.05,
1413,6_20251028_Pluto_spont_1,105.0,13_20251015_Terra_spont_1,mouse C (Terra),2025-10-15,3.0,60.0,640.0,7.51,14.58,0.02,0.9,8.07,1.78,1.93,4.44,4.76,10.34,3.23,5.01,
1413,7_20251027_Pluto_spont1,105.0,13_20251015_Terra_spont_1,mouse C (Terra),2025-10-15,3.0,60.0,640.0,7.19,8.79,0.0,0.95,11.29,2.69,2.1,5.07,10.67,1.46,4.77,3.75,
1413,8_20251024_Pluto_spont1,105.0,13_20251015_Terra_spont_1,mouse C (Terra),2025-10-15,3.0,60.0,640.0,22.38,49.25,0.06,0.766,21.73,28.23,18.98,11.7,6.4,10.11,3.23,4.81,
1413,9_20251023_Pluto1,105.0,13_20251015_Terra_spont_1,mouse C (Terra),2025-10-15,3.0,60.0,640.0,8.79,16.1,0.0,0.825,6.61,14.92,9.39,6.71,3.11,7.15,5.88,3.66,
1413,10_20251022_Pluto1,105.0,13_20251015_Terra_spont_1,mouse C (Terra),2025-10-15,3.0,60.0,640.0,10.69,25.64,0.02,0.853,7.81,12.67,5.39,10.03,9.7,9.59,4.93,2.46,
1413,11_20251017_Terra_spont_1,105.0,13_20251015_Terra_spont_1,mouse C (Terra),2025-10-15,3.0,60.0,640.0,9.19,13.2,0.02,0.935,7.56,4.89,3.35,5.98,6.09,6.24,9.62,8.58,
1413,12_20251016_Terra_spont_2,105.0,13_20251015_Terra_spont_1,mouse C (Terra),2025-10-15,3.0,60.0,640.0,6.6,9.84,0.0,0.912,9.17,2.75,3.19,4.8,8.52,2.79,5.69,3.09,
1413,13_20251015_Terra_spont_1,105.0,13_20251015_Terra_spont_1,mouse C (Terra),2025-10-15,3.0,60.0,640.0,9.67,13.91,0.0,0.927,6.43,4.27,10.72,8.22,7.63,7.46,3.39,9.86,
971,14_20251014_Terra_spont_1,0.0,0_first5minvedio,mouse A,5-min recording,0.0,5.0,5.0,192.22,293.27,1.0,0.04,137.26,9.58,145.77,24.62,146.71,13.45,182.57,222.85,5a
972,14_20251014_Terra_spont_1,1.0,0_first5minvedio,mouse A,5-min recording,0.0,5.0,5.0,164.76,311.63,0.98,0.005,185.94,10.53,167.32,17.71,187.18,17.42,113.55,80.26,5b
973,14_20251014_Terra_spont_1,2.0,0_first5minvedio,mouse A,5-min recording,0.0,10.0,10.0,267.21,367.62,1.0,0.153,84.27,8.66,184.82,18.47,91.18,19.96,124.22,698.76,10a
974,14_20251014_Terra_spont_1,3.0,0_first5minvedio,mouse A,5-min recording,0.0,10.0,10.0,185.93,289.36,1.0,0.206,339.8,5.01,44.7,18.53,344.92,22.91,174.63,65.4,10b
111,14_20251014_Terra_spont_1,4.0,0_first5minvedio,mouse A,5-min recording,1.0,20.0,20.0,364.89,431.01,1.0,0.216,431.53,6.68,23.4,21.82,445.78,23.61,349.77,705.14,
112,14_20251014_Terra_spont_1,5.0,0_first5minvedio,mouse A,5-min recording,2.0,40.0,40.0,257.89,376.93,1.0,0.216,234.88,6.59,67.0,12.71,217.98,22.9,574.16,31.94,
113,14_20251014_Terra_spont_1,6.0,0_first5minvedio,mouse A,5-min recording,3.0,60.0,60.0,133.12,329.61,1.0,0.244,201.96,7.05,25.84,15.42,207.69,21.05,17.53,163.21,
114,14_20251014_Terra_spont_1,7.0,0_first5minvedio,mouse A,5-min recording,4.0,80.0,80.0,262.43,358.24,1.0,0.339,258.88,5.39,14.72,13.4,220.58,22.23,114.17,36.51,
115,14_20251014_Terra_spont_1,8.0,0_first5minvedio,mouse A,5-min recording,5.0,100.0,100.0,235.15,313.5,1.0,0.394,247.14,7.21,15.44,13.42,237.79,19.08,46.49,33.9,
967,14_20251014_Terra_spont_1,9.0,1_20251031_Pluto_spont_1,mouse B (Pluto),2025-10-31,0.0,5.0,105.0,223.55,330.58,1.0,0.307,225.03,7.26,10.84,11.72,148.82,17.38,578.17,28.22,5a
968,14_20251014_Terra_spont_1,10.0,1_20251031_Pluto_spont_1,mouse B (Pluto),2025-10-31,0.0,5.0,105.0,99.91,317.7,0.94,0.332,123.31,6.04,10.8,14.37,146.49,20.22,19.38,43.5,5b
969,14_20251014_Terra_spont_1,11.0,1_20251031_Pluto_spont_1,mouse B (Pluto),2025-10-31,0.0,10.0,110.0,259.58,340.96,0.96,0.269,461.73,3.26,10.63,12.88,225.68,20.21,97.29,31.84,10a
970,14_20251014_Terra_spont_1,12.0,1_20251031_Pluto_spont_1,mouse B (Pluto),2025-10-31,0.0,10.0,110.0,195.08,280.62,0.98,0.357,442.15,5.51,10.31,14.61,153.15,19.55,9.63,39.08,10b
211,14_20251014_Terra_spont_1,13.0,1_20251031_Pluto_spont_1,mouse B (Pluto),2025-10-31,1.0,20.0,120.0,257.19,356.1,1.0,0.317,472.42,6.29,7.93,13.32,256.58,18.55,80.57,39.53,
212,14_20251014_Terra_spont_1,14.0,1_20251031_Pluto_spont_1,mouse B (Pluto),2025-10-31,2.0,40.0,140.0,191.15,274.12,0.84,0.337,254.76,4.92,8.97,15.24,134.2,20.8,18.07,38.69,
213,14_20251014_Terra_spont_1,15.0,1_20251031_Pluto_spont_1,mouse B (Pluto),2025-10-31,3.0,60.0,160.0,154.79,258.69,0.62,0.342,75.41,4.54,9.56,15.63,79.48,17.28,10.06,22.13,
214,14_20251014_Terra_spont_1,16.0,1_20251031_Pluto_spont_1,mouse B (Pluto),2025-10-31,4.0,80.0,180.0,252.54,357.92,0.86,0.352,531.69,4.05,10.23,13.36,181.56,18.59,15.38,37.86,
225,14_20251014_Terra_spont_1,17.0,1_20251031_Pluto_spont_1,mouse B (Pluto),2025-10-31,5.0,100.0,200.0,61.5,141.19,0.52,0.415,77.92,5.87,8.95,13.2,65.61,17.37,8.64,33.98,
216,14_20251014_Terra_spont_1,18.0,1_20251031_Pluto_spont_1,mouse B (Pluto),2025-10-31,6.0,120.0,220.0,88.75,204.78,0.84,0.319,183.59,4.42,9.38,35.31,145.95,18.16,15.27,31.03,
217,14_20251014_Terra_spont_1,19.0,1_20251031_Pluto_spont_1,mouse B (Pluto),2025-10-31,7.0,140.0,240.0,194.3,269.92,0.8,0.342,431.32,4.59,11.84,16.66,448.5,19.79,16.85,29.93,
963,14_20251014_Terra_spont_1,20.0,2_20251031_Pluto_spont_3,mouse B (Pluto),2025-10-31,0.0,5.0,205.0,67.59,221.04,0.6,0.417,118.36,4.24,11.57,14.75,138.5,18.79,8.66,25.86,5a
964,14_20251014_Terra_spont_1,21.0,2_20251031_Pluto_spont_3,mouse B (Pluto),2025-10-31,0.0,5.0,205.0,223.21,345.56,0.98,0.344,229.95,5.21,9.24,12.98,162.76,18.0,14.83,24.81,5b
965,14_20251014_Terra_spont_1,22.0,2_20251031_Pluto_spont_3,mouse B (Pluto),2025-10-31,0.0,10.0,210.0,89.91,275.81,0.88,0.349,172.74,4.04,9.8,13.47,149.96,19.47,8.33,28.52,10a
966,14_20251014_Terra_spont_1,23.0,2_20251031_Pluto_spont_3,mouse B (Pluto),2025-10-31,0.0,10.0,210.0,227.47,250.28,0.92,0.377,455.44,4.44,9.99,12.79,183.28,18.94,8.54,23.48,10b
321,14_20251014_Terra_spont_1,24.0,2_20251031_Pluto_spont_3,mouse B (Pluto),2025-10-31,1.0,20.0,220.0,179.1,241.34,0.78,0.324,194.65,5.02,7.86,12.54,162.05,18.45,11.88,31.2,
322,14_20251014_Terra_spont_1,25.0,2_20251031_Pluto_spont_3,mouse B (Pluto),2025-10-31,2.0,40.0,240.0,42.38,142.68,0.44,0.319,64.97,5.49,9.59,14.57,61.24,20.23,6.58,21.44,
323,14_20251014_Terra_spont_1,26.0,2_20251031_Pluto_spont_3,mouse B (Pluto),2025-10-31,3.0,60.0,260.0,85.48,233.78,0.76,0.387,163.13,4.86,10.91,14.44,74.17,17.43,6.99,20.34,
324,14_20251014_Terra_spont_1,27.0,2_20251031_Pluto_spont_3,mouse B (Pluto),2025-10-31,4.0,80.0,280.0,76.8,191.6,0.7,0.377,85.56,8.02,8.85,39.46,134.52,16.87,20.96,27.87,
959,14_20251014_Terra_spont_1,28.0,3_20251031_Pluto_spont_2,mouse B (Pluto),2025-10-31,0.0,5.0,265.0,58.78,208.06,0.52,0.382,68.59,5.12,12.38,14.89,75.93,18.06,7.46,31.25,5a
960,14_20251014_Terra_spont_1,29.0,3_20251031_Pluto_spont_2,mouse B (Pluto),2025-10-31,0.0,5.0,265.0,59.99,273.76,0.62,0.309,51.71,5.57,9.7,19.52,72.17,19.97,51.08,26.29,5b
961,14_20251014_Terra_spont_1,30.0,3_20251031_Pluto_spont_2,mouse B (Pluto),2025-10-31,0.0,10.0,270.0,83.53,246.91,0.6,0.367,57.02,6.42,8.26,13.76,64.67,20.25,7.44,21.45,10a
962,14_20251014_Terra_spont_1,31.0,3_20251031_Pluto_spont_2,mouse B (Pluto),2025-10-31,0.0,10.0,270.0,246.07,277.59,0.94,0.327,526.86,6.97,9.37,14.72,417.53,18.17,8.62,21.99,10b
411,14_20251014_Terra_spont_1,32.0,3_20251031_Pluto_spont_2,mouse B (Pluto),2025-10-31,1.0,20.0,280.0,35.45,91.3,0.28,0.43,55.96,6.49,8.14,17.01,67.77,18.21,6.32,19.85,
422,14_20251014_Terra_spont_1,33.0,3_20251031_Pluto_spont_2,mouse B (Pluto),2025-10-31,2.0,40.0,300.0,41.25,197.54,0.4,0.364,100.08,4.72,9.79,14.6,34.88,17.77,8.62,23.59,
423,14_20251014_Terra_spont_1,34.0,3_20251031_Pluto_spont_2,mouse B (Pluto),2025-10-31,3.0,60.0,320.0,93.47,221.95,0.82,0.425,177.75,6.63,9.01,14.45,154.47,17.63,10.53,30.18,
955,14_20251014_Terra_spont_1,35.0,4_20251030_Pluto_spont_1,mouse B (Pluto),2025-10-30,0.0,5.0,325.0,84.53,199.76,0.64,0.43,111.69,6.03,8.67,25.16,50.31,17.03,10.22,19.35,5a
956,14_20251014_Terra_spont_1,36.0,4_20251030_Pluto_spont_1,mouse B (Pluto),2025-10-30,0.0,5.0,325.0,33.14,82.26,0.2,0.415,50.12,6.07,9.26,16.24,66.46,17.0,7.11,16.85,5b
957,14_20251014_Terra_spont_1,37.0,4_20251030_Pluto_spont_1,mouse B (Pluto),2025-10-30,0.0,10.0,330.0,36.63,84.85,0.22,0.435,56.89,4.7,8.42,18.38,68.74,17.73,7.56,23.03,10a
958,14_20251014_Terra_spont_1,38.0,4_20251030_Pluto_spont_1,mouse B (Pluto),2025-10-30,0.0,10.0,330.0,84.09,144.73,0.64,0.475,166.06,6.82,9.32,38.7,76.52,17.8,7.41,22.56,10b
531,14_20251014_Terra_spont_1,39.0,4_20251030_Pluto_spont_1,mouse B (Pluto),2025-10-30,1.0,20.0,340.0,81.16,196.46,0.7,0.342,67.66,5.36,9.95,39.33,60.62,18.12,6.24,21.48,
532,14_20251014_Terra_spont_1,40.0,4_20251030_Pluto_spont_1,mouse B (Pluto),2025-10-30,2.0,40.0,360.0,86.04,206.94,0.74,0.503,173.23,3.7,8.29,26.67,82.49,18.49,5.4,23.72,
533,14_20251014_Terra_spont_1,41.0,4_20251030_Pluto_spont_1,mouse B (Pluto),2025-10-30,3.0,60.0,380.0,44.67,143.72,0.44,0.425,58.12,4.28,10.04,42.43,66.5,16.85,6.04,17.34,
534,14_20251014_Terra_spont_1,42.0,4_20251030_Pluto_spont_1,mouse B (Pluto),2025-10-30,4.0,80.0,400.0,34.34,168.47,0.38,0.482,24.94,5.07,8.38,52.07,38.71,17.04,4.74,17.02,
951,14_20251014_Terra_spont_1,43.0,5_20251029_Pluto_spont_1,mouse B (Pluto),2025-10-29,0.0,5.0,365.0,41.88,246.07,0.42,0.364,64.25,3.66,11.35,36.98,64.45,18.14,8.18,18.63,5a
952,14_20251014_Terra_spont_1,44.0,5_20251029_Pluto_spont_1,mouse B (Pluto),2025-10-29,0.0,5.0,365.0,52.45,210.83,0.5,0.435,67.24,5.14,9.16,24.9,35.41,18.6,6.8,17.75,5b
953,14_20251014_Terra_spont_1,45.0,5_20251029_Pluto_spont_1,mouse B (Pluto),2025-10-29,0.0,10.0,370.0,38.08,234.67,0.4,0.349,54.79,3.9,7.49,32.02,77.28,19.09,8.53,25.12,10a
954,14_20251014_Terra_spont_1,46.0,5_20251029_Pluto_spont_1,mouse B (Pluto),2025-10-29,0.0,10.0,370.0,53.75,173.89,0.5,0.447,62.98,4.95,8.79,21.26,57.78,19.32,7.54,18.03,10b
631,14_20251014_Terra_spont_1,47.0,5_20251029_Pluto_spont_1,mouse B (Pluto),2025-10-29,1.0,20.0,380.0,46.63,151.26,0.46,0.362,48.94,6.8,8.65,40.49,63.73,16.94,7.84,24.34,
632,14_20251014_Terra_spont_1,48.0,5_20251029_Pluto_spont_1,mouse B (Pluto),2025-10-29,2.0,40.0,400.0,91.09,210.21,0.64,0.354,174.09,5.68,7.52,32.75,49.58,20.88,5.0,20.3,
2061,14_20251014_Terra_spont_1,49.0,6_20251028_Pluto_spont_1,mouse B (Pluto),2025-10-28,0.0,5.0,385.0,31.26,75.23,0.22,0.487,44.4,4.19,9.27,40.04,41.67,20.06,5.67,16.48,5a
2062,14_20251014_Terra_spont_1,50.0,6_20251028_Pluto_spont_1,mouse B (Pluto),2025-10-28,0.0,5.0,385.0,164.69,220.74,0.7,0.477,72.59,4.15,7.5,42.6,91.75,19.96,7.78,17.23,5b
2063,14_20251014_Terra_spont_1,51.0,6_20251028_Pluto_spont_1,mouse B (Pluto),2025-10-28,0.0,10.0,390.0,111.98,152.62,0.78,0.475,292.11,6.37,7.95,19.53,169.92,17.15,11.33,19.7,10a
2064,14_20251014_Terra_spont_1,52.0,6_20251028_Pluto_spont_1,mouse B (Pluto),2025-10-28,0.0,10.0,390.0,44.55,146.91,0.28,0.505,65.53,6.36,8.23,29.75,82.45,19.04,6.22,18.74,10b
711,14_20251014_Terra_spont_1,53.0,6_20251028_Pluto_spont_1,mouse B (Pluto),2025-10-28,1.0,20.0,400.0,52.88,233.58,0.54,0.384,55.15,5.51,8.56,37.95,72.95,17.86,5.61,19.79,
712,14_20251014_Terra_spont_1,54.0,6_20251028_Pluto_spont_1,mouse B (Pluto),2025-10-28,2.0,40.0,420.0,40.1,145.86,0.4,0.513,51.42,4.54,7.23,35.86,57.84,16.71,6.27,13.59,
713,14_20251014_Terra_spont_1,55.0,6_20251028_Pluto_spont_1,mouse B (Pluto),2025-10-28,3.0,60.0,440.0,51.1,196.34,0.5,0.475,67.24,5.66,9.54,34.73,82.91,18.7,7.96,16.04,
2071,14_20251014_Terra_spont_1,56.0,7_20251027_Pluto_spont1,mouse B (Pluto),2025-10-27,0.0,5.0,405.0,85.74,188.09,0.64,0.432,85.43,5.04,9.59,35.74,42.09,18.72,5.67,19.51,5a
2072,14_20251014_Terra_spont_1,57.0,7_20251027_Pluto_spont1,mouse B (Pluto),2025-10-27,0.0,5.0,405.0,33.61,208.9,0.46,0.47,48.03,4.2,9.55,41.64,37.35,18.17,7.4,20.68,5b
2073,14_20251014_Terra_spont_1,58.0,7_20251027_Pluto_spont1,mouse B (Pluto),2025-10-27,0.0,10.0,410.0,50.54,87.85,0.5,0.402,54.85,5.21,8.72,37.92,51.39,18.89,4.64,18.95,10a
2074,14_20251014_Terra_spont_1,59.0,7_20251027_Pluto_spont1,mouse B (Pluto),2025-10-27,0.0,10.0,410.0,33.87,94.02,0.36,0.445,40.34,5.06,9.41,28.88,39.27,20.33,6.14,17.0,10b
811,14_20251014_Terra_spont_1,60.0,7_20251027_Pluto_spont1,mouse B (Pluto),2025-10-27,1.0,20.0,420.0,34.92,153.37,0.36,0.5,42.84,3.68,8.79,32.2,40.74,16.97,12.06,16.37,
812,14_20251014_Terra_spont_1,61.0,7_20251027_Pluto_spont1,mouse B (Pluto),2025-10-27,2.0,40.0,440.0,43.09,137.43,0.34,0.477,73.14,6.85,8.67,31.9,49.41,17.19,5.92,15.53,
2081,14_20251014_Terra_spont_1,62.0,8_20251024_Pluto_spont1,mouse B (Pluto),2025-10-24,0.0,5.0,405.0,112.29,186.49,0.8,0.477,292.44,3.03,8.29,31.54,41.9,18.46,6.13,23.67,5a
2082,14_20251014_Terra_spont_1,63.0,8_20251024_Pluto_spont1,mouse B (Pluto),2025-10-24,0.0,5.0,405.0,58.27,158.97,0.6,0.374,67.95,5.53,9.2,39.83,124.05,17.53,4.71,21.06,5b
2083,14_20251014_Terra_spont_1,64.0,8_20251024_Pluto_spont1,mouse B (Pluto),2025-10-24,0.0,10.0,410.0,93.93,191.1,0.78,0.427,72.62,4.59,8.71,40.58,92.02,20.23,6.11,18.33,10a
2084,14_20251014_Terra_spont_1,65.0,8_20251024_Pluto_spont1,mouse B (Pluto),2025-10-24,0.0,10.0,410.0,81.87,139.05,0.68,0.44,47.0,4.82,9.16,38.76,186.62,19.3,4.15,18.57,10b
911,14_20251014_Terra_spont_1,66.0,8_20251024_Pluto_spont1,mouse B (Pluto),2025-10-24,1.0,20.0,420.0,132.78,224.61,0.7,0.452,79.78,3.69,9.43,42.25,85.88,17.39,8.01,15.19,
912,14_20251014_Terra_spont_1,67.0,8_20251024_Pluto_spont1,mouse B (Pluto),2025-10-24,2.0,40.0,440.0,56.04,182.11,0.54,0.462,74.54,5.23,7.0,28.1,54.11,18.93,4.02,21.06,
913,14_20251014_Terra_spont_1,68.0,8_20251024_Pluto_spont1,mouse B (Pluto),2025-10-24,3.0,60.0,460.0,97.84,183.74,0.74,0.422,185.74,7.33,8.98,33.91,73.5,17.95,7.96,20.44,
2091,14_20251014_Terra_spont_1,69.0,9_20251023_Pluto1,mouse B (Pluto),2025-10-23,0.0,5.0,425.0,56.46,181.14,0.58,0.364,61.48,3.57,8.09,30.74,78.11,18.64,6.26,15.91,5a
2092,14_20251014_Terra_spont_1,70.0,9_20251023_Pluto1,mouse B (Pluto),2025-10-23,0.0,5.0,425.0,98.74,203.59,0.56,0.457,52.38,5.27,8.7,39.37,62.44,19.66,6.11,15.55,5b
2093,14_20251014_Terra_spont_1,71.0,9_20251023_Pluto1,mouse B (Pluto),2025-10-23,0.0,10.0,430.0,40.94,171.8,0.48,0.457,65.69,6.85,9.73,46.99,50.34,18.63,7.47,20.62,10a
2094,14_20251014_Terra_spont_1,72.0,9_20251023_Pluto1,mouse B (Pluto),2025-10-23,0.0,10.0,430.0,44.63,171.4,0.36,0.389,76.86,4.82,10.56,44.1,55.98,18.3,10.96,17.88,10b
1011,14_20251014_Terra_spont_1,73.0,9_20251023_Pluto1,mouse B (Pluto),2025-10-23,1.0,20.0,440.0,160.89,235.46,0.6,0.402,41.95,5.11,11.73,39.79,45.09,15.56,5.15,15.15,
1012,14_20251014_Terra_spont_1,74.0,9_20251023_Pluto1,mouse B (Pluto),2025-10-23,2.0,40.0,460.0,94.6,256.41,0.82,0.432,116.21,8.02,9.53,36.78,121.08,18.58,6.98,16.06,
1013,14_20251014_Terra_spont_1,75.0,9_20251023_Pluto1,mouse B (Pluto),2025-10-23,3.0,60.0,480.0,40.55,96.91,0.42,0.357,69.28,7.05,8.25,20.08,55.93,18.82,8.74,17.73,
1014,14_20251014_Terra_spont_1,76.0,9_20251023_Pluto1,mouse B (Pluto),2025-10-23,4.0,80.0,500.0,165.36,193.31,0.64,0.51,74.0,4.89,9.97,246.74,65.82,20.56,9.13,17.73,
1015,14_20251014_Terra_spont_1,77.0,9_20251023_Pluto1,mouse B (Pluto),2025-10-23,5.0,100.0,520.0,169.84,180.11,0.62,0.51,50.04,4.25,10.48,468.79,54.05,16.23,9.37,15.25,
1016,14_20251014_Terra_spont_1,78.0,9_20251023_Pluto1,mouse B (Pluto),2025-10-23,6.0,120.0,540.0,39.13,163.64,0.38,0.455,52.39,5.31,7.85,29.92,62.45,17.41,4.45,16.98,
2101,14_20251014_Terra_spont_1,79.0,10_20251022_Pluto1,mouse B (Pluto),2025-10-22,0.0,5.0,505.0,172.32,197.24,0.88,0.377,86.44,8.69,10.79,470.87,67.24,12.63,6.03,16.67,5a
2102,14_20251014_Terra_spont_1,80.0,10_20251022_Pluto1,mouse B (Pluto),2025-10-22,0.0,5.0,505.0,170.26,199.12,0.82,0.347,80.76,5.77,10.7,461.33,39.73,16.05,7.29,18.95,5b
2103,14_20251014_Terra_spont_1,81.0,10_20251022_Pluto1,mouse B (Pluto),2025-10-22,0.0,10.0,510.0,168.32,181.82,0.78,0.447,89.11,5.85,8.24,462.01,50.86,17.43,5.31,16.13,10a
2104,14_20251014_Terra_spont_1,82.0,10_20251022_Pluto1,mouse B (Pluto),2025-10-22,0.0,10.0,510.0,79.21,179.79,0.64,0.43,85.75,6.46,9.95,22.32,73.97,18.01,5.14,16.96,10b
1111,14_20251014_Terra_spont_1,83.0,10_20251022_Pluto1,mouse B (Pluto),2025-10-22,1.0,20.0,520.0,52.92,174.84,0.6,0.397,57.99,5.74,8.62,37.67,73.17,14.48,8.36,19.24,
1112,14_20251014_Terra_spont_1,84.0,10_20251022_Pluto1,mouse B (Pluto),2025-10-22,2.0,40.0,540.0,172.31,188.61,0.84,0.462,81.7,4.14,8.81,458.84,83.15,15.98,5.75,16.16,
1113,14_20251014_Terra_spont_1,85.0,10_20251022_Pluto1,mouse B (Pluto),2025-10-22,3.0,60.0,560.0,37.61,84.66,0.24,0.382,69.95,7.07,8.53,30.83,51.88,14.96,9.66,16.73,
1114,14_20251014_Terra_spont_1,86.0,10_20251022_Pluto1,mouse B (Pluto),2025-10-22,4.0,80.0,580.0,36.73,105.93,0.26,0.387,66.53,5.24,9.61,29.36,43.94,19.01,8.78,17.61,
2111,14_20251014_Terra_spont_1,87.0,11_20251017_Terra_spont_1,mouse C (Terra),2025-10-17,0.0,5.0,545.0,50.26,174.17,0.5,0.475,71.2,5.66,9.41,14.83,105.08,5.73,5.12,10.65,5a
2112,14_20251014_Terra_spont_1,88.0,11_20251017_Terra_spont_1,mouse C (Terra),2025-10-17,0.0,5.0,545.0,37.41,70.63,0.28,0.583,47.24,3.21,10.16,10.99,64.32,10.49,8.08,11.37,5b
2113,14_20251014_Terra_spont_1,89.0,11_20251017_Terra_spont_1,mouse C (Terra),2025-10-17,0.0,10.0,550.0,39.52,172.11,0.44,0.54,65.39,2.82,7.41,12.92,78.8,4.14,7.09,4.97,10a
2114,14_20251014_Terra_spont_1,90.0,11_20251017_Terra_spont_1,mouse C (Terra),2025-10-17,0.0,10.0,550.0,37.5,67.02,0.2,0.623,69.15,4.41,9.75,10.76,59.28,10.37,6.4,3.93,10b
1211,14_20251014_Terra_spont_1,91.0,11_20251017_Terra_spont_1,mouse C (Terra),2025-10-17,1.0,20.0,560.0,26.58,106.29,0.2,0.472,21.04,3.22,8.73,12.67,45.84,4.5,5.81,5.07,
1212,14_20251014_Terra_spont_1,92.0,11_20251017_Terra_spont_1,mouse C (Terra),2025-10-17,2.0,40.0,580.0,35.39,42.56,0.08,0.5,64.09,2.19,6.83,11.12,66.3,2.34,5.92,5.76,
1213,14_20251014_Terra_spont_1,93.0,11_20251017_Terra_spont_1,mouse C (Terra),2025-10-17,3.0,60.0,600.0,27.69,36.96,0.02,0.55,46.14,4.01,6.55,10.35,55.07,1.8,4.5,3.87,
1214,14_20251014_Terra_spont_1,94.0,11_20251017_Terra_spont_1,mouse C (Terra),2025-10-17,4.0,80.0,620.0,35.05,155.72,0.22,0.49,38.7,4.95,7.0,17.66,67.44,3.43,5.11,3.9,
2121,14_20251014_Terra_spont_1,95.0,12_20251016_Terra_spont_2,mouse C (Terra),2025-10-16,0.0,5.0,585.0,12.17,29.99,0.04,0.578,19.86,3.14,7.73,8.08,9.27,2.89,10.17,4.38,5a
2122,14_20251014_Terra_spont_1,96.0,12_20251016_Terra_spont_2,mouse C (Terra),2025-10-16,0.0,5.0,585.0,17.69,40.14,0.08,0.681,16.85,2.36,9.26,7.71,31.28,2.09,10.3,3.57,5b
2123,14_20251014_Terra_spont_1,97.0,12_20251016_Terra_spont_2,mouse C (Terra),2025-10-16,0.0,10.0,590.0,31.05,41.24,0.06,0.467,52.45,4.58,7.19,13.79,61.69,3.15,6.27,4.46,10a
2124,14_20251014_Terra_spont_1,98.0,12_20251016_Terra_spont_2,mouse C (Terra),2025-10-16,0.0,10.0,590.0,52.54,175.05,0.5,0.533,67.19,2.45,7.7,13.63,79.41,4.11,5.05,3.87,10b
1311,14_20251014_Terra_spont_1,99.0,12_20251016_Terra_spont_2,mouse C (Terra),2025-10-16,1.0,20.0,600.0,26.88,163.15,0.16,0.593,16.87,1.7,6.74,10.94,57.6,4.67,6.26,3.69,
1312,14_20251014_Terra_spont_1,100.0,12_20251016_Terra_spont_2,mouse C (Terra),2025-10-16,2.0,40.0,620.0,24.48,36.27,0.02,0.671,21.07,1.44,7.04,9.79,55.95,3.51,4.2,4.38,
2131,14_20251014_Terra_spont_1,101.0,13_20251015_Terra_spont_1,mouse C (Terra),2025-10-15,0.0,5.0,585.0,14.23,161.03,0.14,0.606,16.46,3.44,5.55,8.05,15.5,2.74,6.1,3.47,5a
2132,14_20251014_Terra_spont_1,102.0,13_20251015_Terra_spont_1,mouse C (Terra),2025-10-15,0.0,5.0,585.0,15.42,27.08,0.04,0.693,16.83,3.05,7.65,10.11,30.36,2.93,8.94,5.27,5b
2133,0_first5minvedio,103.0,13_20251015_Terra_spont_1,mouse C (Terra),2025-10-15,0.0,10.0,590.0,12.3,24.2,0.0,0.957,10.8,3.47,7.88,5.28,12.71,5.31,14.8,10.46,10a
2133,1_20251031_Pluto_spont_1,103.0,13_20251015_Terra_spont_1,mouse C (Terra),2025-10-15,0.0,10.0,590.0,11.93,19.77,0.0,0.993,8.93,6.72,11.55,4.51,7.97,8.56,14.1,12.54,10a
2133,2_20251031_Pluto_spont_3,103.0,13_20251015_Terra_spont_1,mouse C (Terra),2025-10-15,0.0,10.0,590.0,7.42,13.51,0.04,0.919,11.95,2.53,3.49,2.52,5.76,1.59,5.15,4.83,10a
2133,3_20251031_Pluto_spont_2,103.0,13_20251015_Terra_spont_1,mouse C (Terra),2025-10-15,0.0,10.0,590.0,3.72,17.4,0.0,0.962,3.88,3.04,2.79,2.12,2.17,2.66,2.3,2.02,10a
2133,4_20251030_Pluto_spont_1,103.0,13_20251015_Terra_spont_1,mouse C (Terra),2025-10-15,0.0,10.0,590.0,15.96,27.86,0.0,0.912,15.02,15.66,21.09,8.79,3.53,1.93,5.0,3.68,10a
2133,5_20251029_Pluto_spont_1,103.0,13_20251015_Terra_spont_1,mouse C (Terra),2025-10-15,0.0,10.0,590.0,13.74,18.95,0.0,0.907,36.98,2.12,1.42,3.66,3.25,1.97,4.0,7.59,10a
2133,6_20251028_Pluto_spont_1,103.0,13_20251015_Terra_spont_1,mouse C (Terra),2025-10-15,0.0,10.0,590.0,8.19,11.69,0.0,0.845,9.24,2.59,1.37,4.96,8.0,8.77,2.67,5.47,10a
2133,7_20251027_Pluto_spont1,103.0,13_20251015_Terra_spont_1,mouse C (Terra),2025-10-15,0.0,10.0,590.0,6.71,9.76,0.0,0.902,10.74,3.12,1.77,4.58,8.93,1.23,2.71,5.41,10a
2133,8_20251024_Pluto_spont1,103.0,13_20251015_Terra_spont_1,mouse C (Terra),2025-10-15,0.0,10.0,590.0,19.95,51.23,0.14,0.806,23.38,26.85,20.71,11.37,6.57,9.62,4.84,4.87,10a
2133,9_20251023_Pluto1,103.0,13_20251015_Terra_spont_1,mouse C (Terra),2025-10-15,0.0,10.0,590.0,9.55,15.8,0.0,0.858,6.96,14.83,9.88,5.57,2.8,4.64,6.33,3.84,10a
2133,10_20251022_Pluto1,103.0,13_20251015_Terra_spont_1,mouse C (Terra),2025-10-15,0.0,10.0,590.0,10.63,26.17,0.02,0.932,8.97,12.69,6.24,11.22,9.53,10.05,2.73,2.35,10a
2133,11_20251017_Terra_spont_1,103.0,13_20251015_Terra_spont_1,mouse C (Terra),2025-10-15,0.0,10.0,590.0,9.25,14.46,0.02,0.955,6.93,3.79,3.47,7.61,6.03,4.86,9.04,9.36,10a
2133,12_20251016_Terra_spont_2,103.0,13_20251015_Terra_spont_1,mouse C (Terra),2025-10-15,0.0,10.0,590.0,6.1,13.05,0.04,0.568,7.85,1.99,1.59,3.62,9.8,2.87,3.08,3.28,10a
2133,13_20251015_Terra_spont_1,103.0,13_20251015_Terra_spont_1,mouse C (Terra),2025-10-15,0.0,10.0,590.0,11.24,16.66,0.02,0.715,6.95,4.74,11.5,8.85,4.88,7.3,3.34,12.47,10a
2133,14_20251014_Terra_spont_1,103.0,13_20251015_Terra_spont_1,mouse C (Terra),2025-10-15,0.0,10.0,590.0,10.3,31.24,0.02,0.553,10.32,1.93,7.09,10.32,9.24,2.48,5.06,3.93,10a
1411,14_20251014_Terra_spont_1,104.0,13_20251015_Terra_spont_1,mouse C (Terra),2025-10-15,1.0,20.0,600.0,13.33,170.77,0.16,0.711,9.62,0.0,5.72,8.71,0.0,0.0,0.0,0.0,
1412,14_20251014_Terra_spont_1,105.0,13_20251015_Terra_spont_1,mouse C (Terra),2025-10-15,2.0,40.0,620.0,11.28,25.6,0.06,0.643,6.69,2.08,7.07,13.78,5.78,6.47,3.86,4.65,
1413,14_20251014_Terra_spont_1,106.0,13_20251015_Terra_spont_1,mouse C (Terra),2025-10-15,3.0,60.0,640.0,11.59,26.97,0.02,0.706,7.91,2.84,6.97,10.34,6.8,2.75,5.35,4.75,
2134,0_first5minvedio,104.0,13_20251015_Terra_spont_1,mouse C (Terra),2025-10-15,0.0,10.0,590.0,12.55,18.12,0.0,0.897,11.57,3.97,8.05,5.42,13.04,5.1,15.1,11.69,10b
2134,1_20251031_Pluto_spont_1,104.0,13_20251015_Terra_spont_1,mouse C (Terra),2025-10-15,0.0,10.0,590.0,12.58,19.82,0.0,0.993,9.35,5.87,12.19,3.58,8.21,8.8,14.8,13.05,10b
2134,2_20251031_Pluto_spont_3,104.0,13_20251015_Terra_spont_1,mouse C (Terra),2025-10-15,0.0,10.0,590.0,7.64,14.3,0.02,0.952,13.24,2.02,3.27,3.06,5.57,1.54,4.29,4.74,10b
2134,3_20251031_Pluto_spont_2,104.0,13_20251015_Terra_spont_1,mouse C (Terra),2025-10-15,0.0,10.0,590.0,3.87,15.11,0.0,0.962,4.54,2.44,2.33,1.91,1.76,2.83,2.07,2.31,10b
2134,4_20251030_Pluto_spont_1,104.0,13_20251015_Terra_spont_1,mouse C (Terra),2025-10-15,0.0,10.0,590.0,15.44,28.26,0.0,0.907,13.94,13.85,22.92,8.62,2.42,1.77,5.25,2.71,10b
2134,5_20251029_Pluto_spont_1,104.0,13_20251015_Terra_spont_1,mouse C (Terra),2025-10-15,0.0,10.0,590.0,12.23,18.62,0.0,0.915,32.6,2.36,1.27,2.98,4.95,1.71,4.61,9.04,10b
2134,6_20251028_Pluto_spont_1,104.0,13_20251015_Terra_spont_1,mouse C (Terra),2025-10-15,0.0,10.0,590.0,7.8,12.59,0.0,0.943,7.68,1.91,1.64,5.37,6.31,7.18,4.64,5.55,10b
2134,7_20251027_Pluto_spont1,104.0,13_20251015_Terra_spont_1,mouse C (Terra),2025-10-15,0.0,10.0,590.0,6.18,8.27,0.0,0.975,8.36,3.35,1.69,5.17,9.49,1.22,2.73,4.06,10b
2134,8_20251024_Pluto_spont1,104.0,13_20251015_Terra_spont_1,mouse C (Terra),2025-10-15,0.0,10.0,590.0,22.01,43.83,0.04,0.768,18.78,21.24,23.96,12.86,5.25,10.29,3.8,4.63,10b
2134,9_20251023_Pluto1,104.0,13_20251015_Terra_spont_1,mouse C (Terra),2025-10-15,0.0,10.0,590.0,8.76,14.81,0.0,0.88,8.31,11.98,7.88,5.47,3.92,5.36,6.4,4.23,10b
2134,10_20251022_Pluto1,104.0,13_20251015_Terra_spont_1,mouse C (Terra),2025-10-15,0.0,10.0,590.0,10.48,26.13,0.04,0.9,6.81,13.11,5.71,10.57,9.24,10.45,3.06,2.75,10b
2134,11_20251017_Terra_spont_1,104.0,13_20251015_Terra_spont_1,mouse C (Terra),2025-10-15,0.0,10.0,590.0,8.96,14.42,0.0,0.953,6.75,4.46,3.22,7.32,6.0,5.17,9.75,9.01,10b
2134,12_20251016_Terra_spont_2,104.0,13_20251015_Terra_spont_1,mouse C (Terra),2025-10-15,0.0,10.0,590.0,8.55,47.32,0.04,0.775,12.38,1.93,2.4,5.15,12.62,2.34,6.4,3.36,10b
2134,13_20251015_Terra_spont_1,104.0,13_20251015_Terra_spont_1,mouse C (Terra),2025-10-15,0.0,10.0,590.0,10.29,31.97,0.02,0.815,11.58,3.56,8.76,7.91,7.7,7.53,3.33,10.54,10b
2134,14_20251014_Terra_spont_1,104.0,13_20251015_Terra_spont_1,mouse C (Terra),2025-10-15,0.0,10.0,590.0,13.83,29.24,0.02,0.568,14.47,2.26,7.03,9.62,8.15,2.99,6.64,5.01,10b
1511,0_first5minvedio,108.0,14_20251014_Terra_spont_1,mouse C (Terra),2025-10-14,1.0,20.0,620.0,12.38,16.37,0.0,0.925,10.66,3.71,8.13,5.27,11.59,5.0,17.41,12.41,
1511,1_20251031_Pluto_spont_1,108.0,14_20251014_Terra_spont_1,mouse C (Terra),2025-10-14,1.0,20.0,620.0,12.22,19.96,0.02,0.995,9.68,6.45,12.67,3.69,8.44,7.97,14.08,12.6,
1511,2_20251031_Pluto_spont_3,108.0,14_20251014_Terra_spont_1,mouse C (Terra),2025-10-14,1.0,20.0,620.0,7.08,18.13,0.02,0.957,14.59,1.91,3.77,3.08,5.07,1.39,4.0,4.17,
1511,3_20251031_Pluto_spont_2,108.0,14_20251014_Terra_spont_1,mouse C (Terra),2025-10-14,1.0,20.0,620.0,3.89,21.91,0.0,0.977,4.58,3.74,2.93,2.44,1.36,2.78,2.75,1.86,
1511,4_20251030_Pluto_spont_1,108.0,14_20251014_Terra_spont_1,mouse C (Terra),2025-10-14,1.0,20.0,620.0,15.24,31.94,0.0,0.897,15.03,14.36,23.01,8.94,2.23,1.88,3.37,2.37,
1511,5_20251029_Pluto_spont_1,108.0,14_20251014_Terra_spont_1,mouse C (Terra),2025-10-14,1.0,20.0,620.0,13.03,19.08,0.0,0.895,32.83,1.5,1.52,2.93,4.3,1.67,4.67,8.46,
1511,6_20251028_Pluto_spont_1,108.0,14_20251014_Terra_spont_1,mouse C (Terra),2025-10-14,1.0,20.0,620.0,9.16,173.16,0.16,0.86,8.36,1.53,1.81,4.51,6.54,6.51,2.39,4.83,
1511,7_20251027_Pluto_spont1,108.0,14_20251014_Terra_spont_1,mouse C (Terra),2025-10-14,1.0,20.0,620.0,7.26,10.13,0.0,0.968,13.17,2.41,2.02,5.98,9.44,1.03,3.11,5.76,
1511,8_20251024_Pluto_spont1,108.0,14_20251014_Terra_spont_1,mouse C (Terra),2025-10-14,1.0,20.0,620.0,20.43,51.14,0.14,0.736,23.64,24.06,16.88,12.59,5.03,10.27,3.33,4.75,
1511,9_20251023_Pluto1,108.0,14_20251014_Terra_spont_1,mouse C (Terra),2025-10-14,1.0,20.0,620.0,8.16,15.14,0.0,0.843,5.56,14.06,7.71,6.78,3.4,5.52,5.57,4.22,
1511,10_20251022_Pluto1,108.0,14_20251014_Terra_spont_1,mouse C (Terra),2025-10-14,1.0,20.0,620.0,10.31,25.42,0.02,0.938,7.47,12.72,5.85,10.86,9.39,10.47,3.14,2.62,
1511,11_20251017_Terra_spont_1,108.0,14_20251014_Terra_spont_1,mouse C (Terra),2025-10-14,1.0,20.0,620.0,8.78,12.89,0.02,0.958,6.24,4.56,3.64,5.94,5.37,4.51,9.12,8.67,
1511,12_20251016_Terra_spont_2,108.0,14_20251014_Terra_spont_1,mouse C (Terra),2025-10-14,1.0,20.0,620.0,7.51,9.98,0.02,0.873,12.54,3.47,2.5,2.92,10.59,3.53,4.86,2.89,
1511,13_20251015_Terra_spont_1,108.0,14_20251014_Terra_spont_1,mouse C (Terra),2025-10-14,1.0,20.0,620.0,9.32,16.43,0.02,0.892,6.83,3.84,9.17,8.08,6.95,7.64,2.96,9.6,
1511,14_20251014_Terra_spont_1,108.0,14_20251014_Terra_spont_1,mouse C (Terra),2025-10-14,1.0,20.0,620.0,10.83,28.74,0.02,0.882,20.3,1.78,6.57,9.71,5.53,2.48,4.58,3.8,
1512,0_first5minvedio,109.0,14_20251014_Terra_spont_1,mouse C (Terra),2025-10-14,2.0,40.0,640.0,12.3,17.15,0.0,0.905,11.74,4.69,8.41,5.92,12.21,5.66,15.1,10.74,
1512,1_20251031_Pluto_spont_1,109.0,14_20251014_Terra_spont_1,mouse C (Terra),2025-10-14,2.0,40.0,640.0,12.4,17.71,0.0,0.983,7.98,7.04,13.06,3.19,8.52,9.31,14.73,12.51,
1512,2_20251031_Pluto_spont_3,109.0,14_20251014_Terra_spont_1,mouse C (Terra),2025-10-14,2.0,40.0,640.0,7.39,14.27,0.0,0.907,13.11,2.42,3.44,3.15,6.22,2.09,4.59,4.84,
1512,3_20251031_Pluto_spont_2,109.0,14_20251014_Terra_spont_1,mouse C (Terra),2025-10-14,2.0,40.0,640.0,3.79,8.78,0.0,0.965,4.82,3.79,2.04,2.53,1.62,3.25,2.56,1.66,
1512,4_20251030_Pluto_spont_1,109.0,14_20251014_Terra_spont_1,mouse C (Terra),2025-10-14,2.0,40.0,640.0,16.22,25.3,0.0,0.823,16.48,14.7,23.78,9.68,2.1,3.18,5.43,3.06,
1512,5_20251029_Pluto_spont_1,109.0,14_20251014_Terra_spont_1,mouse C (Terra),2025-10-14,2.0,40.0,640.0,13.84,18.75,0.0,0.877,35.58,2.37,1.37,3.51,6.48,1.59,3.28,7.4,
1512,6_20251028_Pluto_spont_1,109.0,14_20251014_Terra_spont_1,mouse C (Terra),2025-10-14,2.0,40.0,640.0,7.43,12.54,0.0,0.868,9.27,2.14,1.73,3.27,6.17,8.04,2.11,5.44,
1512,7_20251027_Pluto_spont1,109.0,14_20251014_Terra_spont_1,mouse C (Terra),2025-10-14,2.0,40.0,640.0,8.26,10.49,0.0,0.902,13.57,2.72,1.84,4.28,13.41,1.9,2.66,4.26,
1512,8_20251024_Pluto_spont1,109.0,14_20251014_Terra_spont_1,mouse C (Terra),2025-10-14,2.0,40.0,640.0,24.38,49.48,0.1,0.725,25.51,22.65,22.57,12.37,6.2,10.19,2.76,3.93,
1512,9_20251023_Pluto1,109.0,14_20251014_Terra_spont_1,mouse C (Terra),2025-10-14,2.0,40.0,640.0,8.99,19.57,0.0,0.85,7.77,13.06,8.47,6.55,3.78,4.87,6.31,4.08,
1512,10_20251022_Pluto1,109.0,14_20251014_Terra_spont_1,mouse C (Terra),2025-10-14,2.0,40.0,640.0,10.18,25.86,0.02,0.765,7.63,13.65,6.33,11.37,9.75,8.97,4.51,2.95,
1512,11_20251017_Terra_spont_1,109.0,14_20251014_Terra_spont_1,mouse C (Terra),2025-10-14,2.0,40.0,640.0,8.99,13.85,0.02,0.94,7.57,4.45,2.73,6.06,5.42,5.2,10.08,8.38,
1512,12_20251016_Terra_spont_2,109.0,14_20251014_Terra_spont_1,mouse C (Terra),2025-10-14,2.0,40.0,640.0,7.2,46.3,0.0,0.828,10.24,2.66,2.52,4.11,6.42,2.64,4.32,3.65,
1512,13_20251015_Terra_spont_1,109.0,14_20251014_Terra_spont_1,mouse C (Terra),2025-10-14,2.0,40.0,640.0,9.08,20.92,0.0,0.835,6.12,4.13,11.06,6.7,7.53,8.26,3.03,9.92,
1512,14_20251014_Terra_spont_1,109.0,14_20251014_Terra_spont_1,mouse C (Terra),2025-10-14,2.0,40.0,640.0,12.41,25.8,0.02,0.897,11.91,3.48,6.33,14.42,4.47,3.21,4.26,3.86,
971,15_20251013_Terra_spont_1,0.0,0_first5minvedio,mouse A,5-min recording,0.0,5.0,5.0,390.93,511.23,1.0,0.0,121.89,506.44,135.46,99.06,113.12,520.79,170.12,739.82,5a
972,15_20251013_Terra_spont_1,1.0,0_first5minvedio,mouse A,5-min recording,0.0,5.0,5.0,313.15,387.98,1.0,0.003,97.86,550.34,195.41,84.72,243.21,546.37,40.5,26.96,5b
973,15_20251013_Terra_spont_1,2.0,0_first5minvedio,mouse A,5-min recording,0.0,10.0,10.0,391.78,488.55,1.0,0.005,159.65,189.03,80.09,105.7,143.09,507.25,98.11,833.38,10a
974,15_20251013_Terra_spont_1,3.0,0_first5minvedio,mouse A,5-min recording,0.0,10.0,10.0,393.98,468.46,0.98,0.037,431.86,564.82,59.1,90.07,437.88,435.24,137.98,634.78,10b
111,15_20251013_Terra_spont_1,4.0,0_first5minvedio,mouse A,5-min recording,1.0,20.0,20.0,316.21,414.77,0.96,0.018,57.98,14.5,66.33,77.11,80.13,19.1,32.24,716.69,
112,15_20251013_Terra_spont_1,5.0,0_first5minvedio,mouse A,5-min recording,2.0,40.0,40.0,174.41,343.85,0.92,0.022,92.18,7.7,22.99,64.26,131.25,10.89,28.79,36.91,
113,15_20251013_Terra_spont_1,6.0,0_first5minvedio,mouse A,5-min recording,3.0,60.0,60.0,315.28,403.24,1.0,0.095,407.85,5.67,241.54,156.98,454.9,9.17,99.09,667.48,
114,15_20251013_Terra_spont_1,7.0,0_first5minvedio,mouse A,5-min recording,4.0,80.0,80.0,366.48,445.89,1.0,0.022,479.66,10.22,474.41,149.99,479.41,11.77,111.65,664.65,
115,15_20251013_Terra_spont_1,8.0,0_first5minvedio,mouse A,5-min recording,5.0,100.0,100.0,183.09,285.69,0.92,0.13,348.83,5.42,36.76,64.73,271.29,8.39,37.84,38.1,
967,15_20251013_Terra_spont_1,9.0,1_20251031_Pluto_spont_1,mouse B (Pluto),2025-10-31,0.0,5.0,105.0,284.06,384.77,1.0,0.068,475.63,6.87,19.03,54.88,211.1,5.21,31.44,49.87,5a
968,15_20251013_Terra_spont_1,10.0,1_20251031_Pluto_spont_1,mouse B (Pluto),2025-10-31,0.0,5.0,105.0,313.4,395.58,1.0,0.09,86.07,10.85,27.5,61.85,125.95,8.34,37.54,706.53,5b
969,15_20251013_Terra_spont_1,11.0,1_20251031_Pluto_spont_1,mouse B (Pluto),2025-10-31,0.0,10.0,110.0,311.14,360.07,0.98,0.163,352.21,5.29,18.77,45.41,366.01,5.93,37.72,713.65,10a
970,15_20251013_Terra_spont_1,12.0,1_20251031_Pluto_spont_1,mouse B (Pluto),2025-10-31,0.0,10.0,110.0,207.53,294.68,0.96,0.115,227.49,7.83,16.63,60.46,455.56,6.22,26.43,26.55,10b
211,15_20251013_Terra_spont_1,13.0,1_20251031_Pluto_spont_1,mouse B (Pluto),2025-10-31,1.0,20.0,120.0,326.86,429.99,1.0,0.198,427.8,7.31,19.1,395.85,395.87,5.22,108.78,76.88,
212,15_20251013_Terra_spont_1,14.0,1_20251031_Pluto_spont_1,mouse B (Pluto),2025-10-31,2.0,40.0,140.0,245.94,357.83,0.98,0.205,365.98,6.36,11.36,74.28,51.86,6.63,428.8,29.38,
213,15_20251013_Terra_spont_1,15.0,1_20251031_Pluto_spont_1,mouse B (Pluto),2025-10-31,3.0,60.0,160.0,102.56,145.47,0.8,0.237,176.05,6.94,11.87,63.79,85.91,3.19,33.55,15.33,
214,15_20251013_Terra_spont_1,16.0,1_20251031_Pluto_spont_1,mouse B (Pluto),2025-10-31,4.0,80.0,180.0,237.51,368.61,0.86,0.233,459.56,6.99,12.29,54.35,58.01,4.77,41.81,46.57,
225,15_20251013_Terra_spont_1,17.0,1_20251031_Pluto_spont_1,mouse B (Pluto),2025-10-31,5.0,100.0,200.0,197.13,304.48,0.92,0.233,352.36,5.34,7.65,95.87,57.4,5.94,41.13,13.73,
216,15_20251013_Terra_spont_1,18.0,1_20251031_Pluto_spont_1,mouse B (Pluto),2025-10-31,6.0,120.0,220.0,161.57,243.29,0.96,0.233,155.43,6.35,9.67,34.87,209.33,4.55,93.44,18.82,
217,15_20251013_Terra_spont_1,19.0,1_20251031_Pluto_spont_1,mouse B (Pluto),2025-10-31,7.0,140.0,240.0,57.03,252.23,0.56,0.25,44.64,8.06,10.24,30.79,45.07,3.12,34.1,16.09,
963,15_20251013_Terra_spont_1,20.0,2_20251031_Pluto_spont_3,mouse B (Pluto),2025-10-31,0.0,5.0,205.0,51.12,122.78,0.56,0.275,67.38,6.23,11.13,50.3,54.01,5.52,67.39,12.08,5a
964,15_20251013_Terra_spont_1,21.0,2_20251031_Pluto_spont_3,mouse B (Pluto),2025-10-31,0.0,5.0,205.0,166.04,299.21,0.88,0.25,196.66,7.74,9.08,56.69,55.05,5.01,56.43,17.97,5b
965,15_20251013_Terra_spont_1,22.0,2_20251031_Pluto_spont_3,mouse B (Pluto),2025-10-31,0.0,10.0,210.0,167.25,310.18,0.88,0.198,274.51,7.35,16.4,38.24,80.79,4.2,64.02,15.56,10a
966,15_20251013_Terra_spont_1,23.0,2_20251031_Pluto_spont_3,mouse B (Pluto),2025-10-31,0.0,10.0,210.0,145.11,290.7,0.8,0.177,69.76,9.88,6.58,44.84,49.99,5.66,38.36,17.09,10b
321,15_20251013_Terra_spont_1,24.0,2_20251031_Pluto_spont_3,mouse B (Pluto),2025-10-31,1.0,20.0,220.0,233.68,304.97,0.74,0.212,49.82,8.36,9.3,54.8,38.0,4.31,30.06,642.06,
322,15_20251013_Terra_spont_1,25.0,2_20251031_Pluto_spont_3,mouse B (Pluto),2025-10-31,2.0,40.0,240.0,70.52,119.44,0.72,0.2,79.02,7.84,8.93,54.51,49.31,4.6,85.94,14.04,
323,15_20251013_Terra_spont_1,26.0,2_20251031_Pluto_spont_3,mouse B (Pluto),2025-10-31,3.0,60.0,260.0,154.62,247.73,0.92,0.333,194.75,8.12,7.96,57.72,108.81,3.65,23.21,10.62,
324,15_20251013_Terra_spont_1,27.0,2_20251031_Pluto_spont_3,mouse B (Pluto),2025-10-31,4.0,80.0,280.0,94.87,292.28,0.78,0.247,164.73,8.7,8.92,55.8,116.6,4.24,39.22,17.95,
959,15_20251013_Terra_spont_1,28.0,3_20251031_Pluto_spont_2,mouse B (Pluto),2025-10-31,0.0,5.0,265.0,177.33,217.56,0.86,0.223,192.94,6.74,7.26,33.55,183.12,3.53,32.79,14.92,5a
960,15_20251013_Terra_spont_1,29.0,3_20251031_Pluto_spont_2,mouse B (Pluto),2025-10-31,0.0,5.0,265.0,99.94,262.62,0.9,0.268,180.88,6.52,7.81,54.6,176.07,5.11,25.73,14.52,5b
961,15_20251013_Terra_spont_1,30.0,3_20251031_Pluto_spont_2,mouse B (Pluto),2025-10-31,0.0,10.0,270.0,165.66,287.84,0.8,0.265,374.28,9.11,8.5,54.97,44.19,5.12,41.68,14.21,10a
962,15_20251013_Terra_spont_1,31.0,3_20251031_Pluto_spont_2,mouse B (Pluto),2025-10-31,0.0,10.0,270.0,271.14,370.18,1.0,0.245,552.0,4.86,6.96,59.24,488.72,4.9,36.23,12.78,10b
411,15_20251013_Terra_spont_1,32.0,3_20251031_Pluto_spont_2,mouse B (Pluto),2025-10-31,1.0,20.0,280.0,46.0,193.61,0.44,0.318,62.62,7.88,6.95,57.85,55.56,5.59,20.53,13.25,
422,15_20251013_Terra_spont_1,33.0,3_20251031_Pluto_spont_2,mouse B (Pluto),2025-10-31,2.0,40.0,300.0,104.5,203.43,0.92,0.27,191.81,7.93,7.16,37.59,70.77,3.22,29.73,12.46,
423,15_20251013_Terra_spont_1,34.0,3_20251031_Pluto_spont_2,mouse B (Pluto),2025-10-31,3.0,60.0,320.0,99.34,214.79,0.92,0.36,180.04,9.23,6.14,48.25,176.81,3.42,32.41,15.37,
955,15_20251013_Terra_spont_1,35.0,4_20251030_Pluto_spont_1,mouse B (Pluto),2025-10-30,0.0,5.0,325.0,118.64,254.2,0.94,0.357,214.68,6.59,7.33,32.12,183.83,3.98,26.88,12.0,5a
956,15_20251013_Terra_spont_1,36.0,4_20251030_Pluto_spont_1,mouse B (Pluto),2025-10-30,0.0,5.0,325.0,52.57,250.06,0.52,0.385,67.96,7.63,7.07,36.07,51.27,4.53,21.59,8.09,5b
957,15_20251013_Terra_spont_1,37.0,4_20251030_Pluto_spont_1,mouse B (Pluto),2025-10-30,0.0,10.0,330.0,46.55,129.18,0.42,0.345,66.49,8.61,8.46,30.11,40.31,4.44,30.12,15.5,10a
958,15_20251013_Terra_spont_1,38.0,4_20251030_Pluto_spont_1,mouse B (Pluto),2025-10-30,0.0,10.0,330.0,74.03,106.49,0.84,0.415,137.13,7.57,7.93,40.06,147.18,4.75,25.38,15.62,10b
531,15_20251013_Terra_spont_1,39.0,4_20251030_Pluto_spont_1,mouse B (Pluto),2025-10-30,1.0,20.0,340.0,75.11,178.49,0.64,0.263,61.44,6.18,8.51,20.17,179.83,4.81,34.43,10.9,
532,15_20251013_Terra_spont_1,40.0,4_20251030_Pluto_spont_1,mouse B (Pluto),2025-10-30,2.0,40.0,360.0,143.55,255.45,0.74,0.3,344.42,6.6,8.36,26.64,86.76,4.16,23.11,15.12,
533,15_20251013_Terra_spont_1,41.0,4_20251030_Pluto_spont_1,mouse B (Pluto),2025-10-30,3.0,60.0,380.0,70.56,140.28,0.64,0.29,162.2,7.27,7.0,22.54,54.1,4.78,30.5,13.7,
534,15_20251013_Terra_spont_1,42.0,4_20251030_Pluto_spont_1,mouse B (Pluto),2025-10-30,4.0,80.0,400.0,26.98,111.37,0.24,0.282,30.55,6.0,10.3,23.44,35.3,7.24,28.56,9.57,
951,15_20251013_Terra_spont_1,43.0,5_20251029_Pluto_spont_1,mouse B (Pluto),2025-10-29,0.0,5.0,365.0,47.66,88.4,0.42,0.265,63.08,8.12,9.61,27.37,56.14,5.04,25.38,12.32,5a
952,15_20251013_Terra_spont_1,44.0,5_20251029_Pluto_spont_1,mouse B (Pluto),2025-10-29,0.0,5.0,365.0,53.02,196.01,0.58,0.318,64.65,8.45,7.1,25.44,44.27,4.4,25.88,13.45,5b
953,15_20251013_Terra_spont_1,45.0,5_20251029_Pluto_spont_1,mouse B (Pluto),2025-10-29,0.0,10.0,370.0,70.23,158.92,0.6,0.325,58.25,8.62,6.66,28.43,73.98,4.09,30.99,18.93,10a
954,15_20251013_Terra_spont_1,46.0,5_20251029_Pluto_spont_1,mouse B (Pluto),2025-10-29,0.0,10.0,370.0,54.1,123.53,0.62,0.325,104.33,6.28,8.19,22.13,68.05,5.11,27.77,12.93,10b
631,15_20251013_Terra_spont_1,47.0,5_20251029_Pluto_spont_1,mouse B (Pluto),2025-10-29,1.0,20.0,380.0,71.64,200.91,0.66,0.292,68.05,5.84,10.29,35.27,85.6,7.42,29.62,16.9,
632,15_20251013_Terra_spont_1,48.0,5_20251029_Pluto_spont_1,mouse B (Pluto),2025-10-29,2.0,40.0,400.0,57.6,234.01,0.54,0.282,54.35,4.9,7.45,39.53,43.17,5.83,22.53,14.85,
2061,15_20251013_Terra_spont_1,49.0,6_20251028_Pluto_spont_1,mouse B (Pluto),2025-10-28,0.0,5.0,385.0,41.34,84.74,0.3,0.407,58.39,7.87,7.69,23.86,57.77,3.98,27.19,14.57,5a
2062,15_20251013_Terra_spont_1,50.0,6_20251028_Pluto_spont_1,mouse B (Pluto),2025-10-28,0.0,5.0,385.0,77.33,166.73,0.72,0.405,164.36,8.36,8.37,27.37,57.17,3.59,23.62,16.01,5b
2063,15_20251013_Terra_spont_1,51.0,6_20251028_Pluto_spont_1,mouse B (Pluto),2025-10-28,0.0,10.0,390.0,83.73,256.4,0.78,0.318,65.68,6.52,6.86,63.31,67.54,4.21,58.19,12.59,10a
2064,15_20251013_Terra_spont_1,52.0,6_20251028_Pluto_spont_1,mouse B (Pluto),2025-10-28,0.0,10.0,390.0,64.08,199.0,0.72,0.362,70.49,7.36,8.02,29.58,71.53,4.06,31.49,13.88,10b
711,15_20251013_Terra_spont_1,53.0,6_20251028_Pluto_spont_1,mouse B (Pluto),2025-10-28,1.0,20.0,400.0,52.77,190.69,0.56,0.193,85.91,7.86,10.07,34.14,85.07,4.53,23.29,13.12,
712,15_20251013_Terra_spont_1,54.0,6_20251028_Pluto_spont_1,mouse B (Pluto),2025-10-28,2.0,40.0,420.0,53.51,111.84,0.58,0.393,79.21,5.04,8.72,41.16,79.05,4.89,28.17,11.63,
713,15_20251013_Terra_spont_1,55.0,6_20251028_Pluto_spont_1,mouse B (Pluto),2025-10-28,3.0,60.0,440.0,121.96,194.03,0.84,0.275,145.32,7.24,8.28,28.45,106.87,4.22,32.79,12.47,
2071,15_20251013_Terra_spont_1,56.0,7_20251027_Pluto_spont1,mouse B (Pluto),2025-10-27,0.0,5.0,405.0,43.29,176.65,0.36,0.255,55.25,5.68,6.84,26.93,49.25,3.79,24.0,14.52,5a
2072,15_20251013_Terra_spont_1,57.0,7_20251027_Pluto_spont1,mouse B (Pluto),2025-10-27,0.0,5.0,405.0,69.03,243.68,0.6,0.335,55.83,5.63,7.17,28.21,44.91,3.8,33.26,12.65,5b
2073,15_20251013_Terra_spont_1,58.0,7_20251027_Pluto_spont1,mouse B (Pluto),2025-10-27,0.0,10.0,410.0,49.18,70.51,0.48,0.237,62.49,5.06,6.89,22.3,66.73,3.78,56.22,10.79,10a
2074,15_20251013_Terra_spont_1,59.0,7_20251027_Pluto_spont1,mouse B (Pluto),2025-10-27,0.0,10.0,410.0,58.74,299.09,0.6,0.36,64.83,5.63,8.0,28.75,101.26,3.45,30.03,13.28,10b
811,15_20251013_Terra_spont_1,60.0,7_20251027_Pluto_spont1,mouse B (Pluto),2025-10-27,1.0,20.0,420.0,39.37,95.21,0.4,0.32,63.62,5.98,6.76,21.0,44.08,4.08,37.09,11.6,
812,15_20251013_Terra_spont_1,61.0,7_20251027_Pluto_spont1,mouse B (Pluto),2025-10-27,2.0,40.0,440.0,44.1,194.97,0.42,0.27,73.13,6.37,7.01,31.31,74.18,4.84,29.53,12.16,
2081,15_20251013_Terra_spont_1,62.0,8_20251024_Pluto_spont1,mouse B (Pluto),2025-10-24,0.0,5.0,405.0,43.14,170.87,0.48,0.302,52.7,4.9,8.19,27.8,41.42,5.21,23.35,16.34,5a
2082,15_20251013_Terra_spont_1,63.0,8_20251024_Pluto_spont1,mouse B (Pluto),2025-10-24,0.0,5.0,405.0,67.53,161.91,0.58,0.302,74.43,4.64,7.48,25.21,84.65,4.33,28.36,16.58,5b
2083,15_20251013_Terra_spont_1,64.0,8_20251024_Pluto_spont1,mouse B (Pluto),2025-10-24,0.0,10.0,410.0,56.59,153.65,0.54,0.343,72.51,6.61,8.39,23.46,59.65,3.21,34.19,14.56,10a
2084,15_20251013_Terra_spont_1,65.0,8_20251024_Pluto_spont1,mouse B (Pluto),2025-10-24,0.0,10.0,410.0,86.7,174.99,0.76,0.223,73.29,8.38,7.55,29.75,216.75,5.06,27.79,16.8,10b
911,15_20251013_Terra_spont_1,66.0,8_20251024_Pluto_spont1,mouse B (Pluto),2025-10-24,1.0,20.0,420.0,41.76,160.89,0.34,0.33,49.46,5.16,7.07,25.8,39.19,4.08,46.85,14.74,
912,15_20251013_Terra_spont_1,67.0,8_20251024_Pluto_spont1,mouse B (Pluto),2025-10-24,2.0,40.0,440.0,48.41,117.59,0.42,0.295,90.89,4.85,5.7,22.62,68.99,4.61,24.63,10.85,
913,15_20251013_Terra_spont_1,68.0,8_20251024_Pluto_spont1,mouse B (Pluto),2025-10-24,3.0,60.0,460.0,90.27,224.34,0.76,0.325,125.82,4.45,7.17,24.25,96.04,4.51,29.13,17.13,
2091,15_20251013_Terra_spont_1,69.0,9_20251023_Pluto1,mouse B (Pluto),2025-10-23,0.0,5.0,425.0,61.09,229.61,0.62,0.26,92.81,5.91,8.69,26.84,77.98,3.66,22.76,15.07,5a
2092,15_20251013_Terra_spont_1,70.0,9_20251023_Pluto1,mouse B (Pluto),2025-10-23,0.0,5.0,425.0,73.36,172.29,0.72,0.43,88.18,5.04,7.7,21.87,101.08,6.15,22.47,16.32,5b
2093,15_20251013_Terra_spont_1,71.0,9_20251023_Pluto1,mouse B (Pluto),2025-10-23,0.0,10.0,430.0,42.26,77.36,0.32,0.278,90.53,6.78,8.81,24.85,39.36,3.01,23.03,15.76,10a
2094,15_20251013_Terra_spont_1,72.0,9_20251023_Pluto1,mouse B (Pluto),2025-10-23,0.0,10.0,430.0,37.92,72.29,0.26,0.292,53.74,6.63,8.85,26.72,45.62,4.25,30.17,11.73,10b
1011,15_20251013_Terra_spont_1,73.0,9_20251023_Pluto1,mouse B (Pluto),2025-10-23,1.0,20.0,440.0,36.71,87.31,0.26,0.28,41.3,6.36,7.41,28.66,35.35,3.59,22.58,11.02,
1012,15_20251013_Terra_spont_1,74.0,9_20251023_Pluto1,mouse B (Pluto),2025-10-23,2.0,40.0,460.0,45.57,213.78,0.46,0.335,64.43,6.02,6.98,25.0,74.69,4.65,26.16,12.47,
1013,15_20251013_Terra_spont_1,75.0,9_20251023_Pluto1,mouse B (Pluto),2025-10-23,3.0,60.0,480.0,42.5,113.23,0.38,0.255,64.47,5.93,6.43,21.22,44.26,4.13,31.68,15.1,
1014,15_20251013_Terra_spont_1,76.0,9_20251023_Pluto1,mouse B (Pluto),2025-10-23,4.0,80.0,500.0,47.63,160.77,0.44,0.355,92.1,7.9,6.53,22.62,55.12,4.16,42.24,12.28,
1015,15_20251013_Terra_spont_1,77.0,9_20251023_Pluto1,mouse B (Pluto),2025-10-23,5.0,100.0,520.0,34.13,93.52,0.14,0.407,57.01,5.53,6.83,20.62,45.5,4.09,40.33,13.34,
1016,15_20251013_Terra_spont_1,78.0,9_20251023_Pluto1,mouse B (Pluto),2025-10-23,6.0,120.0,540.0,39.08,133.62,0.16,0.352,67.43,4.4,6.36,19.86,45.72,6.35,34.53,8.83,
2101,15_20251013_Terra_spont_1,79.0,10_20251022_Pluto1,mouse B (Pluto),2025-10-22,0.0,5.0,505.0,53.05,99.93,0.52,0.282,81.44,4.73,8.21,27.56,79.61,5.99,24.39,14.25,5a
2102,15_20251013_Terra_spont_1,80.0,10_20251022_Pluto1,mouse B (Pluto),2025-10-22,0.0,5.0,505.0,51.92,95.85,0.5,0.3,86.73,4.61,7.42,26.98,69.6,3.99,31.77,11.63,5b
2103,15_20251013_Terra_spont_1,81.0,10_20251022_Pluto1,mouse B (Pluto),2025-10-22,0.0,10.0,510.0,35.45,184.36,0.3,0.345,56.26,4.1,6.62,34.55,42.89,5.58,23.07,12.42,10a
2104,15_20251013_Terra_spont_1,82.0,10_20251022_Pluto1,mouse B (Pluto),2025-10-22,0.0,10.0,510.0,42.03,86.33,0.34,0.275,75.29,4.98,6.46,16.48,40.91,4.03,27.59,14.15,10b
1111,15_20251013_Terra_spont_1,83.0,10_20251022_Pluto1,mouse B (Pluto),2025-10-22,1.0,20.0,520.0,47.73,231.82,0.42,0.357,83.29,5.67,9.35,22.71,63.94,3.27,35.9,11.14,
1112,15_20251013_Terra_spont_1,84.0,10_20251022_Pluto1,mouse B (Pluto),2025-10-22,2.0,40.0,540.0,71.47,92.82,0.76,0.335,46.91,4.7,7.22,22.59,182.02,3.75,30.18,14.8,
1113,15_20251013_Terra_spont_1,85.0,10_20251022_Pluto1,mouse B (Pluto),2025-10-22,3.0,60.0,560.0,38.79,142.04,0.3,0.3,61.52,3.54,10.47,25.89,46.62,4.12,28.45,13.9,
1114,15_20251013_Terra_spont_1,86.0,10_20251022_Pluto1,mouse B (Pluto),2025-10-22,4.0,80.0,580.0,37.88,72.59,0.18,0.302,57.72,4.64,7.41,21.39,56.95,4.85,26.05,11.88,
2111,15_20251013_Terra_spont_1,87.0,11_20251017_Terra_spont_1,mouse C (Terra),2025-10-17,0.0,5.0,545.0,38.03,84.16,0.42,0.492,78.19,5.68,5.68,28.32,43.87,3.66,15.27,7.78,5a
2112,15_20251013_Terra_spont_1,88.0,11_20251017_Terra_spont_1,mouse C (Terra),2025-10-17,0.0,5.0,545.0,37.84,82.66,0.34,0.47,47.72,5.18,7.08,21.35,45.91,2.84,19.13,7.69,5b
2113,15_20251013_Terra_spont_1,89.0,11_20251017_Terra_spont_1,mouse C (Terra),2025-10-17,0.0,10.0,550.0,46.71,57.66,0.34,0.46,88.05,5.96,6.39,22.78,74.8,2.41,13.74,3.47,10a
2114,15_20251013_Terra_spont_1,90.0,11_20251017_Terra_spont_1,mouse C (Terra),2025-10-17,0.0,10.0,550.0,40.07,76.41,0.36,0.455,87.56,3.59,6.11,16.64,52.68,3.98,15.33,5.08,10b
1211,15_20251013_Terra_spont_1,91.0,11_20251017_Terra_spont_1,mouse C (Terra),2025-10-17,1.0,20.0,560.0,35.81,51.95,0.14,0.443,75.36,4.59,6.15,18.46,47.23,2.38,9.24,2.88,
1212,15_20251013_Terra_spont_1,92.0,11_20251017_Terra_spont_1,mouse C (Terra),2025-10-17,2.0,40.0,580.0,38.27,51.98,0.16,0.527,82.92,5.08,5.99,21.82,72.75,2.77,10.95,2.89,
1213,15_20251013_Terra_spont_1,93.0,11_20251017_Terra_spont_1,mouse C (Terra),2025-10-17,3.0,60.0,600.0,40.47,53.95,0.24,0.578,92.0,4.31,3.81,17.21,55.18,2.31,9.39,2.74,
1214,15_20251013_Terra_spont_1,94.0,11_20251017_Terra_spont_1,mouse C (Terra),2025-10-17,4.0,80.0,620.0,38.76,54.42,0.18,0.62,83.91,4.54,4.02,24.23,58.25,2.6,9.02,2.45,
2121,15_20251013_Terra_spont_1,95.0,12_20251016_Terra_spont_2,mouse C (Terra),2025-10-16,0.0,5.0,585.0,30.88,44.01,0.06,0.542,77.86,4.2,3.07,19.18,8.67,3.08,9.96,2.0,5a
2122,15_20251013_Terra_spont_1,96.0,12_20251016_Terra_spont_2,mouse C (Terra),2025-10-16,0.0,5.0,585.0,30.05,52.27,0.14,0.56,46.45,4.39,3.5,17.56,47.58,2.57,6.44,1.91,5b
2123,15_20251013_Terra_spont_1,97.0,12_20251016_Terra_spont_2,mouse C (Terra),2025-10-16,0.0,10.0,590.0,19.33,37.25,0.02,0.555,31.71,7.47,4.58,17.23,17.79,5.52,8.17,1.74,10a
2124,15_20251013_Terra_spont_1,98.0,12_20251016_Terra_spont_2,mouse C (Terra),2025-10-16,0.0,10.0,590.0,38.0,52.15,0.16,0.568,85.28,6.71,3.98,13.56,51.42,5.31,7.66,2.69,10b
1311,15_20251013_Terra_spont_1,99.0,12_20251016_Terra_spont_2,mouse C (Terra),2025-10-16,1.0,20.0,600.0,16.44,46.7,0.08,0.573,17.99,5.03,3.2,17.59,14.04,3.06,8.05,3.17,
1312,15_20251013_Terra_spont_1,100.0,12_20251016_Terra_spont_2,mouse C (Terra),2025-10-16,2.0,40.0,620.0,11.38,26.52,0.0,0.77,19.78,4.75,3.6,12.99,13.37,2.31,4.13,2.44,
2131,15_20251013_Terra_spont_1,101.0,13_20251015_Terra_spont_1,mouse C (Terra),2025-10-15,0.0,5.0,585.0,28.6,45.59,0.08,0.568,57.85,3.33,4.12,20.67,43.19,2.26,9.46,1.86,5a
2132,15_20251013_Terra_spont_1,102.0,13_20251015_Terra_spont_1,mouse C (Terra),2025-10-15,0.0,5.0,585.0,28.76,46.61,0.04,0.522,37.17,5.53,4.48,13.85,46.66,2.41,12.15,2.61,5b
2133,15_20251013_Terra_spont_1,103.0,13_20251015_Terra_spont_1,mouse C (Terra),2025-10-15,0.0,10.0,590.0,44.32,67.24,0.26,0.593,91.36,4.6,4.32,14.71,83.17,1.95,9.49,2.3,10a
2134,15_20251013_Terra_spont_1,104.0,13_20251015_Terra_spont_1,mouse C (Terra),2025-10-15,0.0,10.0,590.0,21.12,50.15,0.1,0.598,21.96,3.88,4.09,18.02,12.13,2.51,6.3,2.36,10b
1411,15_20251013_Terra_spont_1,105.0,13_20251015_Terra_spont_1,mouse C (Terra),2025-10-15,1.0,20.0,600.0,33.6,51.2,0.12,0.657,49.59,3.13,4.76,11.54,11.09,2.18,8.77,2.48,
1412,15_20251013_Terra_spont_1,106.0,13_20251015_Terra_spont_1,mouse C (Terra),2025-10-15,2.0,40.0,620.0,36.37,50.25,0.16,0.61,87.51,5.76,4.57,14.46,33.96,1.55,11.32,2.72,
1413,15_20251013_Terra_spont_1,107.0,13_20251015_Terra_spont_1,mouse C (Terra),2025-10-15,3.0,60.0,640.0,26.51,46.1,0.06,0.552,47.21,4.38,3.2,12.34,13.0,2.17,7.81,2.86,
2141,0_first5minvedio,108.0,14_20251014_Terra_spont_1,mouse C (Terra),2025-10-14,0.0,5.0,605.0,12.53,18.38,0.0,0.972,10.9,3.54,8.67,5.08,12.76,5.32,14.92,12.35,5a
2141,1_20251031_Pluto_spont_1,108.0,14_20251014_Terra_spont_1,mouse C (Terra),2025-10-14,0.0,5.0,605.0,12.12,17.98,0.0,0.985,8.75,6.3,12.71,3.76,8.44,8.06,13.87,12.7,5a
2141,2_20251031_Pluto_spont_3,108.0,14_20251014_Terra_spont_1,mouse C (Terra),2025-10-14,0.0,5.0,605.0,7.3,11.86,0.02,0.942,11.42,2.0,4.19,3.15,6.16,1.57,3.68,5.17,5a
2141,3_20251031_Pluto_spont_2,108.0,14_20251014_Terra_spont_1,mouse C (Terra),2025-10-14,0.0,5.0,605.0,3.87,22.7,0.0,0.96,4.94,2.12,2.89,2.42,1.66,2.45,2.59,2.13,5a
2141,4_20251030_Pluto_spont_1,108.0,14_20251014_Terra_spont_1,mouse C (Terra),2025-10-14,0.0,5.0,605.0,15.92,33.64,0.04,0.907,14.43,15.04,22.83,8.28,3.52,2.74,3.8,3.38,5a
2141,5_20251029_Pluto_spont_1,108.0,14_20251014_Terra_spont_1,mouse C (Terra),2025-10-14,0.0,5.0,605.0,13.32,18.34,0.0,0.9,32.36,1.85,1.41,4.22,3.94,1.65,4.47,7.67,5a
2141,6_20251028_Pluto_spont_1,108.0,14_20251014_Terra_spont_1,mouse C (Terra),2025-10-14,0.0,5.0,605.0,8.15,11.73,0.0,0.87,11.8,1.88,2.11,5.36,5.62,6.86,4.2,5.17,5a
2141,7_20251027_Pluto_spont1,108.0,14_20251014_Terra_spont_1,mouse C (Terra),2025-10-14,0.0,5.0,605.0,6.82,9.91,0.0,0.955,10.91,1.99,1.87,5.96,10.07,1.95,3.38,4.35,5a
2141,8_20251024_Pluto_spont1,108.0,14_20251014_Terra_spont_1,mouse C (Terra),2025-10-14,0.0,5.0,605.0,18.08,45.08,0.08,0.796,21.41,18.19,14.02,10.86,7.5,9.8,3.38,4.63,5a
2141,9_20251023_Pluto1,108.0,14_20251014_Terra_spont_1,mouse C (Terra),2025-10-14,0.0,5.0,605.0,8.67,15.04,0.02,0.875,8.06,12.2,8.03,6.22,3.17,5.6,6.58,4.71,5a
2141,10_20251022_Pluto1,108.0,14_20251014_Terra_spont_1,mouse C (Terra),2025-10-14,0.0,5.0,605.0,10.16,27.14,0.02,0.882,7.81,14.59,5.91,10.64,9.76,9.75,3.51,3.06,5a
2141,11_20251017_Terra_spont_1,108.0,14_20251014_Terra_spont_1,mouse C (Terra),2025-10-14,0.0,5.0,605.0,8.77,13.53,0.02,0.943,6.45,3.83,3.38,5.72,5.6,4.94,8.74,8.14,5a
2141,12_20251016_Terra_spont_2,108.0,14_20251014_Terra_spont_1,mouse C (Terra),2025-10-14,0.0,5.0,605.0,8.61,11.2,0.0,0.897,11.67,3.22,2.18,2.45,16.56,2.53,4.25,3.38,5a
2141,13_20251015_Terra_spont_1,108.0,14_20251014_Terra_spont_1,mouse C (Terra),2025-10-14,0.0,5.0,605.0,10.21,29.77,0.02,0.823,6.6,4.26,11.91,7.79,7.5,7.61,3.21,11.04,5a
2141,14_20251014_Terra_spont_1,108.0,14_20251014_Terra_spont_1,mouse C (Terra),2025-10-14,0.0,5.0,605.0,10.93,16.72,0.04,0.786,9.26,2.5,6.12,10.89,6.49,1.73,4.68,3.63,5a
2141,15_20251013_Terra_spont_1,108.0,14_20251014_Terra_spont_1,mouse C (Terra),2025-10-14,0.0,5.0,605.0,20.35,50.39,0.12,0.657,18.96,4.01,4.55,19.53,12.76,1.74,7.23,2.71,5a
1511,15_20251013_Terra_spont_1,109.0,14_20251014_Terra_spont_1,mouse C (Terra),2025-10-14,1.0,20.0,620.0,23.2,38.63,0.0,0.75,26.07,0.0,0.0,13.44,0.0,0.0,0.0,0.0,
1512,15_20251013_Terra_spont_1,110.0,14_20251014_Terra_spont_1,mouse C (Terra),2025-10-14,2.0,40.0,640.0,10.4,27.44,0.02,0.757,11.05,5.6,3.62,13.92,6.34,3.99,3.97,3.4,
1513,0_first5minvedio,111.0,14_20251014_Terra_spont_1,mouse C (Terra),2025-10-14,3.0,60.0,660.0,12.69,17.53,0.0,0.982,11.79,5.07,9.09,5.49,12.49,4.97,16.41,10.21,
1513,1_20251031_Pluto_spont_1,111.0,14_20251014_Terra_spont_1,mouse C (Terra),2025-10-14,3.0,60.0,660.0,12.33,20.03,0.0,0.985,9.82,6.88,12.99,3.47,7.79,8.24,13.87,12.15,
1513,2_20251031_Pluto_spont_3,111.0,14_20251014_Terra_spont_1,mouse C (Terra),2025-10-14,3.0,60.0,660.0,7.0,15.74,0.02,0.965,12.27,2.02,3.37,3.26,5.1,1.6,4.3,4.89,
1513,3_20251031_Pluto_spont_2,111.0,14_20251014_Terra_spont_1,mouse C (Terra),2025-10-14,3.0,60.0,660.0,4.05,23.26,0.0,0.977,4.82,3.47,2.7,2.77,1.56,1.99,2.09,2.22,
1513,4_20251030_Pluto_spont_1,111.0,14_20251014_Terra_spont_1,mouse C (Terra),2025-10-14,3.0,60.0,660.0,16.18,28.48,0.0,0.925,14.21,14.83,27.05,9.23,3.18,2.03,4.88,2.64,
1513,5_20251029_Pluto_spont_1,111.0,14_20251014_Terra_spont_1,mouse C (Terra),2025-10-14,3.0,60.0,660.0,12.85,18.39,0.0,0.907,33.2,2.01,1.42,3.06,3.94,1.78,3.52,9.68,
1513,6_20251028_Pluto_spont_1,111.0,14_20251014_Terra_spont_1,mouse C (Terra),2025-10-14,3.0,60.0,660.0,7.04,11.57,0.0,0.885,11.07,2.83,1.65,4.36,4.98,5.11,3.38,5.44,
1513,7_20251027_Pluto_spont1,111.0,14_20251014_Terra_spont_1,mouse C (Terra),2025-10-14,3.0,60.0,660.0,6.06,8.68,0.0,0.873,9.09,1.51,2.95,5.6,7.73,1.41,3.54,2.92,
1513,8_20251024_Pluto_spont1,111.0,14_20251014_Terra_spont_1,mouse C (Terra),2025-10-14,3.0,60.0,660.0,22.04,42.86,0.06,0.72,21.51,26.46,20.85,11.95,6.0,10.86,3.09,4.72,
1513,9_20251023_Pluto1,111.0,14_20251014_Terra_spont_1,mouse C (Terra),2025-10-14,3.0,60.0,660.0,9.51,18.71,0.0,0.85,9.45,14.06,9.31,6.35,3.63,4.27,5.5,4.23,
1513,10_20251022_Pluto1,111.0,14_20251014_Terra_spont_1,mouse C (Terra),2025-10-14,3.0,60.0,660.0,10.29,26.22,0.02,0.882,7.26,12.04,6.9,9.82,8.95,10.1,3.38,2.71,
1513,11_20251017_Terra_spont_1,111.0,14_20251014_Terra_spont_1,mouse C (Terra),2025-10-14,3.0,60.0,660.0,9.39,13.49,0.02,0.955,6.86,4.15,3.28,7.24,5.6,5.06,8.76,8.81,
1513,12_20251016_Terra_spont_2,111.0,14_20251014_Terra_spont_1,mouse C (Terra),2025-10-14,3.0,60.0,660.0,6.71,12.26,0.0,0.83,11.23,2.47,2.96,3.25,10.3,3.1,2.89,2.72,
1513,13_20251015_Terra_spont_1,111.0,14_20251014_Terra_spont_1,mouse C (Terra),2025-10-14,3.0,60.0,660.0,9.99,15.83,0.0,0.868,7.91,3.61,11.35,8.4,7.75,6.83,3.69,11.25,
1513,14_20251014_Terra_spont_1,111.0,14_20251014_Terra_spont_1,mouse C (Terra),2025-10-14,3.0,60.0,660.0,10.3,16.06,0.02,0.94,11.13,2.26,5.77,11.97,5.19,2.89,4.1,4.04,
1513,15_20251013_Terra_spont_1,111.0,14_20251014_Terra_spont_1,mouse C (Terra),2025-10-14,3.0,60.0,660.0,10.57,28.82,0.0,0.64,12.29,6.4,3.85,17.12,7.74,3.78,3.52,2.8,
2142,0_first5minvedio,109.0,14_20251014_Terra_spont_1,mouse C (Terra),2025-10-14,0.0,5.0,605.0,12.16,17.46,0.0,0.947,10.49,4.04,8.04,5.68,12.0,4.76,16.85,11.71,5b
2142,1_20251031_Pluto_spont_1,109.0,14_20251014_Terra_spont_1,mouse C (Terra),2025-10-14,0.0,5.0,605.0,12.11,19.43,0.0,0.995,9.28,5.77,12.44,3.67,8.06,9.04,12.97,12.05,5b
2142,2_20251031_Pluto_spont_3,109.0,14_20251014_Terra_spont_1,mouse C (Terra),2025-10-14,0.0,5.0,605.0,7.45,14.47,0.02,0.95,11.65,1.9,3.12,3.31,5.47,1.37,4.16,4.29,5b
2142,3_20251031_Pluto_spont_2,109.0,14_20251014_Terra_spont_1,mouse C (Terra),2025-10-14,0.0,5.0,605.0,3.75,22.27,0.0,0.957,4.01,3.71,3.11,2.87,1.32,2.49,2.11,2.25,5b
2142,4_20251030_Pluto_spont_1,109.0,14_20251014_Terra_spont_1,mouse C (Terra),2025-10-14,0.0,5.0,605.0,15.32,32.07,0.0,0.91,14.99,14.16,22.91,8.34,3.15,3.15,4.39,3.32,5b
2142,5_20251029_Pluto_spont_1,109.0,14_20251014_Terra_spont_1,mouse C (Terra),2025-10-14,0.0,5.0,605.0,13.28,19.58,0.0,0.887,32.35,1.67,1.28,4.16,4.38,1.83,5.15,8.59,5b
2142,6_20251028_Pluto_spont_1,109.0,14_20251014_Terra_spont_1,mouse C (Terra),2025-10-14,0.0,5.0,605.0,8.33,12.17,0.0,0.885,10.69,3.03,1.51,5.56,5.67,7.56,5.56,5.32,5b
2142,7_20251027_Pluto_spont1,109.0,14_20251014_Terra_spont_1,mouse C (Terra),2025-10-14,0.0,5.0,605.0,7.44,9.13,0.0,0.988,11.89,1.51,1.74,5.27,10.92,1.03,3.12,6.13,5b
2142,8_20251024_Pluto_spont1,109.0,14_20251014_Terra_spont_1,mouse C (Terra),2025-10-14,0.0,5.0,605.0,21.0,51.96,0.14,0.844,21.75,23.98,17.67,12.29,6.52,11.05,3.85,4.68,5b
2142,9_20251023_Pluto1,109.0,14_20251014_Terra_spont_1,mouse C (Terra),2025-10-14,0.0,5.0,605.0,8.5,14.77,0.0,0.915,9.3,11.15,8.37,6.68,3.64,4.03,5.5,4.83,5b
2142,10_20251022_Pluto1,109.0,14_20251014_Terra_spont_1,mouse C (Terra),2025-10-14,0.0,5.0,605.0,10.33,26.5,0.02,0.935,7.44,13.95,4.66,9.5,8.66,9.53,3.85,2.32,5b
2142,11_20251017_Terra_spont_1,109.0,14_20251014_Terra_spont_1,mouse C (Terra),2025-10-14,0.0,5.0,605.0,8.62,14.27,0.02,0.97,6.19,4.62,3.23,6.13,6.23,5.57,9.33,9.56,5b
2142,12_20251016_Terra_spont_2,109.0,14_20251014_Terra_spont_1,mouse C (Terra),2025-10-14,0.0,5.0,605.0,6.56,9.6,0.0,0.927,8.08,2.28,2.3,3.2,11.28,3.4,6.37,3.25,5b
2142,13_20251015_Terra_spont_1,109.0,14_20251014_Terra_spont_1,mouse C (Terra),2025-10-14,0.0,5.0,605.0,9.8,20.34,0.02,0.85,6.89,3.93,8.87,6.35,6.86,8.65,3.53,11.83,5b
2142,14_20251014_Terra_spont_1,109.0,14_20251014_Terra_spont_1,mouse C (Terra),2025-10-14,0.0,5.0,605.0,10.22,169.1,0.14,0.802,11.62,1.89,6.45,13.76,5.12,2.55,3.58,4.02,5b
2142,15_20251013_Terra_spont_1,109.0,14_20251014_Terra_spont_1,mouse C (Terra),2025-10-14,0.0,5.0,605.0,43.29,252.96,0.28,0.588,86.57,6.16,4.28,21.35,60.62,2.93,3.41,2.5,5b
2143,0_first5minvedio,110.0,14_20251014_Terra_spont_1,mouse C (Terra),2025-10-14,0.0,10.0,610.0,12.85,16.81,0.0,0.945,11.92,4.14,7.32,5.95,12.13,5.5,15.62,11.0,10a
2143,1_20251031_Pluto_spont_1,110.0,14_20251014_Terra_spont_1,mouse C (Terra),2025-10-14,0.0,10.0,610.0,11.8,19.2,0.0,0.995,8.95,5.22,12.79,3.32,7.95,7.36,13.96,12.43,10a
2143,2_20251031_Pluto_spont_3,110.0,14_20251014_Terra_spont_1,mouse C (Terra),2025-10-14,0.0,10.0,610.0,7.26,13.01,0.02,0.932,11.28,2.03,3.88,3.43,4.76,1.43,4.17,5.24,10a
2143,3_20251031_Pluto_spont_2,110.0,14_20251014_Terra_spont_1,mouse C (Terra),2025-10-14,0.0,10.0,610.0,3.74,23.18,0.0,0.975,3.58,2.99,3.26,1.83,1.69,2.84,2.57,2.06,10a
2143,4_20251030_Pluto_spont_1,110.0,14_20251014_Terra_spont_1,mouse C (Terra),2025-10-14,0.0,10.0,610.0,15.19,28.1,0.02,0.922,14.57,15.02,21.64,8.82,2.95,2.24,4.37,2.57,10a
2143,5_20251029_Pluto_spont_1,110.0,14_20251014_Terra_spont_1,mouse C (Terra),2025-10-14,0.0,10.0,610.0,14.39,19.75,0.0,0.877,38.47,1.3,1.17,2.87,5.17,1.81,3.8,7.73,10a
2143,6_20251028_Pluto_spont_1,110.0,14_20251014_Terra_spont_1,mouse C (Terra),2025-10-14,0.0,10.0,610.0,9.94,14.79,0.0,0.93,21.38,1.49,1.87,5.08,4.96,6.68,2.22,5.05,10a
2143,7_20251027_Pluto_spont1,110.0,14_20251014_Terra_spont_1,mouse C (Terra),2025-10-14,0.0,10.0,610.0,6.47,8.94,0.0,0.932,10.46,1.66,1.83,6.25,9.4,1.19,3.08,4.48,10a
2143,8_20251024_Pluto_spont1,110.0,14_20251014_Terra_spont_1,mouse C (Terra),2025-10-14,0.0,10.0,610.0,17.06,40.28,0.06,0.783,24.4,22.14,12.61,13.05,7.1,10.74,3.95,5.03,10a
2143,9_20251023_Pluto1,110.0,14_20251014_Terra_spont_1,mouse C (Terra),2025-10-14,0.0,10.0,610.0,9.19,15.0,0.0,0.882,8.71,11.8,9.08,6.49,3.69,5.62,6.47,3.49,10a
2143,10_20251022_Pluto1,110.0,14_20251014_Terra_spont_1,mouse C (Terra),2025-10-14,0.0,10.0,610.0,10.48,25.38,0.02,0.925,9.44,14.75,6.83,10.64,9.72,8.99,2.83,2.67,10a
2143,11_20251017_Terra_spont_1,110.0,14_20251014_Terra_spont_1,mouse C (Terra),2025-10-14,0.0,10.0,610.0,8.79,14.62,0.02,0.955,7.32,4.12,3.62,6.14,4.96,5.66,8.82,8.62,10a
2143,12_20251016_Terra_spont_2,110.0,14_20251014_Terra_spont_1,mouse C (Terra),2025-10-14,0.0,10.0,610.0,7.7,11.67,0.02,0.708,11.24,1.97,2.69,2.88,10.74,2.76,6.64,3.94,10a
2143,13_20251015_Terra_spont_1,110.0,14_20251014_Terra_spont_1,mouse C (Terra),2025-10-14,0.0,10.0,610.0,9.81,14.64,0.0,0.828,6.7,4.44,9.45,7.08,6.98,8.72,3.39,8.78,10a
2143,14_20251014_Terra_spont_1,110.0,14_20251014_Terra_spont_1,mouse C (Terra),2025-10-14,0.0,10.0,610.0,9.82,22.93,0.08,0.744,12.13,1.65,6.25,8.98,6.3,2.26,3.49,3.41,10a
2143,15_20251013_Terra_spont_1,110.0,14_20251014_Terra_spont_1,mouse C (Terra),2025-10-14,0.0,10.0,610.0,28.07,39.58,0.06,0.598,61.7,4.58,3.78,13.14,9.38,1.98,4.68,1.84,10a
2144,0_first5minvedio,111.0,14_20251014_Terra_spont_1,mouse C (Terra),2025-10-14,0.0,10.0,610.0,12.83,16.32,0.0,0.98,11.45,4.15,7.99,4.84,13.9,6.0,15.96,10.11,10b
2144,1_20251031_Pluto_spont_1,111.0,14_20251014_Terra_spont_1,mouse C (Terra),2025-10-14,0.0,10.0,610.0,11.93,19.15,0.0,0.99,9.64,6.06,14.3,3.48,7.43,8.62,13.57,11.99,10b
2144,2_20251031_Pluto_spont_3,111.0,14_20251014_Terra_spont_1,mouse C (Terra),2025-10-14,0.0,10.0,610.0,7.38,14.26,0.02,0.942,13.26,2.1,3.55,3.47,5.28,1.11,4.08,4.92,10b
2144,3_20251031_Pluto_spont_2,111.0,14_20251014_Terra_spont_1,mouse C (Terra),2025-10-14,0.0,10.0,610.0,4.11,22.92,0.0,0.965,4.42,3.13,3.15,2.85,1.63,3.0,2.93,1.85,10b
2144,4_20251030_Pluto_spont_1,111.0,14_20251014_Terra_spont_1,mouse C (Terra),2025-10-14,0.0,10.0,610.0,15.54,26.84,0.02,0.917,15.53,14.47,23.14,9.7,2.56,2.49,4.71,2.48,10b
2144,5_20251029_Pluto_spont_1,111.0,14_20251014_Terra_spont_1,mouse C (Terra),2025-10-14,0.0,10.0,610.0,13.9,19.74,0.0,0.945,35.91,2.01,1.55,4.43,5.31,1.43,3.27,9.43,10b
2144,6_20251028_Pluto_spont_1,111.0,14_20251014_Terra_spont_1,mouse C (Terra),2025-10-14,0.0,10.0,610.0,7.39,12.28,0.0,0.935,8.59,1.28,1.81,5.04,5.67,6.32,2.93,5.39,10b
2144,7_20251027_Pluto_spont1,111.0,14_20251014_Terra_spont_1,mouse C (Terra),2025-10-14,0.0,10.0,610.0,6.11,8.57,0.0,0.993,9.25,1.87,1.88,5.43,9.45,1.41,2.67,5.15,10b
2144,8_20251024_Pluto_spont1,111.0,14_20251014_Terra_spont_1,mouse C (Terra),2025-10-14,0.0,10.0,610.0,25.2,52.04,0.12,0.791,22.34,25.61,35.99,12.31,7.23,11.3,3.04,3.96,10b
2144,9_20251023_Pluto1,111.0,14_20251014_Terra_spont_1,mouse C (Terra),2025-10-14,0.0,10.0,610.0,8.8,16.29,0.0,0.895,8.8,14.74,8.48,5.97,3.7,4.04,5.4,3.56,10b
2144,10_20251022_Pluto1,111.0,14_20251014_Terra_spont_1,mouse C (Terra),2025-10-14,0.0,10.0,610.0,10.57,26.73,0.02,0.92,8.62,13.09,6.39,11.41,11.42,8.67,2.88,1.84,10b
2144,11_20251017_Terra_spont_1,111.0,14_20251014_Terra_spont_1,mouse C (Terra),2025-10-14,0.0,10.0,610.0,8.71,13.3,0.02,0.968,6.51,4.75,3.0,6.15,5.37,5.56,9.36,9.0,10b
2144,12_20251016_Terra_spont_2,111.0,14_20251014_Terra_spont_1,mouse C (Terra),2025-10-14,0.0,10.0,610.0,10.1,12.36,0.0,0.945,19.34,5.51,3.61,2.42,13.91,3.19,6.7,2.75,10b
2144,13_20251015_Terra_spont_1,111.0,14_20251014_Terra_spont_1,mouse C (Terra),2025-10-14,0.0,10.0,610.0,11.25,15.31,0.02,0.868,7.11,4.5,11.11,7.64,6.77,7.06,3.53,14.16,10b
2144,14_20251014_Terra_spont_1,111.0,14_20251014_Terra_spont_1,mouse C (Terra),2025-10-14,0.0,10.0,610.0,10.06,25.91,0.02,0.854,14.07,1.98,5.86,9.87,6.54,1.85,3.61,3.23,10b
2144,15_20251013_Terra_spont_1,111.0,14_20251014_Terra_spont_1,mouse C (Terra),2025-10-14,0.0,10.0,610.0,12.6,33.82,0.04,0.698,13.6,2.55,3.6,18.63,9.88,2.21,5.85,1.89,10b
1514,0_first5minvedio,115.0,14_20251014_Terra_spont_1,mouse C (Terra),2025-10-14,4.0,80.0,680.0,12.22,19.12,0.0,0.96,11.15,4.88,7.82,5.23,12.66,5.29,15.19,11.61,
1514,1_20251031_Pluto_spont_1,115.0,14_20251014_Terra_spont_1,mouse C (Terra),2025-10-14,4.0,80.0,680.0,12.47,20.4,0.0,0.978,9.07,7.08,12.92,3.65,8.16,8.97,13.49,11.34,
1514,2_20251031_Pluto_spont_3,115.0,14_20251014_Terra_spont_1,mouse C (Terra),2025-10-14,4.0,80.0,680.0,7.37,13.67,0.02,0.94,12.14,1.68,3.57,3.33,5.19,1.49,5.13,5.14,
1514,3_20251031_Pluto_spont_2,115.0,14_20251014_Terra_spont_1,mouse C (Terra),2025-10-14,4.0,80.0,680.0,4.05,23.53,0.0,0.945,4.48,2.89,2.29,2.65,2.13,2.52,2.63,2.05,
1514,4_20251030_Pluto_spont_1,115.0,14_20251014_Terra_spont_1,mouse C (Terra),2025-10-14,4.0,80.0,680.0,16.17,26.26,0.0,0.86,15.9,14.13,25.99,9.14,3.39,2.38,4.32,2.95,
1514,5_20251029_Pluto_spont_1,115.0,14_20251014_Terra_spont_1,mouse C (Terra),2025-10-14,4.0,80.0,680.0,11.81,18.21,0.0,0.92,30.52,1.59,1.43,2.86,4.76,1.65,4.03,8.44,
1514,6_20251028_Pluto_spont_1,115.0,14_20251014_Terra_spont_1,mouse C (Terra),2025-10-14,4.0,80.0,680.0,6.48,10.07,0.0,0.925,5.48,2.11,1.84,4.47,5.29,6.9,3.23,4.52,
1514,7_20251027_Pluto_spont1,115.0,14_20251014_Terra_spont_1,mouse C (Terra),2025-10-14,4.0,80.0,680.0,5.85,8.97,0.0,0.943,8.67,2.09,1.97,4.93,8.56,0.92,4.06,3.7,
1514,8_20251024_Pluto_spont1,115.0,14_20251014_Terra_spont_1,mouse C (Terra),2025-10-14,4.0,80.0,680.0,20.94,51.56,0.16,0.703,22.26,26.48,16.61,13.61,6.77,9.36,2.94,5.24,
1514,9_20251023_Pluto1,115.0,14_20251014_Terra_spont_1,mouse C (Terra),2025-10-14,4.0,80.0,680.0,8.22,14.92,0.0,0.905,7.74,10.73,8.04,5.94,3.08,6.59,5.67,4.08,
1514,10_20251022_Pluto1,115.0,14_20251014_Terra_spont_1,mouse C (Terra),2025-10-14,4.0,80.0,680.0,10.52,25.94,0.02,0.885,9.05,11.69,5.53,10.03,9.54,10.44,2.82,2.51,
1514,11_20251017_Terra_spont_1,115.0,14_20251014_Terra_spont_1,mouse C (Terra),2025-10-14,4.0,80.0,680.0,9.05,13.2,0.02,0.958,7.28,4.16,3.31,6.54,5.1,5.14,9.39,9.01,
1514,12_20251016_Terra_spont_2,115.0,14_20251014_Terra_spont_1,mouse C (Terra),2025-10-14,4.0,80.0,680.0,10.54,47.89,0.08,0.665,19.16,2.73,3.89,2.74,13.44,3.91,4.81,2.99,
1514,13_20251015_Terra_spont_1,115.0,14_20251014_Terra_spont_1,mouse C (Terra),2025-10-14,4.0,80.0,680.0,10.06,28.43,0.02,0.843,6.88,4.05,9.53,6.6,8.67,8.05,3.07,12.41,
1514,14_20251014_Terra_spont_1,115.0,14_20251014_Terra_spont_1,mouse C (Terra),2025-10-14,4.0,80.0,680.0,10.45,18.14,0.02,0.92,12.89,2.83,6.23,9.63,5.09,3.23,4.52,3.24,
1514,15_20251013_Terra_spont_1,115.0,14_20251014_Terra_spont_1,mouse C (Terra),2025-10-14,4.0,80.0,680.0,10.77,27.88,0.0,0.772,13.48,4.85,4.68,14.44,7.12,3.22,4.66,3.36,
1515,0_first5minvedio,116.0,14_20251014_Terra_spont_1,mouse C (Terra),2025-10-14,5.0,100.0,700.0,12.82,18.35,0.0,0.882,11.62,4.43,9.14,5.17,11.22,5.44,15.73,11.25,
1515,1_20251031_Pluto_spont_1,116.0,14_20251014_Terra_spont_1,mouse C (Terra),2025-10-14,5.0,100.0,700.0,11.82,18.46,0.0,0.988,8.9,6.67,12.49,3.48,8.33,9.14,13.01,12.28,
1515,2_20251031_Pluto_spont_3,116.0,14_20251014_Terra_spont_1,mouse C (Terra),2025-10-14,5.0,100.0,700.0,7.27,11.97,0.02,0.962,11.59,1.85,3.47,3.59,5.58,1.64,4.58,5.56,
1515,3_20251031_Pluto_spont_2,116.0,14_20251014_Terra_spont_1,mouse C (Terra),2025-10-14,5.0,100.0,700.0,4.04,23.08,0.0,0.975,4.81,3.82,2.84,2.04,1.72,2.56,2.78,2.49,
1515,4_20251030_Pluto_spont_1,116.0,14_20251014_Terra_spont_1,mouse C (Terra),2025-10-14,5.0,100.0,700.0,15.35,28.02,0.0,0.887,15.05,14.81,21.86,8.55,2.3,2.04,3.69,1.89,
1515,5_20251029_Pluto_spont_1,116.0,14_20251014_Terra_spont_1,mouse C (Terra),2025-10-14,5.0,100.0,700.0,11.39,18.14,0.0,0.927,30.05,2.12,1.31,3.42,4.58,1.77,3.94,8.29,
1515,6_20251028_Pluto_spont_1,116.0,14_20251014_Terra_spont_1,mouse C (Terra),2025-10-14,5.0,100.0,700.0,8.08,10.32,0.02,0.858,10.53,1.8,1.23,3.41,7.19,8.71,2.75,5.61,
1515,7_20251027_Pluto_spont1,116.0,14_20251014_Terra_spont_1,mouse C (Terra),2025-10-14,5.0,100.0,700.0,7.08,8.87,0.0,0.993,11.97,1.91,3.17,5.14,10.96,1.27,3.31,4.62,
1515,8_20251024_Pluto_spont1,116.0,14_20251014_Terra_spont_1,mouse C (Terra),2025-10-14,5.0,100.0,700.0,22.63,48.06,0.08,0.751,22.71,27.25,17.26,11.77,7.28,9.97,3.68,5.3,
1515,9_20251023_Pluto1,116.0,14_20251014_Terra_spont_1,mouse C (Terra),2025-10-14,5.0,100.0,700.0,9.27,20.16,0.0,0.85,7.5,14.12,9.05,6.66,2.8,5.46,6.87,3.41,
1515,10_20251022_Pluto1,116.0,14_20251014_Terra_spont_1,mouse C (Terra),2025-10-14,5.0,100.0,700.0,11.23,25.86,0.04,0.853,7.7,12.15,8.23,9.98,9.55,9.7,5.75,4.14,
1515,11_20251017_Terra_spont_1,116.0,14_20251014_Terra_spont_1,mouse C (Terra),2025-10-14,5.0,100.0,700.0,8.95,13.26,0.04,0.927,6.98,3.9,2.81,6.4,6.07,5.1,8.87,8.79,
1515,12_20251016_Terra_spont_2,116.0,14_20251014_Terra_spont_1,mouse C (Terra),2025-10-14,5.0,100.0,700.0,8.38,13.93,0.0,0.748,14.02,2.93,2.44,3.4,6.24,4.23,4.16,2.82,
1515,13_20251015_Terra_spont_1,116.0,14_20251014_Terra_spont_1,mouse C (Terra),2025-10-14,5.0,100.0,700.0,10.21,15.55,0.0,0.835,7.21,4.26,11.61,7.38,8.05,7.44,2.58,14.54,
1515,14_20251014_Terra_spont_1,116.0,14_20251014_Terra_spont_1,mouse C (Terra),2025-10-14,5.0,100.0,700.0,10.24,26.5,0.02,0.957,14.42,2.26,5.71,10.74,4.82,3.28,4.08,3.68,
1515,15_20251013_Terra_spont_1,116.0,14_20251014_Terra_spont_1,mouse C (Terra),2025-10-14,5.0,100.0,700.0,11.91,34.92,0.02,0.665,12.7,5.37,2.95,18.18,11.5,2.24,3.97,2.57,
