video,unit,set,frame,model_step,labeled_points,frame_rmse_px,jump,min_conf,mean_conf,fitting,wrong50,wrong20,jump_rule,minconf_rule,fitting_rule,meanconf_rule,either_rule
0,0_first5minvedio,test50,14414,3,8,9.22,0.0066,0.5486,0.8893,1.43,False,False,False,True,False,False,True
0,0_first5minvedio,test50,14487,3,8,14.83,0.012,0.7427,0.8597,2.33,False,False,False,False,False,False,False
0,0_first5minvedio,test50,14560,3,8,13.03,0.0117,0.742,0.8873,2.16,False,False,False,False,False,False,False
0,0_first5minvedio,test50,14634,3,8,11.62,0.0068,0.7313,0.9083,1.62,False,False,False,False,False,False,False
0,0_first5minvedio,test50,14707,3,8,10.04,0.009,0.5787,0.887,2.23,False,False,False,True,False,False,True
0,0_first5minvedio,test50,14781,3,8,8.79,0.0188,0.7588,0.9225,3.4,False,False,False,False,False,False,False
0,0_first5minvedio,test50,14854,3,8,7.98,0.0049,0.7008,0.8928,0.98,False,False,False,False,False,False,False
0,0_first5minvedio,test50,14928,3,8,10.4,0.0085,0.7159,0.8953,1.59,False,False,False,False,False,False,False
0,0_first5minvedio,test50,15001,3,8,13.7,0.0071,0.7105,0.8936,1.84,False,False,False,False,False,False,False
0,0_first5minvedio,test50,15075,3,8,8.41,0.0087,0.5205,0.7931,2.93,False,False,False,True,False,False,True
0,0_first5minvedio,test50,15148,3,8,8.11,0.0055,0.658,0.876,2.79,False,False,False,False,False,False,False
0,0_first5minvedio,test50,15221,3,8,10.21,0.009,0.4337,0.757,2.97,False,False,False,True,False,False,True
0,0_first5minvedio,test50,15295,3,8,18.6,0.017,0.591,0.8239,3.36,False,False,False,True,False,False,True
0,0_first5minvedio,test50,15368,3,8,20.12,0.0229,0.413,0.8036,8.03,False,True,False,True,False,False,True
0,0_first5minvedio,test50,15442,3,8,16.83,0.0049,0.477,0.8351,2.67,False,False,False,True,False,False,True
0,0_first5minvedio,test50,15515,3,8,10.4,0.012,0.642,0.8811,1.89,False,False,False,False,False,False,False
0,0_first5minvedio,test50,15589,3,8,15.32,0.0146,0.6923,0.9151,4.96,False,False,False,False,False,False,False
0,0_first5minvedio,test50,15662,3,8,13.15,0.0113,0.5843,0.8478,1.86,False,False,False,True,False,False,True
0,0_first5minvedio,test50,15736,3,7,11.96,0.0084,0.5903,0.8196,2.68,False,False,False,True,False,False,True
0,0_first5minvedio,test50,15809,3,8,13.29,0.0092,0.5654,0.7834,2.56,False,False,False,True,False,False,True
0,0_first5minvedio,test50,15882,3,8,6.68,0.0094,0.3847,0.7985,2.91,False,False,False,True,False,False,True
0,0_first5minvedio,test50,15956,3,8,11.21,0.0042,0.5214,0.8309,1.45,False,False,False,True,False,False,True
0,0_first5minvedio,test50,16029,3,8,9.62,0.01,0.5646,0.8322,2.46,False,False,False,True,False,False,True
0,0_first5minvedio,test50,16103,3,8,10.65,0.0159,0.4495,0.7781,3.77,False,False,False,True,False,False,True
0,0_first5minvedio,test50,16176,3,8,9.58,0.0071,0.4086,0.8023,2.75,False,False,False,True,False,False,True
0,0_first5minvedio,test50,16250,3,8,16.58,0.0193,0.4223,0.7585,9.44,False,False,False,True,False,False,True
0,0_first5minvedio,test50,16323,3,8,19.24,0.0213,0.2349,0.6442,9.48,False,False,False,True,False,True,True
0,0_first5minvedio,test50,16397,3,8,15.43,0.0151,0.5248,0.832,2.39,False,False,False,True,False,False,True
0,0_first5minvedio,test50,16470,3,8,9.9,0.0084,0.4984,0.8235,7.5,False,False,False,True,False,False,True
0,0_first5minvedio,test50,16544,3,8,12.78,0.0101,0.5793,0.8409,2.67,False,False,False,True,False,False,True
0,0_first5minvedio,test50,16617,3,8,15.01,0.0181,0.5169,0.8102,2.74,False,False,False,True,False,False,True
0,0_first5minvedio,test50,16690,3,8,9.78,0.0093,0.6511,0.8519,1.4,False,False,False,False,False,False,False
0,0_first5minvedio,test50,16764,3,8,13.57,0.0206,0.5866,0.8466,2.74,False,False,False,True,False,False,True
0,0_first5minvedio,test50,16837,3,8,11.84,0.0068,0.6377,0.8746,1.68,False,False,False,False,False,False,False
0,0_first5minvedio,test50,16911,3,8,10.44,0.0147,0.3128,0.8842,2.53,False,False,False,True,False,False,True
0,0_first5minvedio,test50,16984,3,8,8.24,0.0165,0.5603,0.8773,1.67,False,False,False,True,False,False,True
0,0_first5minvedio,test50,17058,3,8,15.05,0.0186,0.7221,0.9059,1.33,False,False,False,False,False,False,False
0,0_first5minvedio,test50,17131,3,8,12.59,0.0045,0.6879,0.8801,1.08,False,False,False,False,False,False,False
0,0_first5minvedio,test50,17205,3,8,24.86,0.0302,0.3708,0.6341,7.7,False,True,True,True,False,True,True
0,0_first5minvedio,test50,17278,3,8,13.51,0.0095,0.5978,0.8769,1.83,False,False,False,True,False,False,True
0,0_first5minvedio,test50,17351,3,8,12.11,0.0117,0.682,0.927,2.23,False,False,False,False,False,False,False
0,0_first5minvedio,test50,17425,3,8,8.74,0.0137,0.6679,0.8609,1.23,False,False,False,False,False,False,False
0,0_first5minvedio,test50,17498,3,8,18.72,0.0118,0.2993,0.7395,4.12,False,False,False,True,False,False,True
0,0_first5minvedio,test50,17572,3,8,12.42,0.0172,0.6349,0.8649,2.5,False,False,False,False,False,False,False
0,0_first5minvedio,test50,17645,3,8,12.21,0.0111,0.3821,0.8744,1.85,False,False,False,True,False,False,True
0,0_first5minvedio,test50,17719,3,8,15.72,0.0112,0.3615,0.855,1.65,False,False,False,True,False,False,True
0,0_first5minvedio,test50,17792,3,8,11.66,0.0089,0.5377,0.8597,1.34,False,False,False,True,False,False,True
0,0_first5minvedio,test50,17866,3,8,10.89,0.0042,0.5438,0.8634,1.56,False,False,False,True,False,False,True
0,0_first5minvedio,test50,17939,3,8,10.92,0.008,0.5767,0.9046,1.58,False,False,False,True,False,False,True
0,0_first5minvedio,test50,18013,3,8,12.58,0.009,0.5355,0.8617,1.48,False,False,False,True,False,False,True
0,0_first5minvedio,val20,10694,3,8,11.17,0.0102,0.7211,0.8528,1.19,False,False,False,False,False,False,False
0,0_first5minvedio,val20,10883,3,8,8.19,0.0047,0.5559,0.8949,1.91,False,False,False,True,False,False,True
0,0_first5minvedio,val20,11072,3,8,17.31,0.0137,0.7475,0.8868,1.08,False,False,False,False,False,False,False
0,0_first5minvedio,val20,11262,3,8,11.04,0.0198,0.7932,0.9058,2.75,False,False,False,False,False,False,False
0,0_first5minvedio,val20,11451,3,8,10.92,0.0092,0.6837,0.9008,1.29,False,False,False,False,False,False,False
0,0_first5minvedio,val20,11641,3,8,7.73,0.0097,0.6045,0.8466,2.13,False,False,False,False,False,False,False
0,0_first5minvedio,val20,11830,3,8,6.54,0.0068,0.2714,0.8418,2.88,False,False,False,True,False,False,True
0,0_first5minvedio,val20,12019,3,8,7.16,0.0095,0.6602,0.8916,1.63,False,False,False,False,False,False,False
0,0_first5minvedio,val20,12209,3,8,12.87,0.0041,0.6124,0.8623,1.19,False,False,False,False,False,False,False
0,0_first5minvedio,val20,12398,3,8,12.72,0.0106,0.5933,0.8708,2.14,False,False,False,True,False,False,True
0,0_first5minvedio,val20,12588,3,8,7.86,0.0096,0.5944,0.859,1.86,False,False,False,True,False,False,True
0,0_first5minvedio,val20,12777,3,8,12.54,0.0175,0.554,0.857,2.42,False,False,False,True,False,False,True
0,0_first5minvedio,val20,12967,3,8,10.64,0.02,0.5604,0.8436,3.11,False,False,False,True,False,False,True
0,0_first5minvedio,val20,13156,3,8,9.64,0.0204,0.5715,0.8774,2.33,False,False,False,True,False,False,True
0,0_first5minvedio,val20,13345,3,8,6.41,0.0083,0.6281,0.9045,1.78,False,False,False,False,False,False,False
0,0_first5minvedio,val20,13535,3,8,7.71,0.0132,0.7305,0.8571,2.06,False,False,False,False,False,False,False
0,0_first5minvedio,val20,13724,3,8,4.43,0.0221,0.7244,0.9008,2.18,False,False,False,False,False,False,False
0,0_first5minvedio,val20,13914,3,8,10.6,0.0071,0.6303,0.8879,2.26,False,False,False,False,False,False,False
0,0_first5minvedio,val20,14103,3,8,9.27,0.0047,0.6866,0.8876,1.09,False,False,False,False,False,False,False
0,0_first5minvedio,val20,14293,3,8,6.63,0.0111,0.6736,0.8872,1.38,False,False,False,False,False,False,False
1,1_20251031_Pluto_spont_1,test50,64573,1,8,17.67,0.0478,0.2307,0.561,17.86,False,False,True,True,False,True,True
1,1_20251031_Pluto_spont_1,test50,64719,1,8,13.39,0.7831,0.2896,0.6269,24.09,False,False,True,True,True,True,True
1,1_20251031_Pluto_spont_1,test50,64865,1,8,10.05,0.008,0.3092,0.5739,5.52,False,False,False,True,False,True,True
1,1_20251031_Pluto_spont_1,test50,65012,1,8,12.87,0.0162,0.3121,0.5811,9.11,False,False,False,True,False,True,True
1,1_20251031_Pluto_spont_1,test50,65158,1,8,8.64,0.0149,0.6216,0.7293,2.3,False,False,False,False,False,True,False
1,1_20251031_Pluto_spont_1,test50,65305,1,8,12.71,0.0133,0.3459,0.655,4.78,False,False,False,True,False,True,True
1,1_20251031_Pluto_spont_1,test50,65451,1,8,10.34,0.013,0.326,0.6347,5.64,False,False,False,True,False,True,True
1,1_20251031_Pluto_spont_1,test50,65597,1,8,9.12,0.0144,0.3481,0.635,4.02,False,False,False,True,False,True,True
1,1_20251031_Pluto_spont_1,test50,65744,1,8,25.55,0.0111,0.3853,0.6698,5.7,False,True,False,True,False,True,True
1,1_20251031_Pluto_spont_1,test50,65890,1,8,9.36,0.0124,0.4444,0.6841,4.91,False,False,False,True,False,True,True
1,1_20251031_Pluto_spont_1,test50,66037,1,8,10.38,0.0211,0.2444,0.6122,2.1,False,False,False,True,False,True,True
1,1_20251031_Pluto_spont_1,test50,66183,1,8,10.07,0.013,0.5031,0.6753,3.61,False,False,False,True,False,True,True
1,1_20251031_Pluto_spont_1,test50,66329,1,8,9.93,0.0265,0.273,0.6284,2.32,False,False,False,True,False,True,True
1,1_20251031_Pluto_spont_1,test50,66476,1,8,11.39,0.0145,0.5778,0.6988,2.41,False,False,False,True,False,True,True
1,1_20251031_Pluto_spont_1,test50,66622,1,8,12.12,0.0277,0.3294,0.5915,8.4,False,False,False,True,False,True,True
1,1_20251031_Pluto_spont_1,test50,66769,1,8,148.24,0.9464,0.2145,0.623,45.75,True,True,True,True,True,True,True
1,1_20251031_Pluto_spont_1,test50,66915,1,8,27.53,0.1651,0.2561,0.5708,15.02,False,True,True,True,False,True,True
1,1_20251031_Pluto_spont_1,test50,67061,1,8,13.34,0.0092,0.4072,0.6332,2.67,False,False,False,True,False,True,True
1,1_20251031_Pluto_spont_1,test50,67208,1,8,10.36,0.0073,0.3987,0.7018,2.1,False,False,False,True,False,True,True
1,1_20251031_Pluto_spont_1,test50,67354,1,8,9.06,0.0161,0.3267,0.6404,3.46,False,False,False,True,False,True,True
1,1_20251031_Pluto_spont_1,test50,67501,1,8,12.75,0.0125,0.376,0.6472,2.9,False,False,False,True,False,True,True
1,1_20251031_Pluto_spont_1,test50,67647,1,8,13.65,0.0121,0.2858,0.6991,4.18,False,False,False,True,False,True,True
1,1_20251031_Pluto_spont_1,test50,67793,1,8,12.74,0.0657,0.4021,0.6944,3.79,False,False,True,True,False,True,True
1,1_20251031_Pluto_spont_1,test50,67940,1,8,6.48,0.004,0.5295,0.7173,1.67,False,False,False,True,False,True,True
1,1_20251031_Pluto_spont_1,test50,68086,1,8,9.32,0.0162,0.3653,0.6881,2.5,False,False,False,True,False,True,True
1,1_20251031_Pluto_spont_1,test50,68233,1,8,139.12,0.93,0.2193,0.5139,53.35,True,True,True,True,True,True,True
1,1_20251031_Pluto_spont_1,test50,68379,1,8,14.7,0.0157,0.472,0.7034,3.53,False,False,False,True,False,True,True
1,1_20251031_Pluto_spont_1,test50,68526,1,8,11.14,0.0082,0.4439,0.6978,3.38,False,False,False,True,False,True,True
1,1_20251031_Pluto_spont_1,test50,68672,1,8,15.92,0.0109,0.2782,0.6444,2.79,False,False,False,True,False,True,True
1,1_20251031_Pluto_spont_1,test50,68818,1,8,8.63,0.0116,0.331,0.7062,3.92,False,False,False,True,False,True,True
1,1_20251031_Pluto_spont_1,test50,68965,1,8,10.47,0.0117,0.3451,0.6848,4.25,False,False,False,True,False,True,True
1,1_20251031_Pluto_spont_1,test50,69111,1,8,21.14,0.0114,0.396,0.6457,3.98,False,True,False,True,False,True,True
1,1_20251031_Pluto_spont_1,test50,69258,1,8,16.39,0.0184,0.488,0.6972,2.75,False,False,False,True,False,True,True
1,1_20251031_Pluto_spont_1,test50,69404,1,8,7.77,0.0071,0.3958,0.6954,1.93,False,False,False,True,False,True,True
1,1_20251031_Pluto_spont_1,test50,69550,1,8,19.79,0.0069,0.4734,0.6867,1.94,False,False,False,True,False,True,True
1,1_20251031_Pluto_spont_1,test50,69697,1,8,6.92,0.0078,0.4827,0.7136,2.42,False,False,False,True,False,True,True
1,1_20251031_Pluto_spont_1,test50,69843,1,8,9.95,0.0117,0.5493,0.7243,2.31,False,False,False,True,False,True,True
1,1_20251031_Pluto_spont_1,test50,69990,1,8,8.87,0.0151,0.5212,0.7223,2.31,False,False,False,True,False,True,True
1,1_20251031_Pluto_spont_1,test50,70136,1,8,8.27,0.0087,0.4602,0.7059,1.89,False,False,False,True,False,True,True
1,1_20251031_Pluto_spont_1,test50,70282,1,8,6.26,0.0112,0.5412,0.7279,1.52,False,False,False,True,False,True,True
1,1_20251031_Pluto_spont_1,test50,70429,1,8,14.62,0.007,0.498,0.6958,2.29,False,False,False,True,False,True,True
1,1_20251031_Pluto_spont_1,test50,70575,1,8,25.94,0.1205,0.2071,0.5581,16.09,False,True,True,True,False,True,True
1,1_20251031_Pluto_spont_1,test50,70722,1,8,7.33,0.0274,0.5168,0.6616,1.78,False,False,False,True,False,True,True
1,1_20251031_Pluto_spont_1,test50,70868,1,8,7.21,0.0316,0.481,0.6889,2.22,False,False,True,True,False,True,True
1,1_20251031_Pluto_spont_1,test50,71014,1,8,7.4,0.0306,0.4372,0.6711,2.39,False,False,True,True,False,True,True
1,1_20251031_Pluto_spont_1,test50,71161,1,8,9.61,0.0075,0.5418,0.709,2.47,False,False,False,True,False,True,True
1,1_20251031_Pluto_spont_1,test50,71307,1,8,9.42,0.0175,0.3588,0.663,2.7,False,False,False,True,False,True,True
1,1_20251031_Pluto_spont_1,test50,71454,1,8,8.33,0.0155,0.3864,0.6671,2.45,False,False,False,True,False,True,True
1,1_20251031_Pluto_spont_1,test50,71600,1,8,9.48,0.0106,0.5568,0.7263,1.97,False,False,False,True,False,True,True
1,1_20251031_Pluto_spont_1,test50,71747,1,8,14.68,0.0139,0.4242,0.6482,2.28,False,False,False,True,False,True,True
1,1_20251031_Pluto_spont_1,val20,57278,1,8,10.14,0.0199,0.4423,0.7097,3.59,False,False,False,True,False,True,True
1,1_20251031_Pluto_spont_1,val20,57655,1,8,25.49,0.0405,0.2609,0.5944,5.93,False,True,True,True,False,True,True
1,1_20251031_Pluto_spont_1,val20,58033,1,8,84.49,0.6971,0.3171,0.5074,21.32,True,True,True,True,True,True,True
1,1_20251031_Pluto_spont_1,val20,58410,1,8,16.43,0.009,0.4075,0.6436,2.81,False,False,False,True,False,True,True
1,1_20251031_Pluto_spont_1,val20,58788,1,8,19.9,0.0157,0.1149,0.5784,4.46,False,False,False,True,False,True,True
1,1_20251031_Pluto_spont_1,val20,59165,1,8,23.29,0.1178,0.2395,0.6211,8.79,False,True,True,True,False,True,True
1,1_20251031_Pluto_spont_1,val20,59543,1,8,10.72,0.023,0.3318,0.6266,2.86,False,False,False,True,False,True,True
1,1_20251031_Pluto_spont_1,val20,59921,1,8,12.48,0.99,0.1239,0.569,25.38,False,False,True,True,True,True,True
1,1_20251031_Pluto_spont_1,val20,60298,1,8,16.08,0.0222,0.1983,0.5944,3.77,False,False,False,True,False,True,True
1,1_20251031_Pluto_spont_1,val20,60676,1,8,18.6,0.0213,0.2065,0.6125,4.36,False,False,False,True,False,True,True
1,1_20251031_Pluto_spont_1,val20,61053,1,8,18.7,0.0132,0.2714,0.6474,3.48,False,False,False,True,False,True,True
1,1_20251031_Pluto_spont_1,val20,61431,1,8,83.31,0.6087,0.2313,0.4775,40.83,True,True,True,True,True,True,True
1,1_20251031_Pluto_spont_1,val20,61808,1,8,19.5,0.0204,0.4087,0.5944,3.07,False,False,False,True,False,True,True
1,1_20251031_Pluto_spont_1,val20,62186,1,8,353.86,1.7581,0.1605,0.3293,128.1,True,True,True,True,True,True,True
1,1_20251031_Pluto_spont_1,val20,62564,1,8,13.79,0.0853,0.3172,0.6801,4.28,False,False,True,True,False,True,True
1,1_20251031_Pluto_spont_1,val20,62941,1,8,111.42,0.0158,0.3585,0.7006,29.31,True,True,False,True,True,True,True
1,1_20251031_Pluto_spont_1,val20,63319,1,8,116.63,1.6221,0.3771,0.6275,34.76,True,True,True,True,True,True,True
1,1_20251031_Pluto_spont_1,val20,63696,1,8,113.95,0.6912,0.4109,0.681,21.85,True,True,True,True,True,True,True
1,1_20251031_Pluto_spont_1,val20,64074,1,8,12.38,0.0171,0.5038,0.6522,3.01,False,False,False,True,False,True,True
1,1_20251031_Pluto_spont_1,val20,64452,1,8,13.78,0.6903,0.3743,0.6828,19.79,False,False,True,True,False,True,True
2,2_20251031_Pluto_spont_3,test50,64573,1,8,5.67,0.007,0.2871,0.7485,4.42,False,False,False,True,False,False,True
2,2_20251031_Pluto_spont_3,test50,64719,1,8,14.61,0.0203,0.2039,0.5961,7.16,False,False,False,True,False,True,True
2,2_20251031_Pluto_spont_3,test50,64865,1,8,5.67,0.0072,0.2857,0.7758,5.04,False,False,False,True,False,False,True
2,2_20251031_Pluto_spont_3,test50,65012,1,8,5.99,0.0057,0.5105,0.851,1.02,False,False,False,True,False,False,True
2,2_20251031_Pluto_spont_3,test50,65158,1,8,3.09,0.0176,0.7565,0.8934,8.52,False,False,False,False,False,False,False
2,2_20251031_Pluto_spont_3,test50,65305,1,8,7.78,0.0086,0.5301,0.8123,7.26,False,False,False,True,False,False,True
2,2_20251031_Pluto_spont_3,test50,65451,1,8,3.72,0.0082,0.6311,0.8539,1.58,False,False,False,False,False,False,False
2,2_20251031_Pluto_spont_3,test50,65597,1,8,3.36,0.0043,0.698,0.8672,1.56,False,False,False,False,False,False,False
2,2_20251031_Pluto_spont_3,test50,65744,1,8,4.98,0.003,0.7057,0.8682,1.05,False,False,False,False,False,False,False
2,2_20251031_Pluto_spont_3,test50,65890,1,8,6.9,0.0118,0.6306,0.856,9.11,False,False,False,False,False,False,False
2,2_20251031_Pluto_spont_3,test50,66037,1,8,3.43,0.006,0.6461,0.8878,1.78,False,False,False,False,False,False,False
2,2_20251031_Pluto_spont_3,test50,66183,1,8,6.93,0.0079,0.6452,0.8918,18.36,False,False,False,False,False,False,False
2,2_20251031_Pluto_spont_3,test50,66329,1,8,4.82,0.0168,0.6777,0.8707,3.32,False,False,False,False,False,False,False
2,2_20251031_Pluto_spont_3,test50,66476,1,8,9.6,0.0104,0.6377,0.8336,4.31,False,False,False,False,False,False,False
2,2_20251031_Pluto_spont_3,test50,66622,1,8,13.16,0.0153,0.6084,0.7859,3.33,False,False,False,False,False,False,False
2,2_20251031_Pluto_spont_3,test50,66769,1,8,14.95,0.0104,0.5573,0.8801,1.95,False,False,False,True,False,False,True
2,2_20251031_Pluto_spont_3,test50,66915,1,8,10.89,0.0051,0.7122,0.8625,2.16,False,False,False,False,False,False,False
2,2_20251031_Pluto_spont_3,test50,67061,1,8,10.33,0.0098,0.7739,0.8854,1.83,False,False,False,False,False,False,False
2,2_20251031_Pluto_spont_3,test50,67208,1,8,5.1,0.0085,0.7217,0.8978,1.73,False,False,False,False,False,False,False
2,2_20251031_Pluto_spont_3,test50,67354,1,8,7.35,0.0103,0.8043,0.8834,3.09,False,False,False,False,False,False,False
2,2_20251031_Pluto_spont_3,test50,67501,1,8,11.87,0.0158,0.5614,0.7924,4.04,False,False,False,True,False,False,True
2,2_20251031_Pluto_spont_3,test50,67647,1,8,6.91,0.0315,0.3163,0.717,7.58,False,False,True,True,False,False,True
2,2_20251031_Pluto_spont_3,test50,67793,1,8,146.09,0.1737,0.1943,0.5593,34.65,True,True,True,True,True,True,True
2,2_20251031_Pluto_spont_3,test50,67940,1,8,24.82,0.0162,0.3241,0.7761,30.86,False,True,False,True,True,False,True
2,2_20251031_Pluto_spont_3,test50,68086,1,8,68.85,0.3987,0.2343,0.6557,31.46,True,True,True,True,True,True,True
2,2_20251031_Pluto_spont_3,test50,68233,1,8,18.3,0.123,0.2728,0.715,9.11,False,False,True,True,False,False,True
2,2_20251031_Pluto_spont_3,test50,68379,1,8,91.79,0.3465,0.3202,0.7341,23.68,True,True,True,True,True,False,True
2,2_20251031_Pluto_spont_3,test50,68526,1,8,40.23,0.2139,0.3323,0.658,17.29,False,True,True,True,False,True,True
2,2_20251031_Pluto_spont_3,test50,68672,1,8,74.35,0.0061,0.4566,0.7701,22.4,True,True,False,True,True,False,True
2,2_20251031_Pluto_spont_3,test50,68818,1,8,6.98,0.0072,0.5399,0.8133,7.36,False,False,False,True,False,False,True
2,2_20251031_Pluto_spont_3,test50,68965,1,8,16.42,0.0038,0.5017,0.7857,4.13,False,False,False,True,False,False,True
2,2_20251031_Pluto_spont_3,test50,69111,1,8,10.07,0.0248,0.6308,0.8404,4.52,False,False,False,False,False,False,False
2,2_20251031_Pluto_spont_3,test50,69258,1,8,19.39,0.0195,0.4758,0.7267,4.09,False,False,False,True,False,False,True
2,2_20251031_Pluto_spont_3,test50,69404,1,5,15.89,0.0366,0.3664,0.6364,12.21,False,False,True,True,False,True,True
2,2_20251031_Pluto_spont_3,test50,69550,1,8,22.87,0.1178,0.4187,0.668,11.49,False,True,True,True,False,True,True
2,2_20251031_Pluto_spont_3,test50,69697,1,8,12.98,0.0083,0.4908,0.7358,4.81,False,False,False,True,False,False,True
2,2_20251031_Pluto_spont_3,test50,69843,1,8,7.52,0.0167,0.5385,0.7561,5.05,False,False,False,True,False,False,True
2,2_20251031_Pluto_spont_3,test50,69990,1,8,23.09,0.1615,0.5639,0.8315,8.92,False,True,True,True,False,False,True
2,2_20251031_Pluto_spont_3,test50,70136,1,8,24.82,0.1563,0.4907,0.8082,7.04,False,True,True,True,False,False,True
2,2_20251031_Pluto_spont_3,test50,70282,1,8,7.68,0.0113,0.5362,0.8448,2.14,False,False,False,True,False,False,True
2,2_20251031_Pluto_spont_3,test50,70429,1,8,13.97,0.0178,0.5629,0.8463,2.62,False,False,False,True,False,False,True
2,2_20251031_Pluto_spont_3,test50,70575,1,8,12.05,0.0251,0.5168,0.7742,4.83,False,False,False,True,False,False,True
2,2_20251031_Pluto_spont_3,test50,70722,1,8,5.76,0.007,0.5273,0.8313,2.29,False,False,False,True,False,False,True
2,2_20251031_Pluto_spont_3,test50,70868,1,8,4.44,0.0121,0.6351,0.8088,6.42,False,False,False,False,False,False,False
2,2_20251031_Pluto_spont_3,test50,71014,1,8,2.23,0.0048,0.645,0.8717,2.55,False,False,False,False,False,False,False
2,2_20251031_Pluto_spont_3,test50,71161,1,8,2.91,0.0123,0.2927,0.7684,3.07,False,False,False,True,False,False,True
2,2_20251031_Pluto_spont_3,test50,71307,1,8,2.62,0.0065,0.6847,0.8778,2.56,False,False,False,False,False,False,False
2,2_20251031_Pluto_spont_3,test50,71454,1,8,4.53,0.0052,0.6387,0.8275,2.27,False,False,False,False,False,False,False
2,2_20251031_Pluto_spont_3,test50,71600,1,8,4.02,0.0106,0.7467,0.8855,3.19,False,False,False,False,False,False,False
2,2_20251031_Pluto_spont_3,test50,71747,1,8,2.39,0.0149,0.5544,0.8353,3.92,False,False,False,True,False,False,True
2,2_20251031_Pluto_spont_3,val20,57278,1,8,2.86,0.0067,0.7075,0.8836,4.0,False,False,False,False,False,False,False
2,2_20251031_Pluto_spont_3,val20,57655,1,8,3.15,0.0053,0.5481,0.836,2.28,False,False,False,True,False,False,True
2,2_20251031_Pluto_spont_3,val20,58033,1,8,3.03,0.0105,0.6548,0.9144,11.68,False,False,False,False,False,False,False
2,2_20251031_Pluto_spont_3,val20,58410,1,8,11.89,0.0144,0.3726,0.6989,10.24,False,False,False,True,False,False,True
2,2_20251031_Pluto_spont_3,val20,58788,1,8,7.79,0.0072,0.5292,0.7937,3.38,False,False,False,True,False,False,True
2,2_20251031_Pluto_spont_3,val20,59165,1,8,7.17,1.1191,0.2464,0.7885,27.49,False,False,True,True,True,False,True
2,2_20251031_Pluto_spont_3,val20,59543,1,8,5.95,0.0171,0.5017,0.8359,2.82,False,False,False,True,False,False,True
2,2_20251031_Pluto_spont_3,val20,59921,1,8,4.03,0.0091,0.4334,0.7616,4.28,False,False,False,True,False,False,True
2,2_20251031_Pluto_spont_3,val20,60298,1,8,6.5,0.0161,0.5566,0.8047,1.77,False,False,False,True,False,False,True
2,2_20251031_Pluto_spont_3,val20,60676,1,8,4.24,0.0084,0.8272,0.9323,1.69,False,False,False,False,False,False,False
2,2_20251031_Pluto_spont_3,val20,61053,1,8,6.22,0.0102,0.7107,0.8664,2.59,False,False,False,False,False,False,False
2,2_20251031_Pluto_spont_3,val20,61431,1,8,13.42,0.0133,0.5634,0.8315,4.34,False,False,False,True,False,False,True
2,2_20251031_Pluto_spont_3,val20,61808,1,8,5.58,0.0098,0.632,0.874,2.27,False,False,False,False,False,False,False
2,2_20251031_Pluto_spont_3,val20,62186,1,8,3.9,0.0125,0.6185,0.8482,3.14,False,False,False,False,False,False,False
2,2_20251031_Pluto_spont_3,val20,62564,1,8,2.91,0.006,0.6234,0.8823,1.74,False,False,False,False,False,False,False
2,2_20251031_Pluto_spont_3,val20,62941,1,8,2.27,0.006,0.7391,0.906,1.47,False,False,False,False,False,False,False
2,2_20251031_Pluto_spont_3,val20,63319,1,8,4.24,0.0219,0.6014,0.8392,4.81,False,False,False,False,False,False,False
2,2_20251031_Pluto_spont_3,val20,63696,1,8,3.75,0.0115,0.6399,0.8377,2.62,False,False,False,False,False,False,False
2,2_20251031_Pluto_spont_3,val20,64074,1,8,3.37,0.0101,0.6187,0.91,2.33,False,False,False,False,False,False,False
2,2_20251031_Pluto_spont_3,val20,64452,1,8,3.13,0.0076,0.6872,0.8889,2.28,False,False,False,False,False,False,False
3,3_20251031_Pluto_spont_2,test50,64573,1,8,1.42,0.0105,0.6397,0.8636,2.06,False,False,False,False,False,False,False
3,3_20251031_Pluto_spont_2,test50,64719,1,8,23.65,0.0081,0.6976,0.8876,1.33,False,True,False,False,False,False,False
3,3_20251031_Pluto_spont_2,test50,64865,1,8,4.47,0.0146,0.4601,0.8693,3.33,False,False,False,True,False,False,True
3,3_20251031_Pluto_spont_2,test50,65012,1,7,3.55,0.0105,0.7854,0.8871,2.75,False,False,False,False,False,False,False
3,3_20251031_Pluto_spont_2,test50,65158,1,8,3.33,0.0089,0.3816,0.8148,2.55,False,False,False,True,False,False,True
3,3_20251031_Pluto_spont_2,test50,65305,1,8,3.39,0.0142,0.6948,0.8655,2.41,False,False,False,False,False,False,False
3,3_20251031_Pluto_spont_2,test50,65451,1,8,2.31,0.0074,0.4609,0.8594,1.53,False,False,False,True,False,False,True
3,3_20251031_Pluto_spont_2,test50,65597,1,8,3.11,0.0092,0.5933,0.8449,1.21,False,False,False,True,False,False,True
3,3_20251031_Pluto_spont_2,test50,65744,1,8,3.41,0.0079,0.6198,0.8715,2.6,False,False,False,False,False,False,False
3,3_20251031_Pluto_spont_2,test50,65890,1,8,3.42,0.0121,0.6926,0.803,4.3,False,False,False,False,False,False,False
3,3_20251031_Pluto_spont_2,test50,66037,1,8,2.91,0.0102,0.6197,0.8611,1.45,False,False,False,False,False,False,False
3,3_20251031_Pluto_spont_2,test50,66183,1,8,2.96,0.0082,0.7461,0.9023,1.49,False,False,False,False,False,False,False
3,3_20251031_Pluto_spont_2,test50,66329,1,8,2.86,0.0174,0.6961,0.903,3.69,False,False,False,False,False,False,False
3,3_20251031_Pluto_spont_2,test50,66476,1,8,2.6,0.0086,0.8366,0.9282,1.79,False,False,False,False,False,False,False
3,3_20251031_Pluto_spont_2,test50,66622,1,8,4.43,0.008,0.6877,0.9063,2.25,False,False,False,False,False,False,False
3,3_20251031_Pluto_spont_2,test50,66769,1,8,3.02,0.0095,0.7269,0.9147,2.25,False,False,False,False,False,False,False
3,3_20251031_Pluto_spont_2,test50,66915,1,8,2.12,0.0072,0.7283,0.9005,1.05,False,False,False,False,False,False,False
3,3_20251031_Pluto_spont_2,test50,67061,1,8,10.12,0.01,0.3381,0.9008,2.57,False,False,False,True,False,False,True
3,3_20251031_Pluto_spont_2,test50,67208,1,7,2.34,0.0085,0.5654,0.8929,1.03,False,False,False,True,False,False,True
3,3_20251031_Pluto_spont_2,test50,67354,1,8,22.98,0.0066,0.5415,0.8807,1.98,False,True,False,True,False,False,True
3,3_20251031_Pluto_spont_2,test50,67501,1,8,24.85,0.0061,0.5423,0.8679,4.8,False,True,False,True,False,False,True
3,3_20251031_Pluto_spont_2,test50,67647,1,8,23.59,0.0061,0.4279,0.863,2.48,False,True,False,True,False,False,True
3,3_20251031_Pluto_spont_2,test50,67793,1,8,2.14,0.0086,0.6728,0.869,1.76,False,False,False,False,False,False,False
3,3_20251031_Pluto_spont_2,test50,67940,1,8,3.49,0.0062,0.7085,0.8977,1.03,False,False,False,False,False,False,False
3,3_20251031_Pluto_spont_2,test50,68086,1,8,2.77,0.0082,0.7244,0.8905,2.03,False,False,False,False,False,False,False
3,3_20251031_Pluto_spont_2,test50,68233,1,8,2.58,0.0057,0.6513,0.8254,1.27,False,False,False,False,False,False,False
3,3_20251031_Pluto_spont_2,test50,68379,1,8,5.2,0.0145,0.691,0.8886,2.84,False,False,False,False,False,False,False
3,3_20251031_Pluto_spont_2,test50,68526,1,8,3.15,0.0056,0.7221,0.8962,1.33,False,False,False,False,False,False,False
3,3_20251031_Pluto_spont_2,test50,68672,1,8,2.33,0.0089,0.7926,0.9151,2.17,False,False,False,False,False,False,False
3,3_20251031_Pluto_spont_2,test50,68818,1,8,2.82,0.0098,0.5769,0.8848,1.94,False,False,False,True,False,False,True
3,3_20251031_Pluto_spont_2,test50,68965,1,8,1.43,0.0111,0.7573,0.9226,1.88,False,False,False,False,False,False,False
3,3_20251031_Pluto_spont_2,test50,69111,1,8,4.43,0.0128,0.4825,0.7716,5.05,False,False,False,True,False,False,True
3,3_20251031_Pluto_spont_2,test50,69258,1,8,2.43,0.008,0.8129,0.9298,2.11,False,False,False,False,False,False,False
3,3_20251031_Pluto_spont_2,test50,69404,1,8,1.88,0.0175,0.7465,0.9,2.89,False,False,False,False,False,False,False
3,3_20251031_Pluto_spont_2,test50,69550,1,8,2.36,0.0132,0.6931,0.9113,1.91,False,False,False,False,False,False,False
3,3_20251031_Pluto_spont_2,test50,69697,1,8,4.39,0.0198,0.5969,0.8777,1.77,False,False,False,True,False,False,True
3,3_20251031_Pluto_spont_2,test50,69843,1,8,4.1,0.0305,0.7801,0.8732,2.49,False,False,True,False,False,False,True
3,3_20251031_Pluto_spont_2,test50,69990,1,8,6.14,0.0078,0.7867,0.8939,1.86,False,False,False,False,False,False,False
3,3_20251031_Pluto_spont_2,test50,70136,1,8,4.01,0.0103,0.6606,0.8727,1.64,False,False,False,False,False,False,False
3,3_20251031_Pluto_spont_2,test50,70282,1,8,7.83,0.0079,0.7056,0.9189,2.39,False,False,False,False,False,False,False
3,3_20251031_Pluto_spont_2,test50,70429,1,8,12.42,0.0105,0.7267,0.9077,2.98,False,False,False,False,False,False,False
3,3_20251031_Pluto_spont_2,test50,70575,1,8,8.98,0.1712,0.4422,0.8743,9.54,False,False,True,True,False,False,True
3,3_20251031_Pluto_spont_2,test50,70722,1,8,3.56,0.0143,0.5152,0.8212,2.92,False,False,False,True,False,False,True
3,3_20251031_Pluto_spont_2,test50,70868,1,8,23.8,0.0141,0.4002,0.8522,7.12,False,True,False,True,False,False,True
3,3_20251031_Pluto_spont_2,test50,71014,1,8,21.13,0.0154,0.4442,0.8515,2.67,False,True,False,True,False,False,True
3,3_20251031_Pluto_spont_2,test50,71161,1,8,3.31,0.0074,0.5965,0.8687,2.93,False,False,False,True,False,False,True
3,3_20251031_Pluto_spont_2,test50,71307,1,8,4.39,0.0217,0.3917,0.8686,2.21,False,False,False,True,False,False,True
3,3_20251031_Pluto_spont_2,test50,71454,1,8,3.13,0.0058,0.7093,0.9095,3.21,False,False,False,False,False,False,False
3,3_20251031_Pluto_spont_2,test50,71600,1,8,4.0,0.0074,0.7869,0.9185,2.63,False,False,False,False,False,False,False
3,3_20251031_Pluto_spont_2,test50,71747,1,8,2.83,0.005,0.8415,0.9173,2.09,False,False,False,False,False,False,False
3,3_20251031_Pluto_spont_2,val20,57278,1,8,3.05,0.0076,0.7801,0.8574,2.24,False,False,False,False,False,False,False
3,3_20251031_Pluto_spont_2,val20,57655,1,8,1.94,0.0191,0.7012,0.8853,5.66,False,False,False,False,False,False,False
3,3_20251031_Pluto_spont_2,val20,58033,1,8,3.28,0.0115,0.6309,0.8453,4.12,False,False,False,False,False,False,False
3,3_20251031_Pluto_spont_2,val20,58410,1,8,1.85,0.0055,0.7516,0.9349,1.49,False,False,False,False,False,False,False
3,3_20251031_Pluto_spont_2,val20,58788,1,8,4.63,0.0165,0.6337,0.8858,2.42,False,False,False,False,False,False,False
3,3_20251031_Pluto_spont_2,val20,59165,1,8,5.94,0.015,0.8571,0.9103,3.98,False,False,False,False,False,False,False
3,3_20251031_Pluto_spont_2,val20,59543,1,8,22.83,0.0089,0.5803,0.8772,2.67,False,True,False,True,False,False,True
3,3_20251031_Pluto_spont_2,val20,59921,1,8,5.84,0.0104,0.7864,0.8648,4.94,False,False,False,False,False,False,False
3,3_20251031_Pluto_spont_2,val20,60298,1,8,1.81,0.0095,0.8394,0.9527,1.24,False,False,False,False,False,False,False
3,3_20251031_Pluto_spont_2,val20,60676,1,8,2.91,0.1371,0.8379,0.8926,5.51,False,False,True,False,False,False,True
3,3_20251031_Pluto_spont_2,val20,61053,1,8,2.13,0.009,0.8307,0.9168,2.42,False,False,False,False,False,False,False
3,3_20251031_Pluto_spont_2,val20,61431,1,8,2.38,0.0101,0.6876,0.903,1.37,False,False,False,False,False,False,False
3,3_20251031_Pluto_spont_2,val20,61808,1,8,1.8,0.0058,0.8276,0.9168,1.39,False,False,False,False,False,False,False
3,3_20251031_Pluto_spont_2,val20,62186,1,8,2.44,0.0187,0.8533,0.921,2.29,False,False,False,False,False,False,False
3,3_20251031_Pluto_spont_2,val20,62564,1,8,1.71,0.0092,0.7864,0.8712,1.83,False,False,False,False,False,False,False
3,3_20251031_Pluto_spont_2,val20,62941,1,8,3.45,0.0127,0.5116,0.8561,3.6,False,False,False,True,False,False,True
3,3_20251031_Pluto_spont_2,val20,63319,1,8,5.06,0.0189,0.6993,0.8748,2.02,False,False,False,False,False,False,False
3,3_20251031_Pluto_spont_2,val20,63696,1,8,3.76,0.0091,0.6393,0.8331,2.63,False,False,False,False,False,False,False
3,3_20251031_Pluto_spont_2,val20,64074,1,8,1.89,0.0068,0.2465,0.8528,14.6,False,False,False,True,False,False,True
3,3_20251031_Pluto_spont_2,val20,64452,1,8,2.58,0.0193,0.5908,0.8705,2.61,False,False,False,True,False,False,True
4,4_20251030_Pluto_spont_1,test50,64573,2,8,8.25,0.0095,0.66,0.8759,2.02,False,False,False,False,False,False,False
4,4_20251030_Pluto_spont_1,test50,64719,2,8,8.17,0.0079,0.6952,0.9171,3.33,False,False,False,False,False,False,False
4,4_20251030_Pluto_spont_1,test50,64865,2,8,17.81,0.0068,0.6979,0.881,1.03,False,False,False,False,False,False,False
4,4_20251030_Pluto_spont_1,test50,65012,2,8,18.09,0.0085,0.7091,0.8594,1.64,False,False,False,False,False,False,False
4,4_20251030_Pluto_spont_1,test50,65158,2,8,26.13,0.0122,0.5188,0.8285,3.15,False,True,False,True,False,False,True
4,4_20251030_Pluto_spont_1,test50,65305,2,8,14.89,0.0153,0.5656,0.8352,2.23,False,False,False,True,False,False,True
4,4_20251030_Pluto_spont_1,test50,65451,2,8,15.49,0.004,0.5516,0.8543,1.6,False,False,False,True,False,False,True
4,4_20251030_Pluto_spont_1,test50,65597,2,8,19.86,0.0125,0.7385,0.8917,2.05,False,False,False,False,False,False,False
4,4_20251030_Pluto_spont_1,test50,65744,2,8,9.97,0.0071,0.5652,0.8436,1.89,False,False,False,True,False,False,True
4,4_20251030_Pluto_spont_1,test50,65890,2,8,13.91,0.1261,0.4971,0.808,8.89,False,False,True,True,False,False,True
4,4_20251030_Pluto_spont_1,test50,66037,2,8,16.84,0.0155,0.6225,0.8826,2.21,False,False,False,False,False,False,False
4,4_20251030_Pluto_spont_1,test50,66183,2,8,17.83,0.0136,0.6106,0.8485,2.18,False,False,False,False,False,False,False
4,4_20251030_Pluto_spont_1,test50,66329,2,8,9.09,0.009,0.5765,0.8731,1.91,False,False,False,True,False,False,True
4,4_20251030_Pluto_spont_1,test50,66476,2,8,5.14,0.008,0.6486,0.8761,2.25,False,False,False,False,False,False,False
4,4_20251030_Pluto_spont_1,test50,66622,2,8,5.64,0.0114,0.5351,0.8498,1.37,False,False,False,True,False,False,True
4,4_20251030_Pluto_spont_1,test50,66769,2,8,8.13,0.0093,0.6622,0.849,3.24,False,False,False,False,False,False,False
4,4_20251030_Pluto_spont_1,test50,66915,2,8,15.14,0.0056,0.5272,0.7888,2.23,False,False,False,True,False,False,True
4,4_20251030_Pluto_spont_1,test50,67061,2,8,12.99,0.0149,0.4548,0.7932,1.76,False,False,False,True,False,False,True
4,4_20251030_Pluto_spont_1,test50,67208,2,8,17.18,0.0043,0.629,0.8294,1.85,False,False,False,False,False,False,False
4,4_20251030_Pluto_spont_1,test50,67354,2,8,8.16,0.0055,0.7872,0.911,1.51,False,False,False,False,False,False,False
4,4_20251030_Pluto_spont_1,test50,67501,2,8,4.58,0.0076,0.6261,0.8268,1.69,False,False,False,False,False,False,False
4,4_20251030_Pluto_spont_1,test50,67647,2,8,4.7,0.0059,0.5543,0.8549,2.02,False,False,False,True,False,False,True
4,4_20251030_Pluto_spont_1,test50,67793,2,8,6.57,0.0054,0.6968,0.8807,1.05,False,False,False,False,False,False,False
4,4_20251030_Pluto_spont_1,test50,67940,2,8,12.66,0.0075,0.5675,0.8698,3.36,False,False,False,True,False,False,True
4,4_20251030_Pluto_spont_1,test50,68086,2,8,7.24,0.1444,0.5467,0.8499,8.05,False,False,True,True,False,False,True
4,4_20251030_Pluto_spont_1,test50,68233,2,8,7.43,0.0069,0.5097,0.8214,1.79,False,False,False,True,False,False,True
4,4_20251030_Pluto_spont_1,test50,68379,2,8,8.58,0.0066,0.5649,0.8535,1.37,False,False,False,True,False,False,True
4,4_20251030_Pluto_spont_1,test50,68526,2,8,14.87,0.0049,0.4816,0.8731,1.17,False,False,False,True,False,False,True
4,4_20251030_Pluto_spont_1,test50,68672,2,8,9.06,0.0136,0.4379,0.7121,10.41,False,False,False,True,False,False,True
4,4_20251030_Pluto_spont_1,test50,68818,2,8,22.84,0.0091,0.6448,0.8711,2.54,False,True,False,False,False,False,False
4,4_20251030_Pluto_spont_1,test50,68965,2,8,18.1,0.0134,0.6057,0.8599,1.85,False,False,False,False,False,False,False
4,4_20251030_Pluto_spont_1,test50,69111,2,8,21.56,0.0063,0.6399,0.9111,2.32,False,True,False,False,False,False,False
4,4_20251030_Pluto_spont_1,test50,69258,2,8,18.8,0.0076,0.5938,0.7926,4.35,False,False,False,True,False,False,True
4,4_20251030_Pluto_spont_1,test50,69404,2,8,6.52,0.0121,0.6448,0.8744,1.43,False,False,False,False,False,False,False
4,4_20251030_Pluto_spont_1,test50,69550,2,8,14.44,0.0107,0.5116,0.7889,2.27,False,False,False,True,False,False,True
4,4_20251030_Pluto_spont_1,test50,69697,2,8,16.07,0.0183,0.4744,0.8039,2.98,False,False,False,True,False,False,True
4,4_20251030_Pluto_spont_1,test50,69843,2,8,13.17,0.0055,0.54,0.7912,6.21,False,False,False,True,False,False,True
4,4_20251030_Pluto_spont_1,test50,69990,2,8,11.3,0.008,0.4028,0.7409,1.51,False,False,False,True,False,False,True
4,4_20251030_Pluto_spont_1,test50,70136,2,8,34.92,0.0459,0.3945,0.7299,6.42,False,True,True,True,False,False,True
4,4_20251030_Pluto_spont_1,test50,70282,2,8,13.51,0.0084,0.664,0.8655,2.36,False,False,False,False,False,False,False
4,4_20251030_Pluto_spont_1,test50,70429,2,8,117.82,0.7348,0.49,0.7148,35.48,True,True,True,True,True,False,True
4,4_20251030_Pluto_spont_1,test50,70575,2,8,26.63,0.0636,0.5325,0.7895,4.4,False,True,True,True,False,False,True
4,4_20251030_Pluto_spont_1,test50,70722,2,8,22.09,0.0084,0.5199,0.8632,2.16,False,True,False,True,False,False,True
4,4_20251030_Pluto_spont_1,test50,70868,2,8,18.11,0.0116,0.6705,0.9053,1.8,False,False,False,False,False,False,False
4,4_20251030_Pluto_spont_1,test50,71014,2,8,16.88,0.0064,0.6549,0.9059,1.59,False,False,False,False,False,False,False
4,4_20251030_Pluto_spont_1,test50,71161,2,8,18.37,0.0085,0.6719,0.9172,2.01,False,False,False,False,False,False,False
4,4_20251030_Pluto_spont_1,test50,71307,2,8,20.79,0.0059,0.5753,0.8736,1.96,False,True,False,True,False,False,True
4,4_20251030_Pluto_spont_1,test50,71454,2,8,40.53,0.1452,0.4869,0.8249,8.41,False,True,True,True,False,False,True
4,4_20251030_Pluto_spont_1,test50,71600,2,8,23.88,0.0844,0.4652,0.8278,8.28,False,True,True,True,False,False,True
4,4_20251030_Pluto_spont_1,test50,71747,2,8,19.54,0.0066,0.5394,0.8558,1.56,False,False,False,True,False,False,True
4,4_20251030_Pluto_spont_1,val20,57278,2,8,8.31,0.0054,0.5863,0.8111,2.02,False,False,False,True,False,False,True
4,4_20251030_Pluto_spont_1,val20,57655,2,8,16.17,0.01,0.5867,0.8039,6.34,False,False,False,True,False,False,True
4,4_20251030_Pluto_spont_1,val20,58033,2,8,27.45,0.0077,0.3619,0.753,2.13,False,True,False,True,False,False,True
4,4_20251030_Pluto_spont_1,val20,58410,2,8,29.7,0.1084,0.4353,0.8129,11.9,False,True,True,True,False,False,True
4,4_20251030_Pluto_spont_1,val20,58788,2,8,8.12,0.0132,0.5045,0.8162,4.37,False,False,False,True,False,False,True
4,4_20251030_Pluto_spont_1,val20,59165,2,8,3.37,0.0141,0.3838,0.8385,4.0,False,False,False,True,False,False,True
4,4_20251030_Pluto_spont_1,val20,59543,2,8,4.35,0.0094,0.4962,0.907,1.77,False,False,False,True,False,False,True
4,4_20251030_Pluto_spont_1,val20,59921,2,8,7.51,0.0111,0.5491,0.8866,2.15,False,False,False,True,False,False,True
4,4_20251030_Pluto_spont_1,val20,60298,2,8,6.99,0.0073,0.7238,0.9033,1.56,False,False,False,False,False,False,False
4,4_20251030_Pluto_spont_1,val20,60676,2,8,19.11,0.0063,0.5434,0.8445,1.84,False,False,False,True,False,False,True
4,4_20251030_Pluto_spont_1,val20,61053,2,8,19.14,0.0076,0.504,0.8186,1.54,False,False,False,True,False,False,True
4,4_20251030_Pluto_spont_1,val20,61431,2,8,9.15,0.0068,0.5174,0.7552,3.3,False,False,False,True,False,False,True
4,4_20251030_Pluto_spont_1,val20,61808,2,8,41.98,0.0046,0.7044,0.8583,4.77,False,True,False,False,False,False,False
4,4_20251030_Pluto_spont_1,val20,62186,2,8,117.05,0.6302,0.4795,0.8681,37.45,True,True,True,True,True,False,True
4,4_20251030_Pluto_spont_1,val20,62564,2,8,17.61,0.0148,0.6049,0.8604,1.76,False,False,False,False,False,False,False
4,4_20251030_Pluto_spont_1,val20,62941,2,8,4.57,0.0861,0.5787,0.778,5.53,False,False,True,True,False,False,True
4,4_20251030_Pluto_spont_1,val20,63319,2,8,9.61,0.0129,0.783,0.8742,2.08,False,False,False,False,False,False,False
4,4_20251030_Pluto_spont_1,val20,63696,2,8,7.37,0.0116,0.7123,0.8693,2.27,False,False,False,False,False,False,False
4,4_20251030_Pluto_spont_1,val20,64074,2,8,6.86,0.0077,0.5633,0.8423,1.97,False,False,False,True,False,False,True
4,4_20251030_Pluto_spont_1,val20,64452,2,8,11.23,0.0104,0.5764,0.8617,1.97,False,False,False,True,False,False,True
5,5_20251029_Pluto_spont_1,test50,64573,1,8,13.38,0.0064,0.7689,0.8701,1.56,False,False,False,False,False,False,False
5,5_20251029_Pluto_spont_1,test50,64719,1,8,16.44,0.0054,0.7498,0.8605,2.07,False,False,False,False,False,False,False
5,5_20251029_Pluto_spont_1,test50,64865,1,8,18.88,0.0075,0.7834,0.8957,1.75,False,False,False,False,False,False,False
5,5_20251029_Pluto_spont_1,test50,65012,1,8,16.62,0.0055,0.6407,0.8604,1.25,False,False,False,False,False,False,False
5,5_20251029_Pluto_spont_1,test50,65158,1,8,20.95,0.0082,0.4472,0.7755,4.47,False,True,False,True,False,False,True
5,5_20251029_Pluto_spont_1,test50,65305,1,8,18.89,0.0046,0.4099,0.7497,5.51,False,False,False,True,False,False,True
5,5_20251029_Pluto_spont_1,test50,65451,1,8,18.01,0.0779,0.6154,0.819,7.19,False,False,True,False,False,False,True
5,5_20251029_Pluto_spont_1,test50,65597,1,8,12.99,0.0753,0.6773,0.8635,3.88,False,False,True,False,False,False,True
5,5_20251029_Pluto_spont_1,test50,65744,1,8,11.95,0.0053,0.6998,0.8657,2.28,False,False,False,False,False,False,False
5,5_20251029_Pluto_spont_1,test50,65890,1,8,17.85,0.0661,0.6677,0.8748,4.77,False,False,True,False,False,False,True
5,5_20251029_Pluto_spont_1,test50,66037,1,8,13.31,0.0165,0.6131,0.8464,1.53,False,False,False,False,False,False,False
5,5_20251029_Pluto_spont_1,test50,66183,1,8,14.49,0.0183,0.4696,0.7848,3.07,False,False,False,True,False,False,True
5,5_20251029_Pluto_spont_1,test50,66329,1,7,10.52,0.0091,0.7093,0.885,2.16,False,False,False,False,False,False,False
5,5_20251029_Pluto_spont_1,test50,66476,1,8,19.28,0.0107,0.2466,0.7365,2.72,False,False,False,True,False,False,True
5,5_20251029_Pluto_spont_1,test50,66622,1,8,11.66,0.0074,0.3144,0.7387,2.32,False,False,False,True,False,False,True
5,5_20251029_Pluto_spont_1,test50,66769,1,8,11.82,0.0075,0.3933,0.7461,2.79,False,False,False,True,False,False,True
5,5_20251029_Pluto_spont_1,test50,66915,1,8,13.08,0.0095,0.5533,0.7803,1.5,False,False,False,True,False,False,True
5,5_20251029_Pluto_spont_1,test50,67061,1,8,18.07,0.0124,0.3909,0.8228,1.36,False,False,False,True,False,False,True
5,5_20251029_Pluto_spont_1,test50,67208,1,8,18.12,0.0159,0.6137,0.8431,2.11,False,False,False,False,False,False,False
5,5_20251029_Pluto_spont_1,test50,67354,1,8,19.09,0.0098,0.4687,0.8347,1.76,False,False,False,True,False,False,True
5,5_20251029_Pluto_spont_1,test50,67501,1,8,18.4,0.0053,0.6379,0.8525,1.63,False,False,False,False,False,False,False
5,5_20251029_Pluto_spont_1,test50,67647,1,8,18.68,0.0047,0.5174,0.829,1.52,False,False,False,True,False,False,True
5,5_20251029_Pluto_spont_1,test50,67793,1,8,11.09,0.0059,0.6416,0.8698,1.52,False,False,False,False,False,False,False
5,5_20251029_Pluto_spont_1,test50,67940,1,8,14.84,0.0113,0.3579,0.7382,2.55,False,False,False,True,False,False,True
5,5_20251029_Pluto_spont_1,test50,68086,1,8,9.67,0.0117,0.5492,0.8069,1.89,False,False,False,True,False,False,True
5,5_20251029_Pluto_spont_1,test50,68233,1,8,7.19,0.014,0.5279,0.8294,2.52,False,False,False,True,False,False,True
5,5_20251029_Pluto_spont_1,test50,68379,1,8,8.57,0.0134,0.5785,0.8179,2.42,False,False,False,True,False,False,True
5,5_20251029_Pluto_spont_1,test50,68526,1,8,7.67,0.0049,0.3992,0.8041,1.27,False,False,False,True,False,False,True
5,5_20251029_Pluto_spont_1,test50,68672,1,8,6.76,0.0068,0.6604,0.8462,1.34,False,False,False,False,False,False,False
5,5_20251029_Pluto_spont_1,test50,68818,1,8,10.03,0.0058,0.6037,0.8139,1.57,False,False,False,False,False,False,False
5,5_20251029_Pluto_spont_1,test50,68965,1,8,7.37,0.0053,0.63,0.8131,1.12,False,False,False,False,False,False,False
5,5_20251029_Pluto_spont_1,test50,69111,1,8,9.91,0.0091,0.567,0.8218,1.55,False,False,False,True,False,False,True
5,5_20251029_Pluto_spont_1,test50,69258,1,8,8.31,0.0086,0.6322,0.8387,1.67,False,False,False,False,False,False,False
5,5_20251029_Pluto_spont_1,test50,69404,1,8,9.61,0.0058,0.5988,0.8319,1.4,False,False,False,True,False,False,True
5,5_20251029_Pluto_spont_1,test50,69550,1,8,10.77,0.0089,0.6715,0.8379,1.68,False,False,False,False,False,False,False
5,5_20251029_Pluto_spont_1,test50,69697,1,8,13.25,0.0156,0.5516,0.8574,3.46,False,False,False,True,False,False,True
5,5_20251029_Pluto_spont_1,test50,69843,1,8,21.15,0.0078,0.5663,0.8035,2.95,False,True,False,True,False,False,True
5,5_20251029_Pluto_spont_1,test50,69990,1,8,17.41,0.0046,0.596,0.8065,1.71,False,False,False,True,False,False,True
5,5_20251029_Pluto_spont_1,test50,70136,1,8,19.53,0.0074,0.6219,0.8135,1.72,False,False,False,False,False,False,False
5,5_20251029_Pluto_spont_1,test50,70282,1,8,18.99,0.0086,0.6694,0.8483,1.41,False,False,False,False,False,False,False
5,5_20251029_Pluto_spont_1,test50,70429,1,8,23.28,0.0106,0.5049,0.7979,1.78,False,True,False,True,False,False,True
5,5_20251029_Pluto_spont_1,test50,70575,1,8,15.25,0.0053,0.632,0.8671,1.61,False,False,False,False,False,False,False
5,5_20251029_Pluto_spont_1,test50,70722,1,8,15.05,0.0104,0.6087,0.8695,1.57,False,False,False,False,False,False,False
5,5_20251029_Pluto_spont_1,test50,70868,1,8,20.19,0.0077,0.5553,0.8636,1.34,False,True,False,True,False,False,True
5,5_20251029_Pluto_spont_1,test50,71014,1,8,19.28,0.0039,0.5526,0.8545,1.16,False,False,False,True,False,False,True
5,5_20251029_Pluto_spont_1,test50,71161,1,8,18.6,0.0073,0.5731,0.8457,2.24,False,False,False,True,False,False,True
5,5_20251029_Pluto_spont_1,test50,71307,1,8,20.23,0.0046,0.5256,0.8497,1.68,False,True,False,True,False,False,True
5,5_20251029_Pluto_spont_1,test50,71454,1,8,18.88,0.0268,0.2926,0.7869,2.91,False,False,False,True,False,False,True
5,5_20251029_Pluto_spont_1,test50,71600,1,8,19.81,0.0052,0.5589,0.8494,1.66,False,False,False,True,False,False,True
5,5_20251029_Pluto_spont_1,test50,71747,1,8,20.9,0.0107,0.6911,0.8427,2.2,False,True,False,False,False,False,False
5,5_20251029_Pluto_spont_1,val20,57278,1,8,6.74,0.0051,0.7124,0.8617,1.35,False,False,False,False,False,False,False
5,5_20251029_Pluto_spont_1,val20,57655,1,8,7.5,0.0093,0.6191,0.8537,1.81,False,False,False,False,False,False,False
5,5_20251029_Pluto_spont_1,val20,58033,1,8,8.47,0.0076,0.7011,0.909,2.03,False,False,False,False,False,False,False
5,5_20251029_Pluto_spont_1,val20,58410,1,8,7.55,0.0098,0.6515,0.8482,1.84,False,False,False,False,False,False,False
5,5_20251029_Pluto_spont_1,val20,58788,1,8,6.02,0.0053,0.7093,0.8799,1.41,False,False,False,False,False,False,False
5,5_20251029_Pluto_spont_1,val20,59165,1,8,17.65,0.0185,0.4251,0.7932,2.65,False,False,False,True,False,False,True
5,5_20251029_Pluto_spont_1,val20,59543,1,8,11.67,0.0828,0.4878,0.7989,3.81,False,False,True,True,False,False,True
5,5_20251029_Pluto_spont_1,val20,59921,1,8,15.3,0.0066,0.5649,0.7894,4.19,False,False,False,True,False,False,True
5,5_20251029_Pluto_spont_1,val20,60298,1,8,9.36,0.0052,0.6931,0.8548,1.83,False,False,False,False,False,False,False
5,5_20251029_Pluto_spont_1,val20,60676,1,8,8.29,0.0202,0.4606,0.7813,2.47,False,False,False,True,False,False,True
5,5_20251029_Pluto_spont_1,val20,61053,1,8,10.32,0.0187,0.4197,0.8608,1.69,False,False,False,True,False,False,True
5,5_20251029_Pluto_spont_1,val20,61431,1,8,7.31,0.0114,0.5666,0.8677,1.93,False,False,False,True,False,False,True
5,5_20251029_Pluto_spont_1,val20,61808,1,8,8.9,0.0057,0.6378,0.8392,1.51,False,False,False,False,False,False,False
5,5_20251029_Pluto_spont_1,val20,62186,1,8,8.12,0.0065,0.6939,0.8509,1.92,False,False,False,False,False,False,False
5,5_20251029_Pluto_spont_1,val20,62564,1,8,7.28,0.0135,0.6461,0.8444,0.97,False,False,False,False,False,False,False
5,5_20251029_Pluto_spont_1,val20,62941,1,8,4.64,0.0193,0.4865,0.8886,3.05,False,False,False,True,False,False,True
5,5_20251029_Pluto_spont_1,val20,63319,1,8,21.34,0.0088,0.3546,0.7405,1.67,False,True,False,True,False,False,True
5,5_20251029_Pluto_spont_1,val20,63696,1,8,20.85,0.0089,0.4832,0.7284,4.16,False,True,False,True,False,False,True
5,5_20251029_Pluto_spont_1,val20,64074,1,8,11.72,0.0072,0.6789,0.8671,1.22,False,False,False,False,False,False,False
5,5_20251029_Pluto_spont_1,val20,64452,1,8,17.17,0.0072,0.7593,0.8752,1.91,False,False,False,False,False,False,False
6,6_20251028_Pluto_spont_1,test50,64573,1,8,7.36,0.0037,0.6376,0.8147,1.28,False,False,False,False,False,False,False
6,6_20251028_Pluto_spont_1,test50,64719,1,8,5.75,0.0078,0.6184,0.8169,1.62,False,False,False,False,False,False,False
6,6_20251028_Pluto_spont_1,test50,64865,1,8,9.71,0.0163,0.5594,0.7726,2.81,False,False,False,True,False,True,True
6,6_20251028_Pluto_spont_1,test50,65012,1,8,5.33,0.0164,0.5674,0.7867,3.23,False,False,False,True,False,True,True
6,6_20251028_Pluto_spont_1,test50,65158,1,8,9.29,0.0875,0.6391,0.8375,2.01,False,False,True,False,False,False,True
6,6_20251028_Pluto_spont_1,test50,65305,1,8,8.18,0.0057,0.6438,0.8201,5.06,False,False,False,False,False,False,False
6,6_20251028_Pluto_spont_1,test50,65451,1,8,10.61,0.024,0.5536,0.8074,2.83,False,False,False,True,False,False,True
6,6_20251028_Pluto_spont_1,test50,65597,1,8,10.9,0.0053,0.4633,0.7945,2.81,False,False,False,True,False,False,True
6,6_20251028_Pluto_spont_1,test50,65744,1,8,12.91,0.0097,0.6623,0.8522,1.36,False,False,False,False,False,False,False
6,6_20251028_Pluto_spont_1,test50,65890,1,8,8.37,0.0457,0.3687,0.7879,3.7,False,False,True,True,False,True,True
6,6_20251028_Pluto_spont_1,test50,66037,1,8,9.2,0.0934,0.5124,0.8177,7.2,False,False,True,True,False,False,True
6,6_20251028_Pluto_spont_1,test50,66183,1,8,5.56,0.0131,0.5959,0.8061,2.95,False,False,False,True,False,False,True
6,6_20251028_Pluto_spont_1,test50,66329,1,8,5.69,0.0334,0.6293,0.8535,2.52,False,False,True,False,False,False,True
6,6_20251028_Pluto_spont_1,test50,66476,1,8,12.8,0.0747,0.553,0.7957,4.29,False,False,True,True,False,False,True
6,6_20251028_Pluto_spont_1,test50,66622,1,8,5.68,0.0121,0.6473,0.8426,2.05,False,False,False,False,False,False,False
6,6_20251028_Pluto_spont_1,test50,66769,1,8,8.65,0.0211,0.4155,0.7893,1.7,False,False,False,True,False,True,True
6,6_20251028_Pluto_spont_1,test50,66915,1,8,7.61,0.0113,0.4829,0.7678,2.23,False,False,False,True,False,True,True
6,6_20251028_Pluto_spont_1,test50,67061,1,8,7.63,0.0084,0.5093,0.7952,2.22,False,False,False,True,False,False,True
6,6_20251028_Pluto_spont_1,test50,67208,1,8,9.55,0.0169,0.5274,0.8092,2.26,False,False,False,True,False,False,True
6,6_20251028_Pluto_spont_1,test50,67354,1,8,6.7,0.0069,0.3401,0.7306,2.88,False,False,False,True,False,True,True
6,6_20251028_Pluto_spont_1,test50,67501,1,8,5.7,0.0463,0.4149,0.791,5.17,False,False,True,True,False,False,True
6,6_20251028_Pluto_spont_1,test50,67647,1,8,9.0,0.0077,0.5269,0.7936,1.43,False,False,False,True,False,False,True
6,6_20251028_Pluto_spont_1,test50,67793,1,8,9.65,0.0086,0.362,0.7514,1.61,False,False,False,True,False,True,True
6,6_20251028_Pluto_spont_1,test50,67940,1,8,6.78,0.0212,0.2998,0.7384,2.26,False,False,False,True,False,True,True
6,6_20251028_Pluto_spont_1,test50,68086,1,8,12.11,0.0495,0.3704,0.7411,2.76,False,False,True,True,False,True,True
6,6_20251028_Pluto_spont_1,test50,68233,1,8,6.73,0.0095,0.494,0.7451,1.41,False,False,False,True,False,True,True
6,6_20251028_Pluto_spont_1,test50,68379,1,8,6.83,0.0237,0.437,0.7758,2.76,False,False,False,True,False,True,True
6,6_20251028_Pluto_spont_1,test50,68526,1,8,6.6,0.0048,0.5994,0.769,2.02,False,False,False,True,False,True,True
6,6_20251028_Pluto_spont_1,test50,68672,1,8,6.41,0.029,0.4698,0.7392,2.2,False,False,False,True,False,True,True
6,6_20251028_Pluto_spont_1,test50,68818,1,8,6.11,0.0109,0.3849,0.7492,1.81,False,False,False,True,False,True,True
6,6_20251028_Pluto_spont_1,test50,68965,1,8,11.46,0.0581,0.2617,0.749,4.21,False,False,True,True,False,True,True
6,6_20251028_Pluto_spont_1,test50,69111,1,8,5.52,0.0094,0.385,0.7711,2.35,False,False,False,True,False,True,True
6,6_20251028_Pluto_spont_1,test50,69258,1,8,5.57,0.0462,0.3283,0.7289,3.1,False,False,True,True,False,True,True
6,6_20251028_Pluto_spont_1,test50,69404,1,8,5.75,0.0098,0.4698,0.7924,2.03,False,False,False,True,False,False,True
6,6_20251028_Pluto_spont_1,test50,69550,1,8,4.41,0.0176,0.6342,0.7791,2.84,False,False,False,False,False,True,False
6,6_20251028_Pluto_spont_1,test50,69697,1,8,5.33,0.0067,0.4644,0.7505,1.24,False,False,False,True,False,True,True
6,6_20251028_Pluto_spont_1,test50,69843,1,8,4.79,0.0108,0.4966,0.7675,2.29,False,False,False,True,False,True,True
6,6_20251028_Pluto_spont_1,test50,69990,1,8,5.87,0.0114,0.6303,0.8156,2.04,False,False,False,False,False,False,False
6,6_20251028_Pluto_spont_1,test50,70136,1,8,5.24,0.019,0.4165,0.7479,2.37,False,False,False,True,False,True,True
6,6_20251028_Pluto_spont_1,test50,70282,1,8,6.13,0.0225,0.5056,0.7678,2.36,False,False,False,True,False,True,True
6,6_20251028_Pluto_spont_1,test50,70429,1,8,6.63,0.0128,0.4498,0.7849,2.46,False,False,False,True,False,True,True
6,6_20251028_Pluto_spont_1,test50,70575,1,8,4.03,0.0077,0.545,0.7335,1.95,False,False,False,True,False,True,True
6,6_20251028_Pluto_spont_1,test50,70722,1,8,5.51,0.0108,0.4058,0.7248,1.98,False,False,False,True,False,True,True
6,6_20251028_Pluto_spont_1,test50,70868,1,8,8.88,0.0077,0.3592,0.7168,2.23,False,False,False,True,False,True,True
6,6_20251028_Pluto_spont_1,test50,71014,1,8,13.67,0.0398,0.2997,0.7708,5.68,False,False,True,True,False,True,True
6,6_20251028_Pluto_spont_1,test50,71161,1,8,11.18,0.0132,0.1849,0.7388,3.39,False,False,False,True,False,True,True
6,6_20251028_Pluto_spont_1,test50,71307,1,8,9.03,0.0282,0.357,0.7364,2.36,False,False,False,True,False,True,True
6,6_20251028_Pluto_spont_1,test50,71454,1,8,4.51,0.0096,0.4102,0.7535,2.13,False,False,False,True,False,True,True
6,6_20251028_Pluto_spont_1,test50,71600,1,8,5.33,0.013,0.2796,0.7233,2.92,False,False,False,True,False,True,True
6,6_20251028_Pluto_spont_1,test50,71747,1,8,7.23,0.0165,0.4892,0.7722,3.59,False,False,False,True,False,True,True
6,6_20251028_Pluto_spont_1,val20,57278,1,8,10.33,0.0118,0.5112,0.787,2.48,False,False,False,True,False,True,True
6,6_20251028_Pluto_spont_1,val20,57655,1,8,9.88,0.0544,0.501,0.7923,1.9,False,False,True,True,False,False,True
6,6_20251028_Pluto_spont_1,val20,58033,1,8,14.29,0.032,0.4716,0.7395,2.51,False,False,True,True,False,True,True
6,6_20251028_Pluto_spont_1,val20,58410,1,8,10.56,0.0164,0.5917,0.7668,1.93,False,False,False,True,False,True,True
6,6_20251028_Pluto_spont_1,val20,58788,1,8,5.96,0.0118,0.5182,0.7436,1.8,False,False,False,True,False,True,True
6,6_20251028_Pluto_spont_1,val20,59165,1,8,6.71,0.0093,0.632,0.789,1.71,False,False,False,False,False,True,False
6,6_20251028_Pluto_spont_1,val20,59543,1,8,9.0,0.067,0.5268,0.7519,3.4,False,False,True,True,False,True,True
6,6_20251028_Pluto_spont_1,val20,59921,1,8,6.33,0.0064,0.5959,0.8085,2.86,False,False,False,True,False,False,True
6,6_20251028_Pluto_spont_1,val20,60298,1,8,3.84,0.0115,0.5663,0.7739,2.11,False,False,False,True,False,True,True
6,6_20251028_Pluto_spont_1,val20,60676,1,8,5.82,0.0101,0.6407,0.8215,2.42,False,False,False,False,False,False,False
6,6_20251028_Pluto_spont_1,val20,61053,1,8,4.87,0.009,0.4765,0.7563,2.05,False,False,False,True,False,True,True
6,6_20251028_Pluto_spont_1,val20,61431,1,8,5.61,0.0084,0.5776,0.781,1.97,False,False,False,True,False,True,True
6,6_20251028_Pluto_spont_1,val20,61808,1,8,5.33,0.0135,0.6223,0.8256,2.2,False,False,False,False,False,False,False
6,6_20251028_Pluto_spont_1,val20,62186,1,8,6.73,0.0099,0.5218,0.8013,1.46,False,False,False,True,False,False,True
6,6_20251028_Pluto_spont_1,val20,62564,1,8,6.82,0.0083,0.6912,0.8256,2.26,False,False,False,False,False,False,False
6,6_20251028_Pluto_spont_1,val20,62941,1,8,7.03,0.0065,0.6762,0.8879,3.11,False,False,False,False,False,False,False
6,6_20251028_Pluto_spont_1,val20,63319,1,8,9.11,0.0817,0.6294,0.8207,5.86,False,False,True,False,False,False,True
6,6_20251028_Pluto_spont_1,val20,63696,1,8,2.86,0.0072,0.6785,0.845,2.39,False,False,False,False,False,False,False
6,6_20251028_Pluto_spont_1,val20,64074,1,8,24.7,0.023,0.5791,0.757,5.24,False,True,False,True,False,True,True
6,6_20251028_Pluto_spont_1,val20,64452,1,8,7.88,0.029,0.6551,0.7888,2.54,False,False,False,False,False,True,False
7,7_20251027_Pluto_spont1,test50,64573,1,8,6.5,0.0288,0.5835,0.8332,3.05,False,False,False,True,False,False,True
7,7_20251027_Pluto_spont1,test50,64719,1,8,7.57,0.0073,0.7529,0.8572,1.4,False,False,False,False,False,False,False
7,7_20251027_Pluto_spont1,test50,64865,1,8,4.01,0.005,0.6878,0.8614,1.41,False,False,False,False,False,False,False
7,7_20251027_Pluto_spont1,test50,65012,1,8,5.93,0.0116,0.6746,0.8382,2.2,False,False,False,False,False,False,False
7,7_20251027_Pluto_spont1,test50,65158,1,8,4.79,0.0039,0.6386,0.7766,1.27,False,False,False,False,False,False,False
7,7_20251027_Pluto_spont1,test50,65305,1,8,8.87,0.0054,0.7388,0.8086,2.13,False,False,False,False,False,False,False
7,7_20251027_Pluto_spont1,test50,65451,1,8,8.09,0.0055,0.6579,0.7963,3.15,False,False,False,False,False,False,False
7,7_20251027_Pluto_spont1,test50,65597,1,8,4.99,0.005,0.6437,0.8278,2.02,False,False,False,False,False,False,False
7,7_20251027_Pluto_spont1,test50,65744,1,8,6.06,0.0058,0.6231,0.7984,1.48,False,False,False,False,False,False,False
7,7_20251027_Pluto_spont1,test50,65890,1,8,7.44,0.0053,0.7726,0.8658,1.48,False,False,False,False,False,False,False
7,7_20251027_Pluto_spont1,test50,66037,1,8,6.1,0.0098,0.664,0.7979,1.52,False,False,False,False,False,False,False
7,7_20251027_Pluto_spont1,test50,66183,1,8,7.61,0.015,0.6703,0.7937,2.88,False,False,False,False,False,False,False
7,7_20251027_Pluto_spont1,test50,66329,1,8,7.99,0.0049,0.7253,0.8351,1.21,False,False,False,False,False,False,False
7,7_20251027_Pluto_spont1,test50,66476,1,8,7.03,0.0047,0.7063,0.8047,1.67,False,False,False,False,False,False,False
7,7_20251027_Pluto_spont1,test50,66622,1,8,8.07,0.0054,0.6997,0.8382,1.32,False,False,False,False,False,False,False
7,7_20251027_Pluto_spont1,test50,66769,1,8,7.05,0.0044,0.7222,0.8221,2.0,False,False,False,False,False,False,False
7,7_20251027_Pluto_spont1,test50,66915,1,8,6.6,0.0094,0.7252,0.8404,1.61,False,False,False,False,False,False,False
7,7_20251027_Pluto_spont1,test50,67061,1,8,5.52,0.007,0.6845,0.8298,1.56,False,False,False,False,False,False,False
7,7_20251027_Pluto_spont1,test50,67208,1,8,6.17,0.0104,0.6984,0.8173,2.96,False,False,False,False,False,False,False
7,7_20251027_Pluto_spont1,test50,67354,1,8,4.72,0.0125,0.6934,0.7976,1.66,False,False,False,False,False,False,False
7,7_20251027_Pluto_spont1,test50,67501,1,8,5.39,0.0061,0.6657,0.7975,1.28,False,False,False,False,False,False,False
7,7_20251027_Pluto_spont1,test50,67647,1,8,6.19,0.0107,0.6901,0.8137,1.57,False,False,False,False,False,False,False
7,7_20251027_Pluto_spont1,test50,67793,1,8,5.73,0.0081,0.714,0.8179,1.98,False,False,False,False,False,False,False
7,7_20251027_Pluto_spont1,test50,67940,1,8,5.18,0.0096,0.6251,0.8127,1.49,False,False,False,False,False,False,False
7,7_20251027_Pluto_spont1,test50,68086,1,8,5.57,0.0044,0.7565,0.8337,1.38,False,False,False,False,False,False,False
7,7_20251027_Pluto_spont1,test50,68233,1,8,5.15,0.0077,0.7162,0.8282,1.48,False,False,False,False,False,False,False
7,7_20251027_Pluto_spont1,test50,68379,1,8,5.64,0.008,0.7413,0.8174,1.76,False,False,False,False,False,False,False
7,7_20251027_Pluto_spont1,test50,68526,1,8,5.35,0.0086,0.6217,0.7997,1.32,False,False,False,False,False,False,False
7,7_20251027_Pluto_spont1,test50,68672,1,8,6.78,0.0124,0.6946,0.8068,1.97,False,False,False,False,False,False,False
7,7_20251027_Pluto_spont1,test50,68818,1,8,6.96,0.0059,0.718,0.8314,1.32,False,False,False,False,False,False,False
7,7_20251027_Pluto_spont1,test50,68965,1,8,5.03,0.0051,0.6535,0.7876,1.25,False,False,False,False,False,False,False
7,7_20251027_Pluto_spont1,test50,69111,1,8,6.01,0.008,0.6721,0.8388,1.3,False,False,False,False,False,False,False
7,7_20251027_Pluto_spont1,test50,69258,1,8,6.05,0.0089,0.7085,0.8399,1.13,False,False,False,False,False,False,False
7,7_20251027_Pluto_spont1,test50,69404,1,8,5.24,0.013,0.708,0.8228,1.71,False,False,False,False,False,False,False
7,7_20251027_Pluto_spont1,test50,69550,1,8,5.21,0.0104,0.6907,0.8168,1.28,False,False,False,False,False,False,False
7,7_20251027_Pluto_spont1,test50,69697,1,8,5.71,0.0111,0.6413,0.7958,1.62,False,False,False,False,False,False,False
7,7_20251027_Pluto_spont1,test50,69843,1,8,5.19,0.0063,0.6087,0.8181,1.92,False,False,False,False,False,False,False
7,7_20251027_Pluto_spont1,test50,69990,1,8,6.89,0.0169,0.6832,0.8273,2.68,False,False,False,False,False,False,False
7,7_20251027_Pluto_spont1,test50,70136,1,8,5.71,0.007,0.6935,0.8217,2.33,False,False,False,False,False,False,False
7,7_20251027_Pluto_spont1,test50,70282,1,8,5.8,0.0126,0.6673,0.8208,3.12,False,False,False,False,False,False,False
7,7_20251027_Pluto_spont1,test50,70429,1,8,6.01,0.0054,0.6207,0.8142,1.56,False,False,False,False,False,False,False
7,7_20251027_Pluto_spont1,test50,70575,1,8,5.0,0.0098,0.7024,0.8317,1.87,False,False,False,False,False,False,False
7,7_20251027_Pluto_spont1,test50,70722,1,8,3.79,0.0096,0.6481,0.8114,2.61,False,False,False,False,False,False,False
7,7_20251027_Pluto_spont1,test50,70868,1,8,5.18,0.0074,0.6726,0.8314,1.74,False,False,False,False,False,False,False
7,7_20251027_Pluto_spont1,test50,71014,1,8,5.35,0.0073,0.6462,0.8254,1.74,False,False,False,False,False,False,False
7,7_20251027_Pluto_spont1,test50,71161,1,8,4.73,0.0066,0.6792,0.8211,1.98,False,False,False,False,False,False,False
7,7_20251027_Pluto_spont1,test50,71307,1,8,8.11,0.0048,0.5825,0.7804,1.65,False,False,False,True,False,False,True
7,7_20251027_Pluto_spont1,test50,71454,1,8,5.39,0.0088,0.6042,0.7725,1.53,False,False,False,False,False,False,False
7,7_20251027_Pluto_spont1,test50,71600,1,8,6.39,0.0041,0.7062,0.7949,2.36,False,False,False,False,False,False,False
7,7_20251027_Pluto_spont1,test50,71747,1,8,6.2,0.0065,0.7007,0.7935,1.74,False,False,False,False,False,False,False
7,7_20251027_Pluto_spont1,val20,57278,1,8,6.38,0.0078,0.648,0.8443,1.42,False,False,False,False,False,False,False
7,7_20251027_Pluto_spont1,val20,57655,1,8,24.38,0.0064,0.5629,0.7649,4.27,False,True,False,True,False,False,True
7,7_20251027_Pluto_spont1,val20,58033,1,8,5.73,0.0053,0.8125,0.9047,1.36,False,False,False,False,False,False,False
7,7_20251027_Pluto_spont1,val20,58410,1,8,4.19,0.0071,0.7275,0.8607,1.87,False,False,False,False,False,False,False
7,7_20251027_Pluto_spont1,val20,58788,1,8,4.67,0.0083,0.8042,0.8906,1.6,False,False,False,False,False,False,False
7,7_20251027_Pluto_spont1,val20,59165,1,8,5.94,0.0056,0.7694,0.893,1.36,False,False,False,False,False,False,False
7,7_20251027_Pluto_spont1,val20,59543,1,8,5.59,0.01,0.6768,0.8418,1.81,False,False,False,False,False,False,False
7,7_20251027_Pluto_spont1,val20,59921,1,8,5.66,0.0053,0.7545,0.8868,1.91,False,False,False,False,False,False,False
7,7_20251027_Pluto_spont1,val20,60298,1,8,11.38,0.0086,0.4882,0.7495,5.78,False,False,False,True,False,False,True
7,7_20251027_Pluto_spont1,val20,60676,1,8,7.48,0.0091,0.651,0.7476,2.33,False,False,False,False,False,False,False
7,7_20251027_Pluto_spont1,val20,61053,1,8,5.73,0.0094,0.636,0.8269,1.52,False,False,False,False,False,False,False
7,7_20251027_Pluto_spont1,val20,61431,1,8,4.23,0.0081,0.6873,0.8157,1.49,False,False,False,False,False,False,False
7,7_20251027_Pluto_spont1,val20,61808,1,8,2.72,0.0066,0.5305,0.7994,1.92,False,False,False,True,False,False,True
7,7_20251027_Pluto_spont1,val20,62186,1,8,4.84,0.0138,0.6034,0.82,2.08,False,False,False,False,False,False,False
7,7_20251027_Pluto_spont1,val20,62564,1,8,2.45,0.0178,0.6693,0.7988,1.97,False,False,False,False,False,False,False
7,7_20251027_Pluto_spont1,val20,62941,1,8,4.48,0.0057,0.5376,0.7965,1.52,False,False,False,True,False,False,True
7,7_20251027_Pluto_spont1,val20,63319,1,8,5.22,0.0114,0.5627,0.7603,1.59,False,False,False,True,False,False,True
7,7_20251027_Pluto_spont1,val20,63696,1,8,3.44,0.0051,0.6619,0.8157,1.7,False,False,False,False,False,False,False
7,7_20251027_Pluto_spont1,val20,64074,1,8,3.58,0.0051,0.5789,0.8011,1.64,False,False,False,True,False,False,True
7,7_20251027_Pluto_spont1,val20,64452,1,8,8.69,0.0168,0.5745,0.8665,1.9,False,False,False,True,False,False,True
8,8_20251024_Pluto_spont1,test50,64573,1,8,13.91,0.0255,0.4603,0.7373,2.81,False,False,False,True,False,True,True
8,8_20251024_Pluto_spont1,test50,64719,1,8,8.4,0.0114,0.5805,0.823,3.2,False,False,False,True,False,False,True
8,8_20251024_Pluto_spont1,test50,64865,1,8,14.31,0.0268,0.5093,0.8013,3.48,False,False,False,True,False,True,True
8,8_20251024_Pluto_spont1,test50,65012,1,8,16.09,0.0189,0.4368,0.7859,4.08,False,False,False,True,False,True,True
8,8_20251024_Pluto_spont1,test50,65158,1,8,16.67,0.0074,0.3453,0.7295,2.4,False,False,False,True,False,True,True
8,8_20251024_Pluto_spont1,test50,65305,1,8,15.37,0.0125,0.4136,0.667,4.71,False,False,False,True,False,True,True
8,8_20251024_Pluto_spont1,test50,65451,1,8,38.55,0.0197,0.2175,0.5453,12.44,False,True,False,True,False,True,True
8,8_20251024_Pluto_spont1,test50,65597,1,8,20.12,0.0079,0.2508,0.6493,3.41,False,True,False,True,False,True,True
8,8_20251024_Pluto_spont1,test50,65744,1,8,21.47,0.0655,0.2532,0.6361,7.63,False,True,True,True,False,True,True
8,8_20251024_Pluto_spont1,test50,65890,1,8,11.94,0.013,0.4697,0.7364,2.65,False,False,False,True,False,True,True
8,8_20251024_Pluto_spont1,test50,66037,1,8,5.84,0.0213,0.6888,0.8144,2.79,False,False,False,False,False,False,False
8,8_20251024_Pluto_spont1,test50,66183,1,8,8.77,0.0203,0.5997,0.7923,2.46,False,False,False,True,False,True,True
8,8_20251024_Pluto_spont1,test50,66329,1,8,13.42,0.014,0.6947,0.8047,3.61,False,False,False,False,False,True,False
8,8_20251024_Pluto_spont1,test50,66476,1,8,11.12,0.0117,0.4391,0.7234,2.61,False,False,False,True,False,True,True
8,8_20251024_Pluto_spont1,test50,66622,1,8,14.79,0.0193,0.3734,0.6398,7.33,False,False,False,True,False,True,True
8,8_20251024_Pluto_spont1,test50,66769,1,8,51.52,0.0284,0.3088,0.7352,5.63,True,True,False,True,False,True,True
8,8_20251024_Pluto_spont1,test50,66915,1,5,18.73,0.0139,0.3804,0.7375,4.25,False,False,False,True,False,True,True
8,8_20251024_Pluto_spont1,test50,67061,1,8,26.52,0.263,0.4281,0.6879,6.45,False,True,True,True,False,True,True
8,8_20251024_Pluto_spont1,test50,67208,1,8,44.27,0.0709,0.2366,0.7111,6.67,False,True,True,True,False,True,True
8,8_20251024_Pluto_spont1,test50,67354,1,8,39.36,0.052,0.3582,0.6576,5.91,False,True,True,True,False,True,True
8,8_20251024_Pluto_spont1,test50,67501,1,8,44.87,0.2055,0.3653,0.6198,13.77,False,True,True,True,False,True,True
8,8_20251024_Pluto_spont1,test50,67647,1,8,18.27,0.0133,0.3956,0.6871,4.04,False,False,False,True,False,True,True
8,8_20251024_Pluto_spont1,test50,67793,1,8,28.0,0.0318,0.4866,0.7866,11.76,False,True,True,True,False,True,True
8,8_20251024_Pluto_spont1,test50,67940,1,8,42.28,0.0115,0.665,0.7873,2.29,False,True,False,False,False,True,False
8,8_20251024_Pluto_spont1,test50,68086,1,8,13.21,0.0092,0.4171,0.7525,3.2,False,False,False,True,False,True,True
8,8_20251024_Pluto_spont1,test50,68233,1,8,9.72,0.0276,0.3499,0.7654,4.4,False,False,False,True,False,True,True
8,8_20251024_Pluto_spont1,test50,68379,1,8,8.33,0.0142,0.3504,0.7939,12.7,False,False,False,True,False,True,True
8,8_20251024_Pluto_spont1,test50,68526,1,8,10.82,0.0146,0.2628,0.7137,3.2,False,False,False,True,False,True,True
8,8_20251024_Pluto_spont1,test50,68672,1,8,31.15,0.0203,0.3459,0.6444,6.38,False,True,False,True,False,True,True
8,8_20251024_Pluto_spont1,test50,68818,1,8,11.93,0.0083,0.2899,0.6907,2.24,False,False,False,True,False,True,True
8,8_20251024_Pluto_spont1,test50,68965,1,8,22.23,0.0099,0.361,0.6481,3.85,False,True,False,True,False,True,True
8,8_20251024_Pluto_spont1,test50,69111,1,8,33.44,0.0156,0.4295,0.6198,7.72,False,True,False,True,False,True,True
8,8_20251024_Pluto_spont1,test50,69258,1,8,47.52,1.0169,0.171,0.5945,14.92,False,True,True,True,False,True,True
8,8_20251024_Pluto_spont1,test50,69404,1,8,48.57,0.0104,0.3513,0.6497,5.29,False,True,False,True,False,True,True
8,8_20251024_Pluto_spont1,test50,69550,1,8,54.29,0.0077,0.2703,0.626,4.82,True,True,False,True,False,True,True
8,8_20251024_Pluto_spont1,test50,69697,1,8,50.8,0.0115,0.3656,0.616,4.38,True,True,False,True,False,True,True
8,8_20251024_Pluto_spont1,test50,69843,1,8,43.84,0.2177,0.3252,0.6348,13.2,False,True,True,True,False,True,True
8,8_20251024_Pluto_spont1,test50,69990,1,8,38.42,0.2845,0.3008,0.6749,7.69,False,True,True,True,False,True,True
8,8_20251024_Pluto_spont1,test50,70136,1,8,23.82,0.2748,0.2237,0.6231,14.06,False,True,True,True,False,True,True
8,8_20251024_Pluto_spont1,test50,70282,1,8,50.05,0.0157,0.2739,0.6174,7.63,True,True,False,True,False,True,True
8,8_20251024_Pluto_spont1,test50,70429,1,8,51.17,0.0114,0.3431,0.6137,4.98,True,True,False,True,False,True,True
8,8_20251024_Pluto_spont1,test50,70575,1,8,50.53,1.1919,0.1287,0.6246,18.62,True,True,True,True,False,True,True
8,8_20251024_Pluto_spont1,test50,70722,1,8,54.52,0.0231,0.2546,0.5858,5.99,True,True,False,True,False,True,True
8,8_20251024_Pluto_spont1,test50,70868,1,8,28.01,0.015,0.1903,0.6182,5.39,False,True,False,True,False,True,True
8,8_20251024_Pluto_spont1,test50,71014,1,8,25.12,0.2116,0.2202,0.5856,7.88,False,True,True,True,False,True,True
8,8_20251024_Pluto_spont1,test50,71161,1,8,25.46,0.801,0.2668,0.5846,15.07,False,True,True,True,False,True,True
8,8_20251024_Pluto_spont1,test50,71307,1,8,46.41,0.0483,0.2558,0.5726,15.3,False,True,True,True,False,True,True
8,8_20251024_Pluto_spont1,test50,71454,1,8,27.64,0.021,0.2653,0.6163,5.76,False,True,False,True,False,True,True
8,8_20251024_Pluto_spont1,test50,71600,1,8,25.21,0.0252,0.1745,0.6041,4.34,False,True,False,True,False,True,True
8,8_20251024_Pluto_spont1,test50,71747,1,8,35.55,0.0209,0.2955,0.6461,8.1,False,True,False,True,False,True,True
8,8_20251024_Pluto_spont1,val20,57278,1,8,10.71,0.0123,0.2428,0.7401,2.59,False,False,False,True,False,True,True
8,8_20251024_Pluto_spont1,val20,57655,1,8,51.56,0.0166,0.1781,0.6468,11.36,True,True,False,True,False,True,True
8,8_20251024_Pluto_spont1,val20,58033,1,8,86.15,0.7891,0.2759,0.6658,35.07,True,True,True,True,True,True,True
8,8_20251024_Pluto_spont1,val20,58410,1,8,5.33,0.017,0.5408,0.7845,2.38,False,False,False,True,False,True,True
8,8_20251024_Pluto_spont1,val20,58788,1,8,37.02,0.1747,0.2036,0.6481,19.88,False,True,True,True,False,True,True
8,8_20251024_Pluto_spont1,val20,59165,1,8,21.53,0.0744,0.3152,0.6293,9.31,False,True,True,True,False,True,True
8,8_20251024_Pluto_spont1,val20,59543,1,8,19.29,0.0338,0.2424,0.5976,5.57,False,False,True,True,False,True,True
8,8_20251024_Pluto_spont1,val20,59921,1,8,25.4,0.0677,0.2625,0.642,7.88,False,True,True,True,False,True,True
8,8_20251024_Pluto_spont1,val20,60298,1,8,18.98,0.0106,0.4427,0.7384,3.08,False,False,False,True,False,True,True
8,8_20251024_Pluto_spont1,val20,60676,1,8,9.04,0.0142,0.5664,0.7615,2.07,False,False,False,True,False,True,True
8,8_20251024_Pluto_spont1,val20,61053,1,8,10.84,0.0269,0.5075,0.7006,3.41,False,False,False,True,False,True,True
8,8_20251024_Pluto_spont1,val20,61431,1,8,9.24,0.0252,0.4576,0.7686,4.1,False,False,False,True,False,True,True
8,8_20251024_Pluto_spont1,val20,61808,1,8,4.2,0.0231,0.4598,0.8255,1.95,False,False,False,True,False,False,True
8,8_20251024_Pluto_spont1,val20,62186,1,8,12.17,0.0214,0.3253,0.7107,7.88,False,False,False,True,False,True,True
8,8_20251024_Pluto_spont1,val20,62564,1,8,21.18,0.0271,0.3064,0.7819,3.83,False,True,False,True,False,True,True
8,8_20251024_Pluto_spont1,val20,62941,1,8,19.06,0.0069,0.4961,0.7809,1.67,False,False,False,True,False,True,True
8,8_20251024_Pluto_spont1,val20,63319,1,8,7.69,0.0095,0.4667,0.8097,3.47,False,False,False,True,False,True,True
8,8_20251024_Pluto_spont1,val20,63696,1,8,16.6,0.0146,0.5204,0.7477,6.45,False,False,False,True,False,True,True
8,8_20251024_Pluto_spont1,val20,64074,1,8,27.03,0.0167,0.5466,0.7664,4.17,False,True,False,True,False,True,True
8,8_20251024_Pluto_spont1,val20,64452,1,8,7.05,0.0078,0.3815,0.7928,4.38,False,False,False,True,False,True,True
9,9_20251023_Pluto1,test50,64573,4,8,17.44,0.0889,0.3713,0.7009,5.51,False,False,True,True,False,True,True
9,9_20251023_Pluto1,test50,64719,4,8,11.29,0.0096,0.3927,0.7171,2.42,False,False,False,True,False,True,True
9,9_20251023_Pluto1,test50,64865,4,8,6.68,0.0153,0.3639,0.7056,5.61,False,False,False,True,False,True,True
9,9_20251023_Pluto1,test50,65012,4,8,7.88,0.0233,0.4279,0.6667,6.06,False,False,False,True,False,True,True
9,9_20251023_Pluto1,test50,65158,4,8,5.52,0.0479,0.4081,0.6974,5.24,False,False,True,True,False,True,True
9,9_20251023_Pluto1,test50,65305,4,8,5.95,0.0258,0.4551,0.7825,5.94,False,False,False,True,False,True,True
9,9_20251023_Pluto1,test50,65451,4,8,6.02,0.0165,0.7904,0.8777,4.06,False,False,False,False,False,False,False
9,9_20251023_Pluto1,test50,65597,4,8,9.21,0.0163,0.7612,0.8325,3.49,False,False,False,False,False,False,False
9,9_20251023_Pluto1,test50,65744,4,8,7.13,0.0102,0.806,0.8484,2.54,False,False,False,False,False,False,False
9,9_20251023_Pluto1,test50,65890,4,8,5.74,0.0112,0.5154,0.7726,2.29,False,False,False,True,False,True,True
9,9_20251023_Pluto1,test50,66037,4,8,7.86,0.0145,0.3089,0.7156,4.67,False,False,False,True,False,True,True
9,9_20251023_Pluto1,test50,66183,4,8,18.74,0.1117,0.4754,0.7262,6.83,False,False,True,True,False,True,True
9,9_20251023_Pluto1,test50,66329,4,8,15.04,0.019,0.7533,0.8896,1.74,False,False,False,False,False,False,False
9,9_20251023_Pluto1,test50,66476,4,8,7.23,0.0164,0.7417,0.8634,2.9,False,False,False,False,False,False,False
9,9_20251023_Pluto1,test50,66622,4,8,14.81,0.0107,0.7004,0.8252,2.84,False,False,False,False,False,False,False
9,9_20251023_Pluto1,test50,66769,4,8,20.28,0.0189,0.4788,0.7352,3.06,False,True,False,True,False,True,True
9,9_20251023_Pluto1,test50,66915,4,8,8.91,0.0752,0.3962,0.7295,5.65,False,False,True,True,False,True,True
9,9_20251023_Pluto1,test50,67061,4,8,7.01,0.0248,0.4214,0.7671,2.69,False,False,False,True,False,True,True
9,9_20251023_Pluto1,test50,67208,4,8,11.77,0.0083,0.7167,0.8024,3.04,False,False,False,False,False,False,False
9,9_20251023_Pluto1,test50,67354,4,8,5.34,0.0641,0.4376,0.7822,3.13,False,False,True,True,False,True,True
9,9_20251023_Pluto1,test50,67501,4,8,7.15,0.012,0.7593,0.8513,2.36,False,False,False,False,False,False,False
9,9_20251023_Pluto1,test50,67647,4,8,6.31,0.0256,0.551,0.7888,2.96,False,False,False,True,False,True,True
9,9_20251023_Pluto1,test50,67793,4,8,10.29,0.0133,0.6457,0.7763,1.44,False,False,False,False,False,True,False
9,9_20251023_Pluto1,test50,67940,4,8,8.55,0.0171,0.5122,0.7836,2.58,False,False,False,True,False,True,True
9,9_20251023_Pluto1,test50,68086,4,8,7.84,0.0353,0.4378,0.7143,3.92,False,False,True,True,False,True,True
9,9_20251023_Pluto1,test50,68233,4,8,9.01,0.0485,0.4461,0.7493,4.31,False,False,True,True,False,True,True
9,9_20251023_Pluto1,test50,68379,4,8,8.01,0.0083,0.4695,0.7308,2.68,False,False,False,True,False,True,True
9,9_20251023_Pluto1,test50,68526,4,8,12.76,0.0417,0.3518,0.6768,4.16,False,False,True,True,False,True,True
9,9_20251023_Pluto1,test50,68672,4,8,7.04,0.0628,0.368,0.7398,4.93,False,False,True,True,False,True,True
9,9_20251023_Pluto1,test50,68818,4,8,6.45,0.018,0.4717,0.7979,2.86,False,False,False,True,False,False,True
9,9_20251023_Pluto1,test50,68965,4,8,6.51,0.0077,0.4762,0.7048,3.31,False,False,False,True,False,True,True
9,9_20251023_Pluto1,test50,69111,4,8,6.1,0.0296,0.5257,0.7461,4.84,False,False,False,True,False,True,True
9,9_20251023_Pluto1,test50,69258,4,8,14.84,0.0636,0.4736,0.7396,6.42,False,False,True,True,False,True,True
9,9_20251023_Pluto1,test50,69404,4,8,9.08,0.0513,0.4027,0.7805,4.2,False,False,True,True,False,True,True
9,9_20251023_Pluto1,test50,69550,4,8,10.83,0.0172,0.3355,0.6818,4.39,False,False,False,True,False,True,True
9,9_20251023_Pluto1,test50,69697,4,8,13.26,0.0174,0.5191,0.7585,3.12,False,False,False,True,False,True,True
9,9_20251023_Pluto1,test50,69843,4,8,8.18,0.016,0.5749,0.8061,5.08,False,False,False,True,False,False,True
9,9_20251023_Pluto1,test50,69990,4,8,5.67,0.0155,0.3942,0.7129,4.12,False,False,False,True,False,True,True
9,9_20251023_Pluto1,test50,70136,4,8,12.81,0.0264,0.306,0.7379,2.29,False,False,False,True,False,True,True
9,9_20251023_Pluto1,test50,70282,4,8,9.76,0.0242,0.5822,0.821,3.45,False,False,False,True,False,False,True
9,9_20251023_Pluto1,test50,70429,4,8,10.03,0.0059,0.6414,0.8023,1.86,False,False,False,False,False,False,False
9,9_20251023_Pluto1,test50,70575,4,8,9.04,0.0104,0.4934,0.7494,2.67,False,False,False,True,False,True,True
9,9_20251023_Pluto1,test50,70722,4,8,8.22,0.0067,0.5336,0.797,1.9,False,False,False,True,False,False,True
9,9_20251023_Pluto1,test50,70868,4,8,8.04,0.0126,0.4599,0.7647,2.74,False,False,False,True,False,True,True
9,9_20251023_Pluto1,test50,71014,4,8,9.52,0.0119,0.5068,0.7809,2.69,False,False,False,True,False,True,True
9,9_20251023_Pluto1,test50,71161,4,8,9.44,0.0116,0.4976,0.7644,2.79,False,False,False,True,False,True,True
9,9_20251023_Pluto1,test50,71307,4,8,8.14,0.0183,0.5117,0.7847,2.62,False,False,False,True,False,True,True
9,9_20251023_Pluto1,test50,71454,4,8,13.69,0.0496,0.7321,0.8374,7.6,False,False,True,False,False,False,True
9,9_20251023_Pluto1,test50,71600,4,8,6.87,0.008,0.7237,0.8971,2.4,False,False,False,False,False,False,False
9,9_20251023_Pluto1,test50,71747,4,8,6.41,0.0149,0.6711,0.8228,2.84,False,False,False,False,False,False,False
9,9_20251023_Pluto1,val20,57278,4,8,13.73,0.0183,0.644,0.8735,4.59,False,False,False,False,False,False,False
9,9_20251023_Pluto1,val20,57655,4,8,32.03,0.0189,0.546,0.8114,4.34,False,True,False,True,False,False,True
9,9_20251023_Pluto1,val20,58033,4,8,34.52,0.013,0.5246,0.8066,2.8,False,True,False,True,False,False,True
9,9_20251023_Pluto1,val20,58410,4,8,34.2,0.0349,0.7032,0.8569,3.53,False,True,True,False,False,False,True
9,9_20251023_Pluto1,val20,58788,4,8,36.65,0.0135,0.5851,0.8193,4.09,False,True,False,True,False,False,True
9,9_20251023_Pluto1,val20,59165,4,8,20.51,0.0104,0.5464,0.8171,4.22,False,True,False,True,False,False,True
9,9_20251023_Pluto1,val20,59543,4,8,6.76,0.0109,0.7101,0.876,2.79,False,False,False,False,False,False,False
9,9_20251023_Pluto1,val20,59921,4,8,4.49,0.0114,0.7577,0.9021,2.69,False,False,False,False,False,False,False
9,9_20251023_Pluto1,val20,60298,4,8,6.46,0.0088,0.6287,0.8813,1.1,False,False,False,False,False,False,False
9,9_20251023_Pluto1,val20,60676,4,8,7.02,0.0078,0.7605,0.9,1.48,False,False,False,False,False,False,False
9,9_20251023_Pluto1,val20,61053,4,8,8.33,0.0096,0.8306,0.9284,1.68,False,False,False,False,False,False,False
9,9_20251023_Pluto1,val20,61431,4,8,5.73,0.0192,0.5397,0.8663,3.51,False,False,False,True,False,False,True
9,9_20251023_Pluto1,val20,61808,4,8,15.8,0.0061,0.5939,0.8923,1.83,False,False,False,True,False,False,True
9,9_20251023_Pluto1,val20,62186,4,8,10.89,0.0099,0.7182,0.8483,1.7,False,False,False,False,False,False,False
9,9_20251023_Pluto1,val20,62564,4,8,10.23,0.012,0.6998,0.8542,2.04,False,False,False,False,False,False,False
9,9_20251023_Pluto1,val20,62941,4,8,16.09,0.0144,0.6908,0.8842,3.26,False,False,False,False,False,False,False
9,9_20251023_Pluto1,val20,63319,4,8,9.48,0.0082,0.7734,0.885,1.85,False,False,False,False,False,False,False
9,9_20251023_Pluto1,val20,63696,4,8,6.05,0.0125,0.6214,0.7894,3.35,False,False,False,False,False,True,False
9,9_20251023_Pluto1,val20,64074,4,8,13.64,0.0093,0.7603,0.897,2.45,False,False,False,False,False,False,False
9,9_20251023_Pluto1,val20,64452,4,8,15.24,0.0968,0.3825,0.6834,6.07,False,False,True,True,False,True,True
10,10_20251022_Pluto1,test50,64573,2,8,9.64,0.0269,0.6484,0.7884,2.52,False,False,False,False,False,False,False
10,10_20251022_Pluto1,test50,64719,2,8,11.2,0.0233,0.6871,0.8177,4.35,False,False,False,False,False,False,False
10,10_20251022_Pluto1,test50,64865,2,8,8.77,0.0088,0.644,0.7854,1.92,False,False,False,False,False,False,False
10,10_20251022_Pluto1,test50,65012,2,8,9.47,0.0227,0.5309,0.7494,2.58,False,False,False,True,False,False,True
10,10_20251022_Pluto1,test50,65158,2,8,27.67,0.0105,0.6535,0.774,2.02,False,True,False,False,False,False,False
10,10_20251022_Pluto1,test50,65305,2,8,23.95,0.0165,0.7175,0.7958,2.21,False,True,False,False,False,False,False
10,10_20251022_Pluto1,test50,65451,2,8,25.77,0.0125,0.7537,0.8061,2.18,False,True,False,False,False,False,False
10,10_20251022_Pluto1,test50,65597,2,8,25.15,0.0195,0.6884,0.7809,3.67,False,True,False,False,False,False,False
10,10_20251022_Pluto1,test50,65744,2,8,7.69,0.0125,0.6091,0.8019,3.35,False,False,False,False,False,False,False
10,10_20251022_Pluto1,test50,65890,2,8,10.3,0.0151,0.6211,0.8216,2.88,False,False,False,False,False,False,False
10,10_20251022_Pluto1,test50,66037,2,8,6.3,0.0269,0.6661,0.8254,2.01,False,False,False,False,False,False,False
10,10_20251022_Pluto1,test50,66183,2,8,7.11,0.0284,0.6087,0.8652,1.86,False,False,False,False,False,False,False
10,10_20251022_Pluto1,test50,66329,2,8,7.27,0.0152,0.6961,0.8197,2.04,False,False,False,False,False,False,False
10,10_20251022_Pluto1,test50,66476,2,8,8.43,0.0127,0.7174,0.7836,2.17,False,False,False,False,False,False,False
10,10_20251022_Pluto1,test50,66622,2,8,7.72,0.0143,0.73,0.7952,3.94,False,False,False,False,False,False,False
10,10_20251022_Pluto1,test50,66769,2,8,9.23,0.0176,0.6976,0.8145,2.21,False,False,False,False,False,False,False
10,10_20251022_Pluto1,test50,66915,2,8,13.73,0.024,0.688,0.7935,2.94,False,False,False,False,False,False,False
10,10_20251022_Pluto1,test50,67061,2,8,7.59,0.0162,0.639,0.7834,2.52,False,False,False,False,False,False,False
10,10_20251022_Pluto1,test50,67208,2,8,8.14,0.0133,0.5884,0.7314,2.43,False,False,False,True,False,True,True
10,10_20251022_Pluto1,test50,67354,2,8,7.35,0.0088,0.695,0.7827,2.21,False,False,False,False,False,False,False
10,10_20251022_Pluto1,test50,67501,2,8,25.96,0.0151,0.5538,0.7578,2.4,False,True,False,True,False,False,True
10,10_20251022_Pluto1,test50,67647,2,8,9.46,0.0091,0.6379,0.7867,2.58,False,False,False,False,False,False,False
10,10_20251022_Pluto1,test50,67793,2,8,10.66,0.0227,0.4616,0.7502,2.27,False,False,False,True,False,False,True
10,10_20251022_Pluto1,test50,67940,2,8,30.79,0.2077,0.404,0.721,12.93,False,True,True,True,False,True,True
10,10_20251022_Pluto1,test50,68086,2,8,14.07,0.0201,0.4316,0.6994,3.23,False,False,False,True,False,True,True
10,10_20251022_Pluto1,test50,68233,2,8,9.54,0.0102,0.505,0.7404,2.84,False,False,False,True,False,False,True
10,10_20251022_Pluto1,test50,68379,2,8,12.65,0.0095,0.578,0.7401,2.69,False,False,False,True,False,False,True
10,10_20251022_Pluto1,test50,68526,2,8,15.81,0.0056,0.3872,0.7351,3.17,False,False,False,True,False,True,True
10,10_20251022_Pluto1,test50,68672,2,8,8.83,0.0277,0.3491,0.7242,2.54,False,False,False,True,False,True,True
10,10_20251022_Pluto1,test50,68818,2,8,17.85,0.0151,0.614,0.7733,3.33,False,False,False,False,False,False,False
10,10_20251022_Pluto1,test50,68965,2,8,9.11,0.0248,0.4728,0.7667,3.07,False,False,False,True,False,False,True
10,10_20251022_Pluto1,test50,69111,2,8,11.43,0.0129,0.6118,0.815,2.56,False,False,False,False,False,False,False
10,10_20251022_Pluto1,test50,69258,2,8,8.65,0.0154,0.5332,0.7747,3.4,False,False,False,True,False,False,True
10,10_20251022_Pluto1,test50,69404,2,8,12.02,0.0172,0.6423,0.7277,3.25,False,False,False,False,False,True,False
10,10_20251022_Pluto1,test50,69550,2,8,12.7,0.008,0.5142,0.7245,3.02,False,False,False,True,False,True,True
10,10_20251022_Pluto1,test50,69697,2,8,9.26,0.0095,0.4499,0.7048,5.6,False,False,False,True,False,True,True
10,10_20251022_Pluto1,test50,69843,2,8,19.61,0.0924,0.373,0.6821,5.95,False,False,True,True,False,True,True
10,10_20251022_Pluto1,test50,69990,2,8,10.26,0.0171,0.5598,0.7951,7.93,False,False,False,True,False,False,True
10,10_20251022_Pluto1,test50,70136,2,8,309.45,0.8434,0.1504,0.3554,117.58,True,True,True,True,True,True,True
10,10_20251022_Pluto1,test50,70282,2,8,196.21,1.3689,0.3435,0.6052,68.47,True,True,True,True,True,True,True
10,10_20251022_Pluto1,test50,70429,2,8,8.9,0.0093,0.6914,0.8313,2.25,False,False,False,False,False,False,False
10,10_20251022_Pluto1,test50,70575,2,8,8.67,0.0134,0.6137,0.8207,2.19,False,False,False,False,False,False,False
10,10_20251022_Pluto1,test50,70722,2,8,15.32,0.0624,0.5823,0.8046,4.9,False,False,True,True,False,False,True
10,10_20251022_Pluto1,test50,70868,2,8,26.84,0.0166,0.6715,0.7869,2.32,False,True,False,False,False,False,False
10,10_20251022_Pluto1,test50,71014,2,8,10.34,0.0096,0.7149,0.8426,1.39,False,False,False,False,False,False,False
10,10_20251022_Pluto1,test50,71161,2,8,18.33,0.0112,0.7013,0.8335,2.92,False,False,False,False,False,False,False
10,10_20251022_Pluto1,test50,71307,2,8,11.71,0.0188,0.6178,0.7977,4.62,False,False,False,False,False,False,False
10,10_20251022_Pluto1,test50,71454,2,8,4.38,0.0075,0.6971,0.8371,2.6,False,False,False,False,False,False,False
10,10_20251022_Pluto1,test50,71600,2,8,7.5,0.0107,0.5397,0.7638,2.84,False,False,False,True,False,False,True
10,10_20251022_Pluto1,test50,71747,2,8,12.79,0.0169,0.6205,0.805,2.11,False,False,False,False,False,False,False
10,10_20251022_Pluto1,val20,57278,2,8,9.37,0.0111,0.668,0.8286,5.44,False,False,False,False,False,False,False
10,10_20251022_Pluto1,val20,57655,2,8,13.09,0.019,0.5003,0.7993,4.87,False,False,False,True,False,False,True
10,10_20251022_Pluto1,val20,58033,2,8,12.93,0.0217,0.5977,0.798,3.26,False,False,False,True,False,False,True
10,10_20251022_Pluto1,val20,58410,2,8,7.16,0.0127,0.7845,0.8748,2.63,False,False,False,False,False,False,False
10,10_20251022_Pluto1,val20,58788,2,8,13.52,0.0179,0.6226,0.7728,3.73,False,False,False,False,False,False,False
10,10_20251022_Pluto1,val20,59165,2,8,28.76,0.1134,0.3094,0.5839,10.28,False,True,True,True,False,True,True
10,10_20251022_Pluto1,val20,59543,2,8,11.29,0.013,0.4529,0.7152,3.62,False,False,False,True,False,True,True
10,10_20251022_Pluto1,val20,59921,2,8,7.94,0.0094,0.625,0.7992,2.45,False,False,False,False,False,False,False
10,10_20251022_Pluto1,val20,60298,2,8,9.59,0.0078,0.6444,0.7292,4.9,False,False,False,False,False,True,False
10,10_20251022_Pluto1,val20,60676,2,8,8.7,0.0096,0.5343,0.7512,2.59,False,False,False,True,False,False,True
10,10_20251022_Pluto1,val20,61053,2,8,313.15,1.4865,0.0832,0.3145,234.26,True,True,True,True,True,True,True
10,10_20251022_Pluto1,val20,61431,2,8,7.59,0.0703,0.4104,0.6807,5.96,False,False,True,True,False,True,True
10,10_20251022_Pluto1,val20,61808,2,8,37.41,0.0551,0.2693,0.5518,8.6,False,True,True,True,False,True,True
10,10_20251022_Pluto1,val20,62186,2,8,10.23,0.0189,0.62,0.8171,2.11,False,False,False,False,False,False,False
10,10_20251022_Pluto1,val20,62564,2,8,14.02,0.0096,0.6006,0.7508,2.07,False,False,False,False,False,False,False
10,10_20251022_Pluto1,val20,62941,2,8,7.55,0.0251,0.6979,0.8288,1.72,False,False,False,False,False,False,False
10,10_20251022_Pluto1,val20,63319,2,8,11.88,0.0327,0.6016,0.7213,3.77,False,False,True,False,False,True,True
10,10_20251022_Pluto1,val20,63696,2,8,9.72,0.0204,0.3711,0.7258,2.81,False,False,False,True,False,True,True
10,10_20251022_Pluto1,val20,64074,2,8,11.96,0.0064,0.6235,0.7872,2.3,False,False,False,False,False,False,False
10,10_20251022_Pluto1,val20,64452,2,8,9.24,0.0116,0.4558,0.7022,2.87,False,False,False,True,False,True,True
11,11_20251017_Terra_spont_1,test50,64573,2,8,5.96,0.0072,0.6644,0.8871,2.37,False,False,False,False,False,False,False
11,11_20251017_Terra_spont_1,test50,64719,2,8,7.48,0.0075,0.698,0.8435,2.11,False,False,False,False,False,False,False
11,11_20251017_Terra_spont_1,test50,64865,2,8,6.08,0.0091,0.6853,0.8455,2.17,False,False,False,False,False,False,False
11,11_20251017_Terra_spont_1,test50,65012,2,8,17.95,0.0106,0.4968,0.7943,5.3,False,False,False,True,False,False,True
11,11_20251017_Terra_spont_1,test50,65158,2,8,9.37,0.1502,0.6357,0.7664,12.73,False,False,True,False,False,False,True
11,11_20251017_Terra_spont_1,test50,65305,2,8,11.4,0.0078,0.6724,0.9148,2.27,False,False,False,False,False,False,False
11,11_20251017_Terra_spont_1,test50,65451,2,8,9.2,0.0108,0.7906,0.9168,2.88,False,False,False,False,False,False,False
11,11_20251017_Terra_spont_1,test50,65597,2,8,17.47,0.0255,0.5814,0.839,6.56,False,False,False,True,False,False,True
11,11_20251017_Terra_spont_1,test50,65744,2,8,8.13,0.0118,0.7384,0.9011,2.69,False,False,False,False,False,False,False
11,11_20251017_Terra_spont_1,test50,65890,2,8,9.7,0.0106,0.8067,0.9246,1.86,False,False,False,False,False,False,False
11,11_20251017_Terra_spont_1,test50,66037,2,8,12.72,0.0226,0.7106,0.9185,2.05,False,False,False,False,False,False,False
11,11_20251017_Terra_spont_1,test50,66183,2,8,6.59,0.0102,0.7545,0.918,1.37,False,False,False,False,False,False,False
11,11_20251017_Terra_spont_1,test50,66329,2,8,8.28,0.0196,0.7095,0.9031,1.74,False,False,False,False,False,False,False
11,11_20251017_Terra_spont_1,test50,66476,2,8,8.17,0.0166,0.7297,0.8454,1.78,False,False,False,False,False,False,False
11,11_20251017_Terra_spont_1,test50,66622,2,8,12.2,0.0093,0.6171,0.7945,2.14,False,False,False,False,False,False,False
11,11_20251017_Terra_spont_1,test50,66769,2,8,13.16,0.0207,0.5639,0.8207,5.36,False,False,False,True,False,False,True
11,11_20251017_Terra_spont_1,test50,66915,2,8,6.3,0.0138,0.5674,0.8509,3.18,False,False,False,True,False,False,True
11,11_20251017_Terra_spont_1,test50,67061,2,8,10.54,0.0065,0.6893,0.8755,1.39,False,False,False,False,False,False,False
11,11_20251017_Terra_spont_1,test50,67208,2,8,7.24,0.007,0.8148,0.9164,1.47,False,False,False,False,False,False,False
11,11_20251017_Terra_spont_1,test50,67354,2,8,7.26,0.0217,0.5628,0.813,4.5,False,False,False,True,False,False,True
11,11_20251017_Terra_spont_1,test50,67501,2,8,31.53,0.1056,0.4362,0.7545,7.52,False,True,True,True,False,False,True
11,11_20251017_Terra_spont_1,test50,67647,2,8,8.58,0.0147,0.6217,0.7809,4.01,False,False,False,False,False,False,False
11,11_20251017_Terra_spont_1,test50,67793,2,8,185.33,0.8589,0.0835,0.3048,108.43,True,True,True,True,True,True,True
11,11_20251017_Terra_spont_1,test50,67940,2,8,19.95,0.0131,0.5955,0.7907,3.35,False,False,False,True,False,False,True
11,11_20251017_Terra_spont_1,test50,68086,2,8,7.96,0.0115,0.5242,0.8919,2.06,False,False,False,True,False,False,True
11,11_20251017_Terra_spont_1,test50,68233,2,8,13.54,0.0077,0.6688,0.8602,1.96,False,False,False,False,False,False,False
11,11_20251017_Terra_spont_1,test50,68379,2,8,8.23,0.0099,0.6944,0.8926,2.4,False,False,False,False,False,False,False
11,11_20251017_Terra_spont_1,test50,68526,2,8,8.87,0.0164,0.6923,0.8922,2.22,False,False,False,False,False,False,False
11,11_20251017_Terra_spont_1,test50,68672,2,8,5.1,0.0116,0.8021,0.8892,1.33,False,False,False,False,False,False,False
11,11_20251017_Terra_spont_1,test50,68818,2,8,10.16,0.0066,0.7616,0.8649,1.26,False,False,False,False,False,False,False
11,11_20251017_Terra_spont_1,test50,68965,2,8,9.23,0.0259,0.5203,0.8035,2.3,False,False,False,True,False,False,True
11,11_20251017_Terra_spont_1,test50,69111,2,8,5.27,0.0081,0.7143,0.8579,1.85,False,False,False,False,False,False,False
11,11_20251017_Terra_spont_1,test50,69258,2,8,8.85,0.0073,0.7766,0.8697,1.48,False,False,False,False,False,False,False
11,11_20251017_Terra_spont_1,test50,69404,2,8,8.24,0.0053,0.6831,0.8679,1.7,False,False,False,False,False,False,False
11,11_20251017_Terra_spont_1,test50,69550,2,8,8.22,0.0233,0.6626,0.8602,1.89,False,False,False,False,False,False,False
11,11_20251017_Terra_spont_1,test50,69697,2,8,10.93,0.0131,0.6939,0.8436,1.77,False,False,False,False,False,False,False
11,11_20251017_Terra_spont_1,test50,69843,2,8,9.78,0.0156,0.7635,0.8357,2.35,False,False,False,False,False,False,False
11,11_20251017_Terra_spont_1,test50,69990,2,8,13.3,0.0128,0.526,0.7608,2.87,False,False,False,True,False,False,True
11,11_20251017_Terra_spont_1,test50,70136,2,8,161.07,1.1095,0.4091,0.8552,53.14,True,True,True,True,True,False,True
11,11_20251017_Terra_spont_1,test50,70282,2,8,9.7,0.0076,0.6428,0.8812,2.46,False,False,False,False,False,False,False
11,11_20251017_Terra_spont_1,test50,70429,2,8,10.36,0.0076,0.5987,0.8915,1.76,False,False,False,True,False,False,True
11,11_20251017_Terra_spont_1,test50,70575,2,8,9.36,0.0162,0.6436,0.9,3.11,False,False,False,False,False,False,False
11,11_20251017_Terra_spont_1,test50,70722,2,8,8.1,0.0073,0.6281,0.9035,1.78,False,False,False,False,False,False,False
11,11_20251017_Terra_spont_1,test50,70868,2,8,8.09,0.0101,0.7079,0.9102,1.77,False,False,False,False,False,False,False
11,11_20251017_Terra_spont_1,test50,71014,2,8,9.68,0.0067,0.7603,0.8984,1.69,False,False,False,False,False,False,False
11,11_20251017_Terra_spont_1,test50,71161,2,8,8.23,0.0105,0.594,0.8772,1.81,False,False,False,True,False,False,True
11,11_20251017_Terra_spont_1,test50,71307,2,8,5.69,0.0049,0.7989,0.9147,1.32,False,False,False,False,False,False,False
11,11_20251017_Terra_spont_1,test50,71454,2,8,5.13,0.0165,0.792,0.9106,2.38,False,False,False,False,False,False,False
11,11_20251017_Terra_spont_1,test50,71600,2,8,4.66,0.0071,0.7452,0.8884,1.07,False,False,False,False,False,False,False
11,11_20251017_Terra_spont_1,test50,71747,2,8,7.57,0.0092,0.7364,0.912,1.95,False,False,False,False,False,False,False
11,11_20251017_Terra_spont_1,val20,57278,2,8,5.51,0.0075,0.7981,0.9146,1.18,False,False,False,False,False,False,False
11,11_20251017_Terra_spont_1,val20,57655,2,8,6.66,0.0182,0.7643,0.898,2.36,False,False,False,False,False,False,False
11,11_20251017_Terra_spont_1,val20,58033,2,8,10.39,0.0585,0.3796,0.7398,4.29,False,False,True,True,False,False,True
11,11_20251017_Terra_spont_1,val20,58410,2,8,8.02,0.0061,0.7726,0.9056,1.5,False,False,False,False,False,False,False
11,11_20251017_Terra_spont_1,val20,58788,2,8,6.06,0.0084,0.7559,0.8909,1.25,False,False,False,False,False,False,False
11,11_20251017_Terra_spont_1,val20,59165,2,8,171.07,1.1886,0.3909,0.6855,47.75,True,True,True,True,True,False,True
11,11_20251017_Terra_spont_1,val20,59543,2,8,174.85,0.0064,0.3473,0.6098,21.38,True,True,False,True,True,True,True
11,11_20251017_Terra_spont_1,val20,59921,2,8,8.9,0.0064,0.7473,0.8813,1.34,False,False,False,False,False,False,False
11,11_20251017_Terra_spont_1,val20,60298,2,8,5.74,0.0164,0.7832,0.8919,4.74,False,False,False,False,False,False,False
11,11_20251017_Terra_spont_1,val20,60676,2,8,19.48,0.0106,0.3727,0.719,3.5,False,False,False,True,False,False,True
11,11_20251017_Terra_spont_1,val20,61053,2,8,6.54,0.0127,0.6564,0.9192,1.74,False,False,False,False,False,False,False
11,11_20251017_Terra_spont_1,val20,61431,2,8,6.36,0.0078,0.7312,0.8942,1.44,False,False,False,False,False,False,False
11,11_20251017_Terra_spont_1,val20,61808,2,8,15.26,0.0089,0.5908,0.9112,2.84,False,False,False,True,False,False,True
11,11_20251017_Terra_spont_1,val20,62186,2,8,16.3,0.0103,0.7505,0.8862,2.3,False,False,False,False,False,False,False
11,11_20251017_Terra_spont_1,val20,62564,2,8,15.84,0.0403,0.6699,0.8224,3.06,False,False,True,False,False,False,True
11,11_20251017_Terra_spont_1,val20,62941,2,8,12.61,0.0129,0.7219,0.9104,1.06,False,False,False,False,False,False,False
11,11_20251017_Terra_spont_1,val20,63319,2,8,14.72,0.0075,0.6995,0.9031,1.49,False,False,False,False,False,False,False
11,11_20251017_Terra_spont_1,val20,63696,2,8,8.37,0.0053,0.5796,0.8661,4.57,False,False,False,True,False,False,True
11,11_20251017_Terra_spont_1,val20,64074,2,8,7.91,0.0055,0.7004,0.887,1.82,False,False,False,False,False,False,False
11,11_20251017_Terra_spont_1,val20,64452,2,8,6.44,0.0101,0.6729,0.9034,2.47,False,False,False,False,False,False,False
12,12_20251016_Terra_spont_2,test50,64573,1,8,7.67,0.0082,0.7722,0.9131,1.56,False,False,False,False,False,False,False
12,12_20251016_Terra_spont_2,test50,64719,1,8,3.94,0.008,0.8443,0.9095,1.14,False,False,False,False,False,False,False
12,12_20251016_Terra_spont_2,test50,64865,1,8,4.38,0.0145,0.8535,0.9199,1.7,False,False,False,False,False,False,False
12,12_20251016_Terra_spont_2,test50,65012,1,8,3.38,0.0091,0.7993,0.8961,1.63,False,False,False,False,False,False,False
12,12_20251016_Terra_spont_2,test50,65158,1,8,3.35,0.0039,0.8204,0.9017,0.92,False,False,False,False,False,False,False
12,12_20251016_Terra_spont_2,test50,65305,1,8,5.65,0.0057,0.7994,0.9446,2.2,False,False,False,False,False,False,False
12,12_20251016_Terra_spont_2,test50,65451,1,8,4.64,0.0144,0.7951,0.9035,1.8,False,False,False,False,False,False,False
12,12_20251016_Terra_spont_2,test50,65597,1,8,3.31,0.0134,0.7839,0.8876,1.6,False,False,False,False,False,False,False
12,12_20251016_Terra_spont_2,test50,65744,1,8,5.95,0.0112,0.7505,0.8973,1.92,False,False,False,False,False,False,False
12,12_20251016_Terra_spont_2,test50,65890,1,8,3.42,0.0102,0.6879,0.859,2.5,False,False,False,False,False,False,False
12,12_20251016_Terra_spont_2,test50,66037,1,8,5.3,0.0064,0.7659,0.8711,1.85,False,False,False,False,False,False,False
12,12_20251016_Terra_spont_2,test50,66183,1,8,4.14,0.0045,0.6911,0.8785,0.94,False,False,False,False,False,False,False
12,12_20251016_Terra_spont_2,test50,66329,1,8,3.68,0.008,0.8121,0.8926,1.57,False,False,False,False,False,False,False
12,12_20251016_Terra_spont_2,test50,66476,1,8,4.48,0.0076,0.7962,0.8752,1.95,False,False,False,False,False,False,False
12,12_20251016_Terra_spont_2,test50,66622,1,8,6.97,0.0061,0.6978,0.8508,1.64,False,False,False,False,False,False,False
12,12_20251016_Terra_spont_2,test50,66769,1,8,4.93,0.005,0.8545,0.9252,1.07,False,False,False,False,False,False,False
12,12_20251016_Terra_spont_2,test50,66915,1,8,6.22,0.0067,0.7939,0.8893,1.13,False,False,False,False,False,False,False
12,12_20251016_Terra_spont_2,test50,67061,1,8,6.42,0.0087,0.7029,0.916,1.42,False,False,False,False,False,False,False
12,12_20251016_Terra_spont_2,test50,67208,1,8,7.64,0.0215,0.4963,0.7834,3.68,False,False,False,True,False,False,True
12,12_20251016_Terra_spont_2,test50,67354,1,8,8.67,0.0224,0.5859,0.7824,4.75,False,False,False,True,False,False,True
12,12_20251016_Terra_spont_2,test50,67501,1,8,8.57,0.0105,0.818,0.9085,2.84,False,False,False,False,False,False,False
12,12_20251016_Terra_spont_2,test50,67647,1,8,7.68,0.0168,0.465,0.8301,2.17,False,False,False,True,False,False,True
12,12_20251016_Terra_spont_2,test50,67793,1,8,5.97,0.0037,0.5156,0.8443,1.34,False,False,False,True,False,False,True
12,12_20251016_Terra_spont_2,test50,67940,1,8,6.45,0.016,0.7503,0.8887,1.26,False,False,False,False,False,False,False
12,12_20251016_Terra_spont_2,test50,68086,1,8,5.82,0.0156,0.785,0.8779,2.07,False,False,False,False,False,False,False
12,12_20251016_Terra_spont_2,test50,68233,1,8,5.72,0.0115,0.7496,0.9068,3.18,False,False,False,False,False,False,False
12,12_20251016_Terra_spont_2,test50,68379,1,8,5.99,0.017,0.6322,0.8391,3.24,False,False,False,False,False,False,False
12,12_20251016_Terra_spont_2,test50,68526,1,8,9.41,0.011,0.6879,0.8573,6.64,False,False,False,False,False,False,False
12,12_20251016_Terra_spont_2,test50,68672,1,8,6.12,0.0082,0.7185,0.9172,2.46,False,False,False,False,False,False,False
12,12_20251016_Terra_spont_2,test50,68818,1,8,6.19,0.0168,0.6934,0.9132,2.15,False,False,False,False,False,False,False
12,12_20251016_Terra_spont_2,test50,68965,1,8,5.24,0.0083,0.6551,0.8752,2.04,False,False,False,False,False,False,False
12,12_20251016_Terra_spont_2,test50,69111,1,8,4.57,0.0104,0.7409,0.899,1.6,False,False,False,False,False,False,False
12,12_20251016_Terra_spont_2,test50,69258,1,8,3.07,0.0108,0.8666,0.9303,1.07,False,False,False,False,False,False,False
12,12_20251016_Terra_spont_2,test50,69404,1,8,4.15,0.0098,0.7269,0.8992,1.56,False,False,False,False,False,False,False
12,12_20251016_Terra_spont_2,test50,69550,1,8,5.63,0.0052,0.6689,0.8338,1.98,False,False,False,False,False,False,False
12,12_20251016_Terra_spont_2,test50,69697,1,8,7.02,0.0341,0.6707,0.8562,2.75,False,False,True,False,False,False,True
12,12_20251016_Terra_spont_2,test50,69843,1,8,6.04,0.0201,0.6554,0.8738,4.38,False,False,False,False,False,False,False
12,12_20251016_Terra_spont_2,test50,69990,1,8,5.63,0.0041,0.7283,0.9169,1.17,False,False,False,False,False,False,False
12,12_20251016_Terra_spont_2,test50,70136,1,8,5.81,0.0165,0.7938,0.9056,1.74,False,False,False,False,False,False,False
12,12_20251016_Terra_spont_2,test50,70282,1,8,6.47,0.0069,0.7479,0.8688,1.22,False,False,False,False,False,False,False
12,12_20251016_Terra_spont_2,test50,70429,1,8,6.07,0.0106,0.7244,0.876,2.42,False,False,False,False,False,False,False
12,12_20251016_Terra_spont_2,test50,70575,1,8,6.87,0.0056,0.773,0.887,1.56,False,False,False,False,False,False,False
12,12_20251016_Terra_spont_2,test50,70722,1,8,4.71,0.0138,0.7629,0.8959,1.7,False,False,False,False,False,False,False
12,12_20251016_Terra_spont_2,test50,70868,1,8,4.78,0.0125,0.7878,0.891,1.22,False,False,False,False,False,False,False
12,12_20251016_Terra_spont_2,test50,71014,1,8,3.26,0.0068,0.7661,0.857,1.04,False,False,False,False,False,False,False
12,12_20251016_Terra_spont_2,test50,71161,1,8,5.45,0.0097,0.7508,0.875,1.8,False,False,False,False,False,False,False
12,12_20251016_Terra_spont_2,test50,71307,1,8,9.7,0.0085,0.7948,0.868,1.82,False,False,False,False,False,False,False
12,12_20251016_Terra_spont_2,test50,71454,1,8,5.08,0.0061,0.764,0.8484,1.37,False,False,False,False,False,False,False
12,12_20251016_Terra_spont_2,test50,71600,1,8,6.25,0.0218,0.4628,0.7899,3.93,False,False,False,True,False,False,True
12,12_20251016_Terra_spont_2,test50,71747,1,8,6.53,0.0053,0.7919,0.8685,1.58,False,False,False,False,False,False,False
12,12_20251016_Terra_spont_2,val20,57278,1,8,9.87,0.0294,0.821,0.9102,2.35,False,False,False,False,False,False,False
12,12_20251016_Terra_spont_2,val20,57655,1,8,5.08,0.0104,0.8255,0.9195,1.57,False,False,False,False,False,False,False
12,12_20251016_Terra_spont_2,val20,58033,1,8,6.8,0.01,0.739,0.8828,1.9,False,False,False,False,False,False,False
12,12_20251016_Terra_spont_2,val20,58410,1,8,6.88,0.0091,0.7471,0.8792,1.56,False,False,False,False,False,False,False
12,12_20251016_Terra_spont_2,val20,58788,1,8,4.36,0.0057,0.7296,0.8415,1.67,False,False,False,False,False,False,False
12,12_20251016_Terra_spont_2,val20,59165,1,8,10.29,0.003,0.8059,0.905,1.5,False,False,False,False,False,False,False
12,12_20251016_Terra_spont_2,val20,59543,1,8,8.23,0.0037,0.6559,0.8663,1.39,False,False,False,False,False,False,False
12,12_20251016_Terra_spont_2,val20,59921,1,8,5.87,0.0042,0.7371,0.8892,1.48,False,False,False,False,False,False,False
12,12_20251016_Terra_spont_2,val20,60298,1,8,13.48,0.0209,0.6834,0.8306,2.56,False,False,False,False,False,False,False
12,12_20251016_Terra_spont_2,val20,60676,1,8,11.85,0.0053,0.63,0.9016,1.48,False,False,False,False,False,False,False
12,12_20251016_Terra_spont_2,val20,61053,1,8,5.86,0.0061,0.762,0.9063,1.29,False,False,False,False,False,False,False
12,12_20251016_Terra_spont_2,val20,61431,1,8,4.15,0.0036,0.7869,0.9127,1.37,False,False,False,False,False,False,False
12,12_20251016_Terra_spont_2,val20,61808,1,8,9.03,0.0151,0.7537,0.8506,1.71,False,False,False,False,False,False,False
12,12_20251016_Terra_spont_2,val20,62186,1,7,13.04,0.3543,0.347,0.6966,14.45,False,False,True,True,False,False,True
12,12_20251016_Terra_spont_2,val20,62564,1,8,7.64,0.0119,0.4662,0.7558,2.34,False,False,False,True,False,False,True
12,12_20251016_Terra_spont_2,val20,62941,1,8,11.38,0.0683,0.4093,0.7823,3.9,False,False,True,True,False,False,True
12,12_20251016_Terra_spont_2,val20,63319,1,8,12.22,0.0201,0.5407,0.8339,2.06,False,False,False,True,False,False,True
12,12_20251016_Terra_spont_2,val20,63696,1,8,8.73,0.0136,0.6925,0.8579,2.72,False,False,False,False,False,False,False
12,12_20251016_Terra_spont_2,val20,64074,1,8,20.3,0.0251,0.6708,0.799,3.0,False,True,False,False,False,False,False
12,12_20251016_Terra_spont_2,val20,64452,1,8,5.27,0.0066,0.8049,0.9116,1.25,False,False,False,False,False,False,False
13,13_20251015_Terra_spont_1,test50,64573,1,8,7.87,0.0061,0.5378,0.8452,0.96,False,False,False,True,False,False,True
13,13_20251015_Terra_spont_1,test50,64719,1,8,5.32,0.0201,0.486,0.8049,1.48,False,False,False,True,False,False,True
13,13_20251015_Terra_spont_1,test50,64865,1,8,6.36,0.0115,0.5974,0.8384,1.62,False,False,False,True,False,False,True
13,13_20251015_Terra_spont_1,test50,65012,1,8,6.71,0.0128,0.4954,0.8786,2.33,False,False,False,True,False,False,True
13,13_20251015_Terra_spont_1,test50,65158,1,8,10.57,0.006,0.4297,0.8403,1.85,False,False,False,True,False,False,True
13,13_20251015_Terra_spont_1,test50,65305,1,8,7.05,0.0259,0.5323,0.8645,2.05,False,False,False,True,False,False,True
13,13_20251015_Terra_spont_1,test50,65451,1,8,12.28,0.0175,0.4774,0.8143,3.75,False,False,False,True,False,False,True
13,13_20251015_Terra_spont_1,test50,65597,1,8,13.32,0.0117,0.4218,0.7304,3.7,False,False,False,True,False,False,True
13,13_20251015_Terra_spont_1,test50,65744,1,8,7.63,0.0084,0.5985,0.8281,1.95,False,False,False,True,False,False,True
13,13_20251015_Terra_spont_1,test50,65890,1,8,14.81,0.0066,0.5466,0.8444,1.37,False,False,False,True,False,False,True
13,13_20251015_Terra_spont_1,test50,66037,1,8,7.41,0.0305,0.5076,0.8318,3.02,False,False,True,True,False,False,True
13,13_20251015_Terra_spont_1,test50,66183,1,8,9.78,0.0173,0.5397,0.8354,1.05,False,False,False,True,False,False,True
13,13_20251015_Terra_spont_1,test50,66329,1,8,7.7,0.0081,0.3535,0.835,1.47,False,False,False,True,False,False,True
13,13_20251015_Terra_spont_1,test50,66476,1,8,10.09,0.0084,0.5793,0.8282,1.8,False,False,False,True,False,False,True
13,13_20251015_Terra_spont_1,test50,66622,1,8,28.03,0.1209,0.3664,0.7901,8.02,False,True,True,True,False,False,True
13,13_20251015_Terra_spont_1,test50,66769,1,8,9.4,0.0107,0.6243,0.8519,1.66,False,False,False,False,False,False,False
13,13_20251015_Terra_spont_1,test50,66915,1,8,9.17,0.0126,0.3324,0.8209,1.98,False,False,False,True,False,False,True
13,13_20251015_Terra_spont_1,test50,67061,1,8,8.82,0.0103,0.4714,0.8145,1.78,False,False,False,True,False,False,True
13,13_20251015_Terra_spont_1,test50,67208,1,8,8.61,0.0085,0.583,0.8172,1.59,False,False,False,True,False,False,True
13,13_20251015_Terra_spont_1,test50,67354,1,8,9.34,0.0126,0.496,0.8312,2.91,False,False,False,True,False,False,True
13,13_20251015_Terra_spont_1,test50,67501,1,8,8.76,0.0085,0.5818,0.8052,2.83,False,False,False,True,False,False,True
13,13_20251015_Terra_spont_1,test50,67647,1,8,9.23,0.0219,0.5639,0.8257,2.02,False,False,False,True,False,False,True
13,13_20251015_Terra_spont_1,test50,67793,1,8,6.54,0.0619,0.3099,0.7794,3.22,False,False,True,True,False,False,True
13,13_20251015_Terra_spont_1,test50,67940,1,8,27.1,0.157,0.3833,0.6707,10.52,False,True,True,True,False,True,True
13,13_20251015_Terra_spont_1,test50,68086,1,8,8.65,0.0241,0.3765,0.7184,5.38,False,False,False,True,False,False,True
13,13_20251015_Terra_spont_1,test50,68233,1,8,10.86,0.0118,0.3696,0.776,2.34,False,False,False,True,False,False,True
13,13_20251015_Terra_spont_1,test50,68379,1,8,9.74,0.0171,0.4652,0.7657,2.29,False,False,False,True,False,False,True
13,13_20251015_Terra_spont_1,test50,68526,1,8,7.97,0.0067,0.4059,0.7834,1.32,False,False,False,True,False,False,True
13,13_20251015_Terra_spont_1,test50,68672,1,8,7.39,0.0155,0.4857,0.7658,3.41,False,False,False,True,False,False,True
13,13_20251015_Terra_spont_1,test50,68818,1,8,8.39,0.0108,0.5559,0.8156,1.68,False,False,False,True,False,False,True
13,13_20251015_Terra_spont_1,test50,68965,1,8,11.46,0.01,0.3632,0.8089,2.95,False,False,False,True,False,False,True
13,13_20251015_Terra_spont_1,test50,69111,1,8,8.42,0.0172,0.335,0.8325,1.76,False,False,False,True,False,False,True
13,13_20251015_Terra_spont_1,test50,69258,1,8,10.17,0.0048,0.5197,0.8437,1.75,False,False,False,True,False,False,True
13,13_20251015_Terra_spont_1,test50,69404,1,8,32.42,0.0105,0.6116,0.844,2.9,False,True,False,False,False,False,False
13,13_20251015_Terra_spont_1,test50,69550,1,8,31.63,0.0059,0.5553,0.8193,2.09,False,True,False,True,False,False,True
13,13_20251015_Terra_spont_1,test50,69697,1,8,29.45,0.0041,0.5491,0.7848,1.95,False,True,False,True,False,False,True
13,13_20251015_Terra_spont_1,test50,69843,1,8,12.5,0.0082,0.5993,0.8668,2.24,False,False,False,True,False,False,True
13,13_20251015_Terra_spont_1,test50,69990,1,8,10.35,0.012,0.4697,0.786,2.68,False,False,False,True,False,False,True
13,13_20251015_Terra_spont_1,test50,70136,1,8,8.39,0.0304,0.4378,0.7886,3.79,False,False,True,True,False,False,True
13,13_20251015_Terra_spont_1,test50,70282,1,8,12.9,0.0081,0.3724,0.7744,3.21,False,False,False,True,False,False,True
13,13_20251015_Terra_spont_1,test50,70429,1,8,9.46,0.022,0.5942,0.7514,3.49,False,False,False,True,False,False,True
13,13_20251015_Terra_spont_1,test50,70575,1,8,8.79,0.0094,0.5366,0.8373,2.03,False,False,False,True,False,False,True
13,13_20251015_Terra_spont_1,test50,70722,1,8,7.96,0.0101,0.2791,0.7411,2.36,False,False,False,True,False,False,True
13,13_20251015_Terra_spont_1,test50,70868,1,8,14.24,0.0047,0.4028,0.7757,3.31,False,False,False,True,False,False,True
13,13_20251015_Terra_spont_1,test50,71014,1,8,10.35,0.0102,0.5291,0.819,1.19,False,False,False,True,False,False,True
13,13_20251015_Terra_spont_1,test50,71161,1,8,9.9,0.008,0.5828,0.8037,1.77,False,False,False,True,False,False,True
13,13_20251015_Terra_spont_1,test50,71307,1,8,12.3,0.0086,0.5339,0.7799,1.66,False,False,False,True,False,False,True
13,13_20251015_Terra_spont_1,test50,71454,1,8,11.7,0.008,0.435,0.7935,1.61,False,False,False,True,False,False,True
13,13_20251015_Terra_spont_1,test50,71600,1,8,8.73,0.0044,0.3598,0.8374,1.41,False,False,False,True,False,False,True
13,13_20251015_Terra_spont_1,test50,71747,1,8,13.26,0.0091,0.4236,0.8755,3.16,False,False,False,True,False,False,True
13,13_20251015_Terra_spont_1,val20,57278,1,8,4.29,0.0283,0.4654,0.8392,3.24,False,False,False,True,False,False,True
13,13_20251015_Terra_spont_1,val20,57655,1,8,10.0,0.0121,0.5369,0.7674,2.85,False,False,False,True,False,False,True
13,13_20251015_Terra_spont_1,val20,58033,1,8,12.66,0.0756,0.3601,0.7999,4.26,False,False,True,True,False,False,True
13,13_20251015_Terra_spont_1,val20,58410,1,8,10.56,0.0107,0.4176,0.8137,1.95,False,False,False,True,False,False,True
13,13_20251015_Terra_spont_1,val20,58788,1,8,8.99,0.0043,0.5456,0.8521,0.74,False,False,False,True,False,False,True
13,13_20251015_Terra_spont_1,val20,59165,1,8,12.59,0.0044,0.6037,0.8235,1.47,False,False,False,False,False,False,False
13,13_20251015_Terra_spont_1,val20,59543,1,8,10.39,0.0078,0.4809,0.8186,2.17,False,False,False,True,False,False,True
13,13_20251015_Terra_spont_1,val20,59921,1,8,5.4,0.0196,0.4835,0.8339,2.85,False,False,False,True,False,False,True
13,13_20251015_Terra_spont_1,val20,60298,1,8,9.49,0.0047,0.5931,0.8503,1.15,False,False,False,True,False,False,True
13,13_20251015_Terra_spont_1,val20,60676,1,8,7.44,0.0162,0.5888,0.8771,2.33,False,False,False,True,False,False,True
13,13_20251015_Terra_spont_1,val20,61053,1,8,8.17,0.0054,0.3542,0.8463,2.63,False,False,False,True,False,False,True
13,13_20251015_Terra_spont_1,val20,61431,1,8,5.55,0.0232,0.3355,0.8444,1.56,False,False,False,True,False,False,True
13,13_20251015_Terra_spont_1,val20,61808,1,8,8.23,0.0245,0.277,0.7885,3.91,False,False,False,True,False,False,True
13,13_20251015_Terra_spont_1,val20,62186,1,8,14.76,0.0091,0.4863,0.8196,3.33,False,False,False,True,False,False,True
13,13_20251015_Terra_spont_1,val20,62564,1,8,11.99,0.0173,0.5125,0.7993,1.94,False,False,False,True,False,False,True
13,13_20251015_Terra_spont_1,val20,62941,1,8,7.82,0.0073,0.4941,0.8398,1.35,False,False,False,True,False,False,True
13,13_20251015_Terra_spont_1,val20,63319,1,8,12.95,0.003,0.5866,0.885,1.51,False,False,False,True,False,False,True
13,13_20251015_Terra_spont_1,val20,63696,1,8,7.42,0.0078,0.4275,0.827,2.17,False,False,False,True,False,False,True
13,13_20251015_Terra_spont_1,val20,64074,1,8,12.23,0.0245,0.4131,0.811,2.66,False,False,False,True,False,False,True
13,13_20251015_Terra_spont_1,val20,64452,1,8,8.89,0.0198,0.3812,0.7908,1.53,False,False,False,True,False,False,True
